
Running 207 tests using 3 workers

node.exe : (node:5996) Warning: The 'NO_COLOR' env is ignored due to the 'FORCE_COLOR' env being set.
At line:1 char:1
+ & "C:\Program Files\nodejs/node.exe" "C:\Program Files\nodejs/node_mo ...
+ ~~~~~~~~~~~~~~~~~~~~~~~~~~~~~~~~~~~~~~~~~~~~~~~~~~~~~~~~~~~~~~~~~~~~~
    + CategoryInfo          : NotSpecified: ((node:5996) War... env being set.:String) [], RemoteException
    + FullyQualifiedErrorId : NativeCommandError
 
(Use `node --trace-warnings ...` to show where the warning was created)
(node:22176) Warning: The 'NO_COLOR' env is ignored due to the 'FORCE_COLOR' env being set.
(Use `node --trace-warnings ...` to show where the warning was created)
(node:23228) Warning: The 'NO_COLOR' env is ignored due to the 'FORCE_COLOR' env being set.
(Use `node --trace-warnings ...` to show where the warning was created)
  ok   2 [chromium] ΓÇ║ e2e\responsive.spec.mjs:19:5 ΓÇ║ admin routes x viewports ΓÇ║ /admin/audit (10.7s)
  ok   1 [chromium] ΓÇ║ e2e\responsive.spec.mjs:19:5 ΓÇ║ admin routes x viewports ΓÇ║ /admin/account (12.9s)
  ok   4 [chromium] ΓÇ║ e2e\responsive.spec.mjs:19:5 ΓÇ║ admin routes x viewports ΓÇ║ /admin/b2b/alerts (7.7s)
  x    3 [chromium] ΓÇ║ e2e\responsive.spec.mjs:19:5 ΓÇ║ admin routes x viewports ΓÇ║ /admin/b2b (49.9s)
  x    6 [chromium] ΓÇ║ e2e\responsive.spec.mjs:19:5 ΓÇ║ admin routes x viewports ΓÇ║ /admin/b2b/buyers (31.9s)
  x    5 [chromium] ΓÇ║ e2e\responsive.spec.mjs:19:5 ΓÇ║ admin routes x viewports ΓÇ║ /admin/b2b/approvals (37.5s)
(node:15492) Warning: The 'NO_COLOR' env is ignored due to the 'FORCE_COLOR' env being set.
(Use `node --trace-warnings ...` to show where the warning was created)
(node:15960) Warning: The 'NO_COLOR' env is ignored due to the 'FORCE_COLOR' env being set.
(Use `node --trace-warnings ...` to show where the warning was created)
(node:12172) Warning: The 'NO_COLOR' env is ignored due to the 'FORCE_COLOR' env being set.
(Use `node --trace-warnings ...` to show where the warning was created)
  x    7 [chromium] ΓÇ║ e2e\responsive.spec.mjs:19:5 ΓÇ║ admin routes x viewports ΓÇ║ /admin/b2b/catalog (1.3s)
  x    8 [chromium] ΓÇ║ e2e\responsive.spec.mjs:19:5 ΓÇ║ admin routes x viewports ΓÇ║ /admin/b2b/claims (1.5s)
  x    9 [chromium] ΓÇ║ e2e\responsive.spec.mjs:19:5 ΓÇ║ admin routes x viewports ΓÇ║ /admin/b2b/catalog/generate (1.3s)
(node:19936) Warning: The 'NO_COLOR' env is ignored due to the 'FORCE_COLOR' env being set.
(Use `node --trace-warnings ...` to show where the warning was created)
(node:27996) Warning: The 'NO_COLOR' env is ignored due to the 'FORCE_COLOR' env being set.
(Use `node --trace-warnings ...` to show where the warning was created)
(node:28372) Warning: The 'NO_COLOR' env is ignored due to the 'FORCE_COLOR' env being set.
(Use `node --trace-warnings ...` to show where the warning was created)
  x   10 [chromium] ΓÇ║ e2e\responsive.spec.mjs:19:5 ΓÇ║ admin routes x viewports ΓÇ║ /admin/b2b/logistics (970ms)
  x   11 [chromium] ΓÇ║ e2e\responsive.spec.mjs:19:5 ΓÇ║ admin routes x viewports ΓÇ║ /admin/b2b/ops-queue (878ms)
  x   12 [chromium] ΓÇ║ e2e\responsive.spec.mjs:19:5 ΓÇ║ admin routes x viewports ΓÇ║ /admin/b2b/orders (852ms)
(node:9936) Warning: The 'NO_COLOR' env is ignored due to the 'FORCE_COLOR' env being set.
(Use `node --trace-warnings ...` to show where the warning was created)
(node:23500) Warning: The 'NO_COLOR' env is ignored due to the 'FORCE_COLOR' env being set.
(Use `node --trace-warnings ...` to show where the warning was created)
(node:25020) Warning: The 'NO_COLOR' env is ignored due to the 'FORCE_COLOR' env being set.
(Use `node --trace-warnings ...` to show where the warning was created)
  x   13 [chromium] ΓÇ║ e2e\responsive.spec.mjs:19:5 ΓÇ║ admin routes x viewports ΓÇ║ /admin/b2b/payments (1.1s)
  x   14 [chromium] ΓÇ║ e2e\responsive.spec.mjs:19:5 ΓÇ║ admin routes x viewports ΓÇ║ /admin/b2b/quotations (1.0s)
(node:26524) Warning: The 'NO_COLOR' env is ignored due to the 'FORCE_COLOR' env being set.
(Use `node --trace-warnings ...` to show where the warning was created)
(node:11056) Warning: The 'NO_COLOR' env is ignored due to the 'FORCE_COLOR' env being set.
(Use `node --trace-warnings ...` to show where the warning was created)
  x   15 [chromium] ΓÇ║ e2e\responsive.spec.mjs:19:5 ΓÇ║ admin routes x viewports ΓÇ║ /admin/b2b/quotations/new (1.0s)
(node:16944) Warning: The 'NO_COLOR' env is ignored due to the 'FORCE_COLOR' env being set.
(Use `node --trace-warnings ...` to show where the warning was created)
  x   17 [chromium] ΓÇ║ e2e\responsive.spec.mjs:19:5 ΓÇ║ admin routes x viewports ΓÇ║ /admin/b2b/rfqs (1.4s)
  x   16 [chromium] ΓÇ║ e2e\responsive.spec.mjs:19:5 ΓÇ║ admin routes x viewports ΓÇ║ /admin/b2b/reports (1.4s)
  x   18 [chromium] ΓÇ║ e2e\responsive.spec.mjs:19:5 ΓÇ║ admin routes x viewports ΓÇ║ /admin/b2b/settlements (896ms)
(node:18756) Warning: The 'NO_COLOR' env is ignored due to the 'FORCE_COLOR' env being set.
(Use `node --trace-warnings ...` to show where the warning was created)
(node:28756) Warning: The 'NO_COLOR' env is ignored due to the 'FORCE_COLOR' env being set.
(Use `node --trace-warnings ...` to show where the warning was created)
(node:11696) Warning: The 'NO_COLOR' env is ignored due to the 'FORCE_COLOR' env being set.
(Use `node --trace-warnings ...` to show where the warning was created)
  x   21 [chromium] ΓÇ║ e2e\responsive.spec.mjs:19:5 ΓÇ║ admin routes x viewports ΓÇ║ /admin/bulk-orders/new (1.8s)
  x   20 [chromium] ΓÇ║ e2e\responsive.spec.mjs:19:5 ΓÇ║ admin routes x viewports ΓÇ║ /admin/bulk-orders/dashboard (1.6s)
  x   19 [chromium] ΓÇ║ e2e\responsive.spec.mjs:19:5 ΓÇ║ admin routes x viewports ΓÇ║ /admin/bulk-orders (3.0s)
(node:19748) Warning: The 'NO_COLOR' env is ignored due to the 'FORCE_COLOR' env being set.
(Use `node --trace-warnings ...` to show where the warning was created)
(node:17996) Warning: The 'NO_COLOR' env is ignored due to the 'FORCE_COLOR' env being set.
(Use `node --trace-warnings ...` to show where the warning was created)
(node:26612) Warning: The 'NO_COLOR' env is ignored due to the 'FORCE_COLOR' env being set.
(Use `node --trace-warnings ...` to show where the warning was created)
  x   22 [chromium] ΓÇ║ e2e\responsive.spec.mjs:19:5 ΓÇ║ admin routes x viewports ΓÇ║ /admin/bulk-orders/products (3.1s)
  x   23 [chromium] ΓÇ║ e2e\responsive.spec.mjs:19:5 ΓÇ║ admin routes x viewports ΓÇ║ /admin/bulk-orders/orders (3.0s)
  x   24 [chromium] ΓÇ║ e2e\responsive.spec.mjs:19:5 ΓÇ║ admin routes x viewports ΓÇ║ /admin/bulk-orders/quotations (2.6s)
(node:16524) Warning: The 'NO_COLOR' env is ignored due to the 'FORCE_COLOR' env being set.
(Use `node --trace-warnings ...` to show where the warning was created)
(node:1508) Warning: The 'NO_COLOR' env is ignored due to the 'FORCE_COLOR' env being set.
(Use `node --trace-warnings ...` to show where the warning was created)
(node:18492) Warning: The 'NO_COLOR' env is ignored due to the 'FORCE_COLOR' env being set.
(Use `node --trace-warnings ...` to show where the warning was created)
  x   25 [chromium] ΓÇ║ e2e\responsive.spec.mjs:19:5 ΓÇ║ admin routes x viewports ΓÇ║ /admin/bulk-orders/shipments (1.3s)
  x   26 [chromium] ΓÇ║ e2e\responsive.spec.mjs:19:5 ΓÇ║ admin routes x viewports ΓÇ║ /admin/catalog/attribute-sets/pending (1.2s)
  x   27 [chromium] ΓÇ║ e2e\responsive.spec.mjs:19:5 ΓÇ║ admin routes x viewports ΓÇ║ /admin/bulk-orders/warehouses (1.3s)
(node:27244) Warning: The 'NO_COLOR' env is ignored due to the 'FORCE_COLOR' env being set.
(Use `node --trace-warnings ...` to show where the warning was created)
(node:14136) Warning: The 'NO_COLOR' env is ignored due to the 'FORCE_COLOR' env being set.
(Use `node --trace-warnings ...` to show where the warning was created)
(node:9224) Warning: The 'NO_COLOR' env is ignored due to the 'FORCE_COLOR' env being set.
(Use `node --trace-warnings ...` to show where the warning was created)
  x   30 [chromium] ΓÇ║ e2e\responsive.spec.mjs:19:5 ΓÇ║ admin routes x viewports ΓÇ║ /admin/catalog/attributes/pending (3.6s)
  x   29 [chromium] ΓÇ║ e2e\responsive.spec.mjs:19:5 ΓÇ║ admin routes x viewports ΓÇ║ /admin/catalog/attributes (3.8s)
  x   28 [chromium] ΓÇ║ e2e\responsive.spec.mjs:19:5 ΓÇ║ admin routes x viewports ΓÇ║ /admin/catalog/attribute-values (3.5s)
(node:26212) Warning: The 'NO_COLOR' env is ignored due to the 'FORCE_COLOR' env being set.
(Use `node --trace-warnings ...` to show where the warning was created)
(node:19188) Warning: The 'NO_COLOR' env is ignored due to the 'FORCE_COLOR' env being set.
(Use `node --trace-warnings ...` to show where the warning was created)
(node:20620) Warning: The 'NO_COLOR' env is ignored due to the 'FORCE_COLOR' env being set.
(Use `node --trace-warnings ...` to show where the warning was created)
  x   32 [chromium] ΓÇ║ e2e\responsive.spec.mjs:19:5 ΓÇ║ admin routes x viewports ΓÇ║ /admin/catalog/brands (3.5s)
  x   31 [chromium] ΓÇ║ e2e\responsive.spec.mjs:19:5 ΓÇ║ admin routes x viewports ΓÇ║ /admin/catalog/categories (4.3s)
(node:10236) Warning: The 'NO_COLOR' env is ignored due to the 'FORCE_COLOR' env being set.
(Use `node --trace-warnings ...` to show where the warning was created)
(node:22492) Warning: The 'NO_COLOR' env is ignored due to the 'FORCE_COLOR' env being set.
(Use `node --trace-warnings ...` to show where the warning was created)
  x   33 [chromium] ΓÇ║ e2e\responsive.spec.mjs:19:5 ΓÇ║ admin routes x viewports ΓÇ║ /admin/catalog/brands/pending (5.5s)
(node:19624) Warning: The 'NO_COLOR' env is ignored due to the 'FORCE_COLOR' env being set.
(Use `node --trace-warnings ...` to show where the warning was created)
  x   34 [chromium] ΓÇ║ e2e\responsive.spec.mjs:19:5 ΓÇ║ admin routes x viewports ΓÇ║ /admin/catalog/categories/timeline (1.6s)
  x   35 [chromium] ΓÇ║ e2e\responsive.spec.mjs:19:5 ΓÇ║ admin routes x viewports ΓÇ║ /admin/catalog/categories/pending (1.1s)
(node:4736) Warning: The 'NO_COLOR' env is ignored due to the 'FORCE_COLOR' env being set.
(Use `node --trace-warnings ...` to show where the warning was created)
(node:2756) Warning: The 'NO_COLOR' env is ignored due to the 'FORCE_COLOR' env being set.
(Use `node --trace-warnings ...` to show where the warning was created)
  x   36 [chromium] ΓÇ║ e2e\responsive.spec.mjs:19:5 ΓÇ║ admin routes x viewports ΓÇ║ /admin/catalog/category-commission (1.3s)
(node:1052) Warning: The 'NO_COLOR' env is ignored due to the 'FORCE_COLOR' env being set.
(Use `node --trace-warnings ...` to show where the warning was created)
  x   38 [chromium] ΓÇ║ e2e\responsive.spec.mjs:19:5 ΓÇ║ admin routes x viewports ΓÇ║ /admin/catalog/feature-categories (1.9s)
  x   37 [chromium] ΓÇ║ e2e\responsive.spec.mjs:19:5 ΓÇ║ admin routes x viewports ΓÇ║ /admin/catalog/crop-menu (1.7s)
(node:26384) Warning: The 'NO_COLOR' env is ignored due to the 'FORCE_COLOR' env being set.
(Use `node --trace-warnings ...` to show where the warning was created)
(node:18196) Warning: The 'NO_COLOR' env is ignored due to the 'FORCE_COLOR' env being set.
(Use `node --trace-warnings ...` to show where the warning was created)
  x   39 [chromium] ΓÇ║ e2e\responsive.spec.mjs:19:5 ΓÇ║ admin routes x viewports ΓÇ║ /admin/catalog/hsn-codes (4.1s)
(node:16148) Warning: The 'NO_COLOR' env is ignored due to the 'FORCE_COLOR' env being set.
(Use `node --trace-warnings ...` to show where the warning was created)
  x   40 [chromium] ΓÇ║ e2e\responsive.spec.mjs:19:5 ΓÇ║ admin routes x viewports ΓÇ║ /admin/catalog/return-policies (2.2s)
  x   41 [chromium] ΓÇ║ e2e\responsive.spec.mjs:19:5 ΓÇ║ admin routes x viewports ΓÇ║ /admin/catalog/return-policies/pending (1.9s)
(node:28744) Warning: The 'NO_COLOR' env is ignored due to the 'FORCE_COLOR' env being set.
(Use `node --trace-warnings ...` to show where the warning was created)
(node:18508) Warning: The 'NO_COLOR' env is ignored due to the 'FORCE_COLOR' env being set.
(Use `node --trace-warnings ...` to show where the warning was created)
  x   42 [chromium] ΓÇ║ e2e\responsive.spec.mjs:19:5 ΓÇ║ admin routes x viewports ΓÇ║ /admin/catalog/tax-classes (1.5s)
(node:20724) Warning: The 'NO_COLOR' env is ignored due to the 'FORCE_COLOR' env being set.
(Use `node --trace-warnings ...` to show where the warning was created)
  x   43 [chromium] ΓÇ║ e2e\responsive.spec.mjs:19:5 ΓÇ║ admin routes x viewports ΓÇ║ /admin/catalog/tax-classes/pending (3.1s)
  x   44 [chromium] ΓÇ║ e2e\responsive.spec.mjs:19:5 ΓÇ║ admin routes x viewports ΓÇ║ /admin/ceo-matrix (3.4s)
(node:10260) Warning: The 'NO_COLOR' env is ignored due to the 'FORCE_COLOR' env being set.
(Use `node --trace-warnings ...` to show where the warning was created)
  x   45 [chromium] ΓÇ║ e2e\responsive.spec.mjs:19:5 ΓÇ║ admin routes x viewports ΓÇ║ /admin/cms/banners (1.2s)
(node:16084) Warning: The 'NO_COLOR' env is ignored due to the 'FORCE_COLOR' env being set.
(Use `node --trace-warnings ...` to show where the warning was created)
(node:9548) Warning: The 'NO_COLOR' env is ignored due to the 'FORCE_COLOR' env being set.
(Use `node --trace-warnings ...` to show where the warning was created)
  x   46 [chromium] ΓÇ║ e2e\responsive.spec.mjs:19:5 ΓÇ║ admin routes x viewports ΓÇ║ /admin/cms/blogs (1.5s)
  x   47 [chromium] ΓÇ║ e2e\responsive.spec.mjs:19:5 ΓÇ║ admin routes x viewports ΓÇ║ /admin/cms/events (1.5s)
  x   48 [chromium] ΓÇ║ e2e\responsive.spec.mjs:19:5 ΓÇ║ admin routes x viewports ΓÇ║ /admin/cms/faqs (1.1s)
(node:10284) Warning: The 'NO_COLOR' env is ignored due to the 'FORCE_COLOR' env being set.
(Use `node --trace-warnings ...` to show where the warning was created)
(node:9280) Warning: The 'NO_COLOR' env is ignored due to the 'FORCE_COLOR' env being set.
(Use `node --trace-warnings ...` to show where the warning was created)
(node:28372) Warning: The 'NO_COLOR' env is ignored due to the 'FORCE_COLOR' env being set.
(Use `node --trace-warnings ...` to show where the warning was created)
  x   50 [chromium] ΓÇ║ e2e\responsive.spec.mjs:19:5 ΓÇ║ admin routes x viewports ΓÇ║ /admin/cms/home-sections (2.1s)
  x   49 [chromium] ΓÇ║ e2e\responsive.spec.mjs:19:5 ΓÇ║ admin routes x viewports ΓÇ║ /admin/cms/footer (1.7s)
  x   51 [chromium] ΓÇ║ e2e\responsive.spec.mjs:19:5 ΓÇ║ admin routes x viewports ΓÇ║ /admin/cms/notifications (1.7s)
(node:18380) Warning: The 'NO_COLOR' env is ignored due to the 'FORCE_COLOR' env being set.
(Use `node --trace-warnings ...` to show where the warning was created)
(node:14736) Warning: The 'NO_COLOR' env is ignored due to the 'FORCE_COLOR' env being set.
(Use `node --trace-warnings ...` to show where the warning was created)
(node:12708) Warning: The 'NO_COLOR' env is ignored due to the 'FORCE_COLOR' env being set.
(Use `node --trace-warnings ...` to show where the warning was created)
  x   53 [chromium] ΓÇ║ e2e\responsive.spec.mjs:19:5 ΓÇ║ admin routes x viewports ΓÇ║ /admin/cms/pages (2.1s)
  x   52 [chromium] ΓÇ║ e2e\responsive.spec.mjs:19:5 ΓÇ║ admin routes x viewports ΓÇ║ /admin/cms/seo (3.3s)
(node:26476) Warning: The 'NO_COLOR' env is ignored due to the 'FORCE_COLOR' env being set.
(Use `node --trace-warnings ...` to show where the warning was created)
(node:6944) Warning: The 'NO_COLOR' env is ignored due to the 'FORCE_COLOR' env being set.
(Use `node --trace-warnings ...` to show where the warning was created)
  x   54 [chromium] ΓÇ║ e2e\responsive.spec.mjs:19:5 ΓÇ║ admin routes x viewports ΓÇ║ /admin/crm (2.0s)
(node:10908) Warning: The 'NO_COLOR' env is ignored due to the 'FORCE_COLOR' env being set.
(Use `node --trace-warnings ...` to show where the warning was created)
  x   56 [chromium] ΓÇ║ e2e\responsive.spec.mjs:19:5 ΓÇ║ admin routes x viewports ΓÇ║ /admin/crm/agent-leads (1.2s)
  x   55 [chromium] ΓÇ║ e2e\responsive.spec.mjs:19:5 ΓÇ║ admin routes x viewports ΓÇ║ /admin/crm/add-lead (1.4s)
(node:972) Warning: The 'NO_COLOR' env is ignored due to the 'FORCE_COLOR' env being set.
(Use `node --trace-warnings ...` to show where the warning was created)
(node:4772) Warning: The 'NO_COLOR' env is ignored due to the 'FORCE_COLOR' env being set.
(Use `node --trace-warnings ...` to show where the warning was created)
  x   57 [chromium] ΓÇ║ e2e\responsive.spec.mjs:19:5 ΓÇ║ admin routes x viewports ΓÇ║ /admin/crm/ai-calls (1.9s)
  x   58 [chromium] ΓÇ║ e2e\responsive.spec.mjs:19:5 ΓÇ║ admin routes x viewports ΓÇ║ /admin/crm/call-audit (1.3s)
(node:2216) Warning: The 'NO_COLOR' env is ignored due to the 'FORCE_COLOR' env being set.
(Use `node --trace-warnings ...` to show where the warning was created)
  x   59 [chromium] ΓÇ║ e2e\responsive.spec.mjs:19:5 ΓÇ║ admin routes x viewports ΓÇ║ /admin/crm/circles (1.5s)
(node:19812) Warning: The 'NO_COLOR' env is ignored due to the 'FORCE_COLOR' env being set.
(Use `node --trace-warnings ...` to show where the warning was created)
(node:8388) Warning: The 'NO_COLOR' env is ignored due to the 'FORCE_COLOR' env being set.
(Use `node --trace-warnings ...` to show where the warning was created)
  x   61 [chromium] ΓÇ║ e2e\responsive.spec.mjs:19:5 ΓÇ║ admin routes x viewports ΓÇ║ /admin/crm/customer-tracking (3.2s)
  x   60 [chromium] ΓÇ║ e2e\responsive.spec.mjs:19:5 ΓÇ║ admin routes x viewports ΓÇ║ /admin/crm/convert (1.7s)
  x   62 [chromium] ΓÇ║ e2e\responsive.spec.mjs:19:5 ΓÇ║ admin routes x viewports ΓÇ║ /admin/crm/dead (3.3s)
(node:13228) Warning: The 'NO_COLOR' env is ignored due to the 'FORCE_COLOR' env being set.
(Use `node --trace-warnings ...` to show where the warning was created)
(node:13468) Warning: The 'NO_COLOR' env is ignored due to the 'FORCE_COLOR' env being set.
(Use `node --trace-warnings ...` to show where the warning was created)
(node:3760) Warning: The 'NO_COLOR' env is ignored due to the 'FORCE_COLOR' env being set.
(Use `node --trace-warnings ...` to show where the warning was created)
  x   63 [chromium] ΓÇ║ e2e\responsive.spec.mjs:19:5 ΓÇ║ admin routes x viewports ΓÇ║ /admin/crm/leads (4.2s)
  x   64 [chromium] ΓÇ║ e2e\responsive.spec.mjs:19:5 ΓÇ║ admin routes x viewports ΓÇ║ /admin/crm/follow-ups (4.2s)
  x   65 [chromium] ΓÇ║ e2e\responsive.spec.mjs:19:5 ΓÇ║ admin routes x viewports ΓÇ║ /admin/crm/legacy-leads (3.7s)
(node:18232) Warning: The 'NO_COLOR' env is ignored due to the 'FORCE_COLOR' env being set.
(Use `node --trace-warnings ...` to show where the warning was created)
(node:26768) Warning: The 'NO_COLOR' env is ignored due to the 'FORCE_COLOR' env being set.
(Use `node --trace-warnings ...` to show where the warning was created)
(node:15056) Warning: The 'NO_COLOR' env is ignored due to the 'FORCE_COLOR' env being set.
(Use `node --trace-warnings ...` to show where the warning was created)
  x   67 [chromium] ΓÇ║ e2e\responsive.spec.mjs:19:5 ΓÇ║ admin routes x viewports ΓÇ║ /admin/crm/requested (1.5s)
  x   66 [chromium] ΓÇ║ e2e\responsive.spec.mjs:19:5 ΓÇ║ admin routes x viewports ΓÇ║ /admin/crm/unassigned (1.4s)
  x   68 [chromium] ΓÇ║ e2e\responsive.spec.mjs:19:5 ΓÇ║ admin routes x viewports ΓÇ║ /admin/crm/whatsapp (1.6s)
(node:6700) Warning: The 'NO_COLOR' env is ignored due to the 'FORCE_COLOR' env being set.
(Use `node --trace-warnings ...` to show where the warning was created)
(node:19964) Warning: The 'NO_COLOR' env is ignored due to the 'FORCE_COLOR' env being set.
(Use `node --trace-warnings ...` to show where the warning was created)
(node:25876) Warning: The 'NO_COLOR' env is ignored due to the 'FORCE_COLOR' env being set.
(Use `node --trace-warnings ...` to show where the warning was created)
  x   69 [chromium] ΓÇ║ e2e\responsive.spec.mjs:19:5 ΓÇ║ admin routes x viewports ΓÇ║ /admin/customers (2.3s)
  x   70 [chromium] ΓÇ║ e2e\responsive.spec.mjs:19:5 ΓÇ║ admin routes x viewports ΓÇ║ /admin/customers/reviews (1.8s)
(node:13664) Warning: The 'NO_COLOR' env is ignored due to the 'FORCE_COLOR' env being set.
(Use `node --trace-warnings ...` to show where the warning was created)
(node:8392) Warning: The 'NO_COLOR' env is ignored due to the 'FORCE_COLOR' env being set.
(Use `node --trace-warnings ...` to show where the warning was created)
  x   71 [chromium] ΓÇ║ e2e\responsive.spec.mjs:19:5 ΓÇ║ admin routes x viewports ΓÇ║ /admin/customers/coupons (1.6s)
(node:7372) Warning: The 'NO_COLOR' env is ignored due to the 'FORCE_COLOR' env being set.
(Use `node --trace-warnings ...` to show where the warning was created)
  x   73 [chromium] ΓÇ║ e2e\responsive.spec.mjs:19:5 ΓÇ║ admin routes x viewports ΓÇ║ /admin/dashboard (5.5s)
  x   72 [chromium] ΓÇ║ e2e\responsive.spec.mjs:19:5 ΓÇ║ admin routes x viewports ΓÇ║ /admin/customers/reviews/pending (5.5s)
  x   74 [chromium] ΓÇ║ e2e\responsive.spec.mjs:19:5 ΓÇ║ admin routes x viewports ΓÇ║ /admin/dashboards/business (4.6s)
(node:2096) Warning: The 'NO_COLOR' env is ignored due to the 'FORCE_COLOR' env being set.
(Use `node --trace-warnings ...` to show where the warning was created)
(node:8176) Warning: The 'NO_COLOR' env is ignored due to the 'FORCE_COLOR' env being set.
(Use `node --trace-warnings ...` to show where the warning was created)
(node:14140) Warning: The 'NO_COLOR' env is ignored due to the 'FORCE_COLOR' env being set.
(Use `node --trace-warnings ...` to show where the warning was created)
  x   76 [chromium] ΓÇ║ e2e\responsive.spec.mjs:19:5 ΓÇ║ admin routes x viewports ΓÇ║ /admin/dashboards/finance (1.8s)
  x   77 [chromium] ΓÇ║ e2e\responsive.spec.mjs:19:5 ΓÇ║ admin routes x viewports ΓÇ║ /admin/dashboards/orders (1.0s)
  x   75 [chromium] ΓÇ║ e2e\responsive.spec.mjs:19:5 ΓÇ║ admin routes x viewports ΓÇ║ /admin/dashboards/logistics (1.8s)
(node:29604) Warning: The 'NO_COLOR' env is ignored due to the 'FORCE_COLOR' env being set.
(Use `node --trace-warnings ...` to show where the warning was created)
(node:14260) Warning: The 'NO_COLOR' env is ignored due to the 'FORCE_COLOR' env being set.
(Use `node --trace-warnings ...` to show where the warning was created)
(node:23832) Warning: The 'NO_COLOR' env is ignored due to the 'FORCE_COLOR' env being set.
(Use `node --trace-warnings ...` to show where the warning was created)
  x   79 [chromium] ΓÇ║ e2e\responsive.spec.mjs:19:5 ΓÇ║ admin routes x viewports ΓÇ║ /admin/dashboards/products (2.5s)
  x   78 [chromium] ΓÇ║ e2e\responsive.spec.mjs:19:5 ΓÇ║ admin routes x viewports ΓÇ║ /admin/dashboards/product-overview (2.2s)
  x   80 [chromium] ΓÇ║ e2e\responsive.spec.mjs:19:5 ΓÇ║ admin routes x viewports ΓÇ║ /admin/dashboards/sellers (2.5s)
(node:13232) Warning: The 'NO_COLOR' env is ignored due to the 'FORCE_COLOR' env being set.
(Use `node --trace-warnings ...` to show where the warning was created)
(node:29308) Warning: The 'NO_COLOR' env is ignored due to the 'FORCE_COLOR' env being set.
(Use `node --trace-warnings ...` to show where the warning was created)
(node:6948) Warning: The 'NO_COLOR' env is ignored due to the 'FORCE_COLOR' env being set.
(Use `node --trace-warnings ...` to show where the warning was created)
  x   81 [chromium] ΓÇ║ e2e\responsive.spec.mjs:19:5 ΓÇ║ admin routes x viewports ΓÇ║ /admin/finance/cod (1.6s)
  x   82 [chromium] ΓÇ║ e2e\responsive.spec.mjs:19:5 ΓÇ║ admin routes x viewports ΓÇ║ /admin/finance/expense-limits (1.8s)
  x   83 [chromium] ΓÇ║ e2e\responsive.spec.mjs:19:5 ΓÇ║ admin routes x viewports ΓÇ║ /admin/finance (1.4s)
(node:15892) Warning: The 'NO_COLOR' env is ignored due to the 'FORCE_COLOR' env being set.
(Use `node --trace-warnings ...` to show where the warning was created)
(node:21420) Warning: The 'NO_COLOR' env is ignored due to the 'FORCE_COLOR' env being set.
(Use `node --trace-warnings ...` to show where the warning was created)
(node:10936) Warning: The 'NO_COLOR' env is ignored due to the 'FORCE_COLOR' env being set.
(Use `node --trace-warnings ...` to show where the warning was created)
  x   84 [chromium] ΓÇ║ e2e\responsive.spec.mjs:19:5 ΓÇ║ admin routes x viewports ΓÇ║ /admin/finance/fixed-expenses (1.4s)
  x   85 [chromium] ΓÇ║ e2e\responsive.spec.mjs:19:5 ΓÇ║ admin routes x viewports ΓÇ║ /admin/finance/fraud (2.8s)
  x   86 [chromium] ΓÇ║ e2e\responsive.spec.mjs:19:5 ΓÇ║ admin routes x viewports ΓÇ║ /admin/finance/gst (2.9s)
(node:14424) Warning: The 'NO_COLOR' env is ignored due to the 'FORCE_COLOR' env being set.
(Use `node --trace-warnings ...` to show where the warning was created)
(node:17152) Warning: The 'NO_COLOR' env is ignored due to the 'FORCE_COLOR' env being set.
(Use `node --trace-warnings ...` to show where the warning was created)
(node:21432) Warning: The 'NO_COLOR' env is ignored due to the 'FORCE_COLOR' env being set.
(Use `node --trace-warnings ...` to show where the warning was created)
  x   88 [chromium] ΓÇ║ e2e\responsive.spec.mjs:19:5 ΓÇ║ admin routes x viewports ΓÇ║ /admin/finance/wallet-withdrawals (1.7s)
  x   89 [chromium] ΓÇ║ e2e\responsive.spec.mjs:19:5 ΓÇ║ admin routes x viewports ΓÇ║ /admin/finance/hold-ledger (2.9s)
  x   87 [chromium] ΓÇ║ e2e\responsive.spec.mjs:19:5 ΓÇ║ admin routes x viewports ΓÇ║ /admin/finance/ledger (1.6s)
(node:8060) Warning: The 'NO_COLOR' env is ignored due to the 'FORCE_COLOR' env being set.
(Use `node --trace-warnings ...` to show where the warning was created)
(node:13020) Warning: The 'NO_COLOR' env is ignored due to the 'FORCE_COLOR' env being set.
(Use `node --trace-warnings ...` to show where the warning was created)
(node:6344) Warning: The 'NO_COLOR' env is ignored due to the 'FORCE_COLOR' env being set.
(Use `node --trace-warnings ...` to show where the warning was created)
  x   90 [chromium] ΓÇ║ e2e\responsive.spec.mjs:19:5 ΓÇ║ admin routes x viewports ΓÇ║ /admin/hiring/applications (1.8s)
  x   92 [chromium] ΓÇ║ e2e\responsive.spec.mjs:19:5 ΓÇ║ admin routes x viewports ΓÇ║ /admin/hiring/vacancies (1.7s)
(node:12444) Warning: The 'NO_COLOR' env is ignored due to the 'FORCE_COLOR' env being set.
(Use `node --trace-warnings ...` to show where the warning was created)
(node:9612) Warning: The 'NO_COLOR' env is ignored due to the 'FORCE_COLOR' env being set.
(Use `node --trace-warnings ...` to show where the warning was created)
  x   91 [chromium] ΓÇ║ e2e\responsive.spec.mjs:19:5 ΓÇ║ admin routes x viewports ΓÇ║ /admin/help (2.1s)
(node:19372) Warning: The 'NO_COLOR' env is ignored due to the 'FORCE_COLOR' env being set.
(Use `node --trace-warnings ...` to show where the warning was created)
  x   94 [chromium] ΓÇ║ e2e\responsive.spec.mjs:19:5 ΓÇ║ admin routes x viewports ΓÇ║ /admin/inventory/history (1.5s)
(node:11280) Warning: The 'NO_COLOR' env is ignored due to the 'FORCE_COLOR' env being set.
(Use `node --trace-warnings ...` to show where the warning was created)
  x   93 [chromium] ΓÇ║ e2e\responsive.spec.mjs:19:5 ΓÇ║ admin routes x viewports ΓÇ║ /admin/inventory (1.4s)
(node:6344) Warning: The 'NO_COLOR' env is ignored due to the 'FORCE_COLOR' env being set.
(Use `node --trace-warnings ...` to show where the warning was created)
  x   96 [chromium] ΓÇ║ e2e\responsive.spec.mjs:19:5 ΓÇ║ admin routes x viewports ΓÇ║ /admin/marketing/engagement (857ms)
  x   95 [chromium] ΓÇ║ e2e\responsive.spec.mjs:19:5 ΓÇ║ admin routes x viewports ΓÇ║ /admin/marketing (1.1s)
(node:17468) Warning: The 'NO_COLOR' env is ignored due to the 'FORCE_COLOR' env being set.
(Use `node --trace-warnings ...` to show where the warning was created)
(node:20012) Warning: The 'NO_COLOR' env is ignored due to the 'FORCE_COLOR' env being set.
(Use `node --trace-warnings ...` to show where the warning was created)
  x   99 [chromium] ΓÇ║ e2e\responsive.spec.mjs:19:5 ΓÇ║ admin routes x viewports ΓÇ║ /admin/masters/geography (1.1s)
(node:21452) Warning: The 'NO_COLOR' env is ignored due to the 'FORCE_COLOR' env being set.
(Use `node --trace-warnings ...` to show where the warning was created)
  x   97 [chromium] ΓÇ║ e2e\responsive.spec.mjs:19:5 ΓÇ║ admin routes x viewports ΓÇ║ /admin/marketing/expenses (1.0s)
(node:8024) Warning: The 'NO_COLOR' env is ignored due to the 'FORCE_COLOR' env being set.
(Use `node --trace-warnings ...` to show where the warning was created)
  x  100 [chromium] ΓÇ║ e2e\responsive.spec.mjs:19:5 ΓÇ║ admin routes x viewports ΓÇ║ /admin/masters/reject-reasons (992ms)
(node:11444) Warning: The 'NO_COLOR' env is ignored due to the 'FORCE_COLOR' env being set.
(Use `node --trace-warnings ...` to show where the warning was created)
  x   98 [chromium] ΓÇ║ e2e\responsive.spec.mjs:19:5 ΓÇ║ admin routes x viewports ΓÇ║ /admin/masters/currency (1.3s)
(node:9804) Warning: The 'NO_COLOR' env is ignored due to the 'FORCE_COLOR' env being set.
(Use `node --trace-warnings ...` to show where the warning was created)
  x  101 [chromium] ΓÇ║ e2e\responsive.spec.mjs:19:5 ΓÇ║ admin routes x viewports ΓÇ║ /admin/not-ported?link=x.php&name=X (1.6s)
  x  102 [chromium] ΓÇ║ e2e\responsive.spec.mjs:19:5 ΓÇ║ admin routes x viewports ΓÇ║ /admin/operations (964ms)
(node:16852) Warning: The 'NO_COLOR' env is ignored due to the 'FORCE_COLOR' env being set.
(Use `node --trace-warnings ...` to show where the warning was created)
(node:18264) Warning: The 'NO_COLOR' env is ignored due to the 'FORCE_COLOR' env being set.
(Use `node --trace-warnings ...` to show where the warning was created)
  x  105 [chromium] ΓÇ║ e2e\responsive.spec.mjs:19:5 ΓÇ║ admin routes x viewports ΓÇ║ /admin/operations/recordings (966ms)
(node:20744) Warning: The 'NO_COLOR' env is ignored due to the 'FORCE_COLOR' env being set.
(Use `node --trace-warnings ...` to show where the warning was created)
  x  104 [chromium] ΓÇ║ e2e\responsive.spec.mjs:19:5 ΓÇ║ admin routes x viewports ΓÇ║ /admin/operations/ndr (984ms)
  x  106 [chromium] ΓÇ║ e2e\responsive.spec.mjs:19:5 ΓÇ║ admin routes x viewports ΓÇ║ /admin/operations/rules (1.2s)
  x  103 [chromium] ΓÇ║ e2e\responsive.spec.mjs:19:5 ΓÇ║ admin routes x viewports ΓÇ║ /admin/operations/escalations (1.5s)
(node:11800) Warning: The 'NO_COLOR' env is ignored due to the 'FORCE_COLOR' env being set.
(Use `node --trace-warnings ...` to show where the warning was created)
(node:9152) Warning: The 'NO_COLOR' env is ignored due to the 'FORCE_COLOR' env being set.
(Use `node --trace-warnings ...` to show where the warning was created)
(node:23228) Warning: The 'NO_COLOR' env is ignored due to the 'FORCE_COLOR' env being set.
(Use `node --trace-warnings ...` to show where the warning was created)
  x  108 [chromium] ΓÇ║ e2e\responsive.spec.mjs:19:5 ΓÇ║ admin routes x viewports ΓÇ║ /admin/operations/team/agents (2.7s)
(node:14872) Warning: The 'NO_COLOR' env is ignored due to the 'FORCE_COLOR' env being set.
(Use `node --trace-warnings ...` to show where the warning was created)
  x  109 [chromium] ΓÇ║ e2e\responsive.spec.mjs:19:5 ΓÇ║ admin routes x viewports ΓÇ║ /admin/operations/team (4.5s)
  x  107 [chromium] ΓÇ║ e2e\responsive.spec.mjs:19:5 ΓÇ║ admin routes x viewports ΓÇ║ /admin/operations/sla (7.5s)
  x  110 [chromium] ΓÇ║ e2e\responsive.spec.mjs:19:5 ΓÇ║ admin routes x viewports ΓÇ║ /admin/operations/team/assignments (861ms)
(node:7424) Warning: The 'NO_COLOR' env is ignored due to the 'FORCE_COLOR' env being set.
(Use `node --trace-warnings ...` to show where the warning was created)
(node:17944) Warning: The 'NO_COLOR' env is ignored due to the 'FORCE_COLOR' env being set.
(Use `node --trace-warnings ...` to show where the warning was created)
(node:364) Warning: The 'NO_COLOR' env is ignored due to the 'FORCE_COLOR' env being set.
(Use `node --trace-warnings ...` to show where the warning was created)
  x  111 [chromium] ΓÇ║ e2e\responsive.spec.mjs:19:5 ΓÇ║ admin routes x viewports ΓÇ║ /admin/operations/team/overall (1.7s)
  x  112 [chromium] ΓÇ║ e2e\responsive.spec.mjs:19:5 ΓÇ║ admin routes x viewports ΓÇ║ /admin/operations/team/setup (1.7s)
  x  113 [chromium] ΓÇ║ e2e\responsive.spec.mjs:19:5 ΓÇ║ admin routes x viewports ΓÇ║ /admin/orders (1.9s)
(node:9184) Warning: The 'NO_COLOR' env is ignored due to the 'FORCE_COLOR' env being set.
(Use `node --trace-warnings ...` to show where the warning was created)
(node:17104) Warning: The 'NO_COLOR' env is ignored due to the 'FORCE_COLOR' env being set.
(Use `node --trace-warnings ...` to show where the warning was created)
(node:16812) Warning: The 'NO_COLOR' env is ignored due to the 'FORCE_COLOR' env being set.
(Use `node --trace-warnings ...` to show where the warning was created)
  x  114 [chromium] ΓÇ║ e2e\responsive.spec.mjs:19:5 ΓÇ║ admin routes x viewports ΓÇ║ /admin/orders/insights (967ms)
  x  115 [chromium] ΓÇ║ e2e\responsive.spec.mjs:19:5 ΓÇ║ admin routes x viewports ΓÇ║ /admin/orders/delivered (2.0s)
  x  116 [chromium] ΓÇ║ e2e\responsive.spec.mjs:19:5 ΓÇ║ admin routes x viewports ΓÇ║ /admin/orders/invoices (1.5s)
(node:16188) Warning: The 'NO_COLOR' env is ignored due to the 'FORCE_COLOR' env being set.
(Use `node --trace-warnings ...` to show where the warning was created)
(node:13256) Warning: The 'NO_COLOR' env is ignored due to the 'FORCE_COLOR' env being set.
(Use `node --trace-warnings ...` to show where the warning was created)
(node:13360) Warning: The 'NO_COLOR' env is ignored due to the 'FORCE_COLOR' env being set.
(Use `node --trace-warnings ...` to show where the warning was created)
  x  117 [chromium] ΓÇ║ e2e\responsive.spec.mjs:19:5 ΓÇ║ admin routes x viewports ΓÇ║ /admin/orders/new (1.4s)
  x  119 [chromium] ΓÇ║ e2e\responsive.spec.mjs:19:5 ΓÇ║ admin routes x viewports ΓÇ║ /admin/orders/report (1.6s)
  x  118 [chromium] ΓÇ║ e2e\responsive.spec.mjs:19:5 ΓÇ║ admin routes x viewports ΓÇ║ /admin/orders/sr-checkout (1.1s)
(node:5488) Warning: The 'NO_COLOR' env is ignored due to the 'FORCE_COLOR' env being set.
(Use `node --trace-warnings ...` to show where the warning was created)
(node:7940) Warning: The 'NO_COLOR' env is ignored due to the 'FORCE_COLOR' env being set.
(Use `node --trace-warnings ...` to show where the warning was created)
(node:24756) Warning: The 'NO_COLOR' env is ignored due to the 'FORCE_COLOR' env being set.
(Use `node --trace-warnings ...` to show where the warning was created)
  x  122 [chromium] ΓÇ║ e2e\responsive.spec.mjs:19:5 ΓÇ║ admin routes x viewports ΓÇ║ /admin/payouts (1.2s)
(node:13120) Warning: The 'NO_COLOR' env is ignored due to the 'FORCE_COLOR' env being set.
(Use `node --trace-warnings ...` to show where the warning was created)
  x  121 [chromium] ΓÇ║ e2e\responsive.spec.mjs:19:5 ΓÇ║ admin routes x viewports ΓÇ║ /admin/orders/whatsapp (1.4s)
(node:27780) Warning: The 'NO_COLOR' env is ignored due to the 'FORCE_COLOR' env being set.
(Use `node --trace-warnings ...` to show where the warning was created)
  x  120 [chromium] ΓÇ║ e2e\responsive.spec.mjs:19:5 ΓÇ║ admin routes x viewports ΓÇ║ /admin/orders/transactions (1.1s)
  x  123 [chromium] ΓÇ║ e2e\responsive.spec.mjs:19:5 ΓÇ║ admin routes x viewports ΓÇ║ /admin/payouts/access (1.1s)
(node:3136) Warning: The 'NO_COLOR' env is ignored due to the 'FORCE_COLOR' env being set.
(Use `node --trace-warnings ...` to show where the warning was created)
(node:21584) Warning: The 'NO_COLOR' env is ignored due to the 'FORCE_COLOR' env being set.
(Use `node --trace-warnings ...` to show where the warning was created)
  x  124 [chromium] ΓÇ║ e2e\responsive.spec.mjs:19:5 ΓÇ║ admin routes x viewports ΓÇ║ /admin/payouts/items (797ms)
(node:26804) Warning: The 'NO_COLOR' env is ignored due to the 'FORCE_COLOR' env being set.
(Use `node --trace-warnings ...` to show where the warning was created)
  x  125 [chromium] ΓÇ║ e2e\responsive.spec.mjs:19:5 ΓÇ║ admin routes x viewports ΓÇ║ /admin/payouts/legacy (1.8s)
  x  126 [chromium] ΓÇ║ e2e\responsive.spec.mjs:19:5 ΓÇ║ admin routes x viewports ΓÇ║ /admin/pricing (2.3s)
  x  127 [chromium] ΓÇ║ e2e\responsive.spec.mjs:19:5 ΓÇ║ admin routes x viewports ΓÇ║ /admin/pricing/commission (957ms)
(node:27244) Warning: The 'NO_COLOR' env is ignored due to the 'FORCE_COLOR' env being set.
(Use `node --trace-warnings ...` to show where the warning was created)
(node:23144) Warning: The 'NO_COLOR' env is ignored due to the 'FORCE_COLOR' env being set.
(Use `node --trace-warnings ...` to show where the warning was created)
(node:11688) Warning: The 'NO_COLOR' env is ignored due to the 'FORCE_COLOR' env being set.
(Use `node --trace-warnings ...` to show where the warning was created)
  x  128 [chromium] ΓÇ║ e2e\responsive.spec.mjs:19:5 ΓÇ║ admin routes x viewports ΓÇ║ /admin/products (1.2s)
(node:4812) Warning: The 'NO_COLOR' env is ignored due to the 'FORCE_COLOR' env being set.
(Use `node --trace-warnings ...` to show where the warning was created)
  x  129 [chromium] ΓÇ║ e2e\responsive.spec.mjs:19:5 ΓÇ║ admin routes x viewports ΓÇ║ /admin/pricing/cost-config (1.3s)
  x  130 [chromium] ΓÇ║ e2e\responsive.spec.mjs:19:5 ΓÇ║ admin routes x viewports ΓÇ║ /admin/pricing/master-nrv (1.4s)
(node:9180) Warning: The 'NO_COLOR' env is ignored due to the 'FORCE_COLOR' env being set.
(Use `node --trace-warnings ...` to show where the warning was created)
(node:4964) Warning: The 'NO_COLOR' env is ignored due to the 'FORCE_COLOR' env being set.
(Use `node --trace-warnings ...` to show where the warning was created)
  x  131 [chromium] ΓÇ║ e2e\responsive.spec.mjs:19:5 ΓÇ║ admin routes x viewports ΓÇ║ /admin/products/import (1.4s)
(node:19588) Warning: The 'NO_COLOR' env is ignored due to the 'FORCE_COLOR' env being set.
(Use `node --trace-warnings ...` to show where the warning was created)
  x  132 [chromium] ΓÇ║ e2e\responsive.spec.mjs:19:5 ΓÇ║ admin routes x viewports ΓÇ║ /admin/products/new (1.8s)
  x  133 [chromium] ΓÇ║ e2e\responsive.spec.mjs:19:5 ΓÇ║ admin routes x viewports ΓÇ║ /admin/products/pending (1.2s)
  x  134 [chromium] ΓÇ║ e2e\responsive.spec.mjs:19:5 ΓÇ║ admin routes x viewports ΓÇ║ /admin/refunds (1.1s)
(node:14756) Warning: The 'NO_COLOR' env is ignored due to the 'FORCE_COLOR' env being set.
(Use `node --trace-warnings ...` to show where the warning was created)
(node:22016) Warning: The 'NO_COLOR' env is ignored due to the 'FORCE_COLOR' env being set.
(Use `node --trace-warnings ...` to show where the warning was created)
(node:29152) Warning: The 'NO_COLOR' env is ignored due to the 'FORCE_COLOR' env being set.
(Use `node --trace-warnings ...` to show where the warning was created)
  x  137 [chromium] ΓÇ║ e2e\responsive.spec.mjs:19:5 ΓÇ║ admin routes x viewports ΓÇ║ /admin/returns/reasons (1.4s)
  x  135 [chromium] ΓÇ║ e2e\responsive.spec.mjs:19:5 ΓÇ║ admin routes x viewports ΓÇ║ /admin/reports (996ms)
  x  136 [chromium] ΓÇ║ e2e\responsive.spec.mjs:19:5 ΓÇ║ admin routes x viewports ΓÇ║ /admin/returns (1.6s)
(node:5948) Warning: The 'NO_COLOR' env is ignored due to the 'FORCE_COLOR' env being set.
(Use `node --trace-warnings ...` to show where the warning was created)
(node:19392) Warning: The 'NO_COLOR' env is ignored due to the 'FORCE_COLOR' env being set.
(Use `node --trace-warnings ...` to show where the warning was created)
(node:23968) Warning: The 'NO_COLOR' env is ignored due to the 'FORCE_COLOR' env being set.
(Use `node --trace-warnings ...` to show where the warning was created)
  x  138 [chromium] ΓÇ║ e2e\responsive.spec.mjs:19:5 ΓÇ║ admin routes x viewports ΓÇ║ /admin/roles (1.0s)
(node:19372) Warning: The 'NO_COLOR' env is ignored due to the 'FORCE_COLOR' env being set.
(Use `node --trace-warnings ...` to show where the warning was created)
  x  140 [chromium] ΓÇ║ e2e\responsive.spec.mjs:19:5 ΓÇ║ admin routes x viewports ΓÇ║ /admin/rto (2.2s)
  x  139 [chromium] ΓÇ║ e2e\responsive.spec.mjs:19:5 ΓÇ║ admin routes x viewports ΓÇ║ /admin/roles/menus (1.9s)
(node:11140) Warning: The 'NO_COLOR' env is ignored due to the 'FORCE_COLOR' env being set.
(Use `node --trace-warnings ...` to show where the warning was created)
(node:16912) Warning: The 'NO_COLOR' env is ignored due to the 'FORCE_COLOR' env being set.
(Use `node --trace-warnings ...` to show where the warning was created)
  x  141 [chromium] ΓÇ║ e2e\responsive.spec.mjs:19:5 ΓÇ║ admin routes x viewports ΓÇ║ /admin/sales (1.1s)
  x  143 [chromium] ΓÇ║ e2e\responsive.spec.mjs:19:5 ΓÇ║ admin routes x viewports ΓÇ║ /admin/sales/my-performance (1.3s)
  x  142 [chromium] ΓÇ║ e2e\responsive.spec.mjs:19:5 ΓÇ║ admin routes x viewports ΓÇ║ /admin/sales/achievements (1.5s)
(node:15352) Warning: The 'NO_COLOR' env is ignored due to the 'FORCE_COLOR' env being set.
(Use `node --trace-warnings ...` to show where the warning was created)
(node:16376) Warning: The 'NO_COLOR' env is ignored due to the 'FORCE_COLOR' env being set.
(Use `node --trace-warnings ...` to show where the warning was created)
(node:20628) Warning: The 'NO_COLOR' env is ignored due to the 'FORCE_COLOR' env being set.
(Use `node --trace-warnings ...` to show where the warning was created)
  x  144 [chromium] ΓÇ║ e2e\responsive.spec.mjs:19:5 ΓÇ║ admin routes x viewports ΓÇ║ /admin/sales/prepaid-incentive (983ms)
  x  146 [chromium] ΓÇ║ e2e\responsive.spec.mjs:19:5 ΓÇ║ admin routes x viewports ΓÇ║ /admin/sales/salary (1.3s)
  x  145 [chromium] ΓÇ║ e2e\responsive.spec.mjs:19:5 ΓÇ║ admin routes x viewports ΓÇ║ /admin/sales/payouts (1.6s)
(node:1484) Warning: The 'NO_COLOR' env is ignored due to the 'FORCE_COLOR' env being set.
(Use `node --trace-warnings ...` to show where the warning was created)
(node:26476) Warning: The 'NO_COLOR' env is ignored due to the 'FORCE_COLOR' env being set.
(Use `node --trace-warnings ...` to show where the warning was created)
(node:29028) Warning: The 'NO_COLOR' env is ignored due to the 'FORCE_COLOR' env being set.
(Use `node --trace-warnings ...` to show where the warning was created)
  x  147 [chromium] ΓÇ║ e2e\responsive.spec.mjs:19:5 ΓÇ║ admin routes x viewports ΓÇ║ /admin/sales/targets (916ms)
  x  148 [chromium] ΓÇ║ e2e\responsive.spec.mjs:19:5 ΓÇ║ admin routes x viewports ΓÇ║ /admin/sales/team (838ms)
  x  149 [chromium] ΓÇ║ e2e\responsive.spec.mjs:19:5 ΓÇ║ admin routes x viewports ΓÇ║ /admin/sales/team-performance (1.0s)
(node:16404) Warning: The 'NO_COLOR' env is ignored due to the 'FORCE_COLOR' env being set.
(Use `node --trace-warnings ...` to show where the warning was created)
(node:15876) Warning: The 'NO_COLOR' env is ignored due to the 'FORCE_COLOR' env being set.
(Use `node --trace-warnings ...` to show where the warning was created)
(node:13608) Warning: The 'NO_COLOR' env is ignored due to the 'FORCE_COLOR' env being set.
(Use `node --trace-warnings ...` to show where the warning was created)
  x  150 [chromium] ΓÇ║ e2e\responsive.spec.mjs:19:5 ΓÇ║ admin routes x viewports ΓÇ║ /admin/settings (1.0s)
  x  151 [chromium] ΓÇ║ e2e\responsive.spec.mjs:19:5 ΓÇ║ admin routes x viewports ΓÇ║ /admin/settings/email-templates (1.2s)
(node:18892) Warning: The 'NO_COLOR' env is ignored due to the 'FORCE_COLOR' env being set.
(Use `node --trace-warnings ...` to show where the warning was created)
(node:19108) Warning: The 'NO_COLOR' env is ignored due to the 'FORCE_COLOR' env being set.
(Use `node --trace-warnings ...` to show where the warning was created)
  x  152 [chromium] ΓÇ║ e2e\responsive.spec.mjs:19:5 ΓÇ║ admin routes x viewports ΓÇ║ /admin/settings/integrations (789ms)
(node:26828) Warning: The 'NO_COLOR' env is ignored due to the 'FORCE_COLOR' env being set.
(Use `node --trace-warnings ...` to show where the warning was created)
  x  154 [chromium] ΓÇ║ e2e\responsive.spec.mjs:19:5 ΓÇ║ admin routes x viewports ΓÇ║ /admin/settings/languages (1.3s)
  x  153 [chromium] ΓÇ║ e2e\responsive.spec.mjs:19:5 ΓÇ║ admin routes x viewports ΓÇ║ /admin/settings/login-modal (1.3s)
(node:20552) Warning: The 'NO_COLOR' env is ignored due to the 'FORCE_COLOR' env being set.
(Use `node --trace-warnings ...` to show where the warning was created)
  x  155 [chromium] ΓÇ║ e2e\responsive.spec.mjs:19:5 ΓÇ║ admin routes x viewports ΓÇ║ /admin/settings/scripts (875ms)
(node:25584) Warning: The 'NO_COLOR' env is ignored due to the 'FORCE_COLOR' env being set.
(Use `node --trace-warnings ...` to show where the warning was created)
(node:3540) Warning: The 'NO_COLOR' env is ignored due to the 'FORCE_COLOR' env being set.
(Use `node --trace-warnings ...` to show where the warning was created)
  x  156 [chromium] ΓÇ║ e2e\responsive.spec.mjs:19:5 ΓÇ║ admin routes x viewports ΓÇ║ /admin/settings/sms (1.2s)
  x  157 [chromium] ΓÇ║ e2e\responsive.spec.mjs:19:5 ΓÇ║ admin routes x viewports ΓÇ║ /admin/settings/smtp (1.2s)
(node:26588) Warning: The 'NO_COLOR' env is ignored due to the 'FORCE_COLOR' env being set.
(Use `node --trace-warnings ...` to show where the warning was created)
  x  158 [chromium] ΓÇ║ e2e\responsive.spec.mjs:19:5 ΓÇ║ admin routes x viewports ΓÇ║ /admin/shipping (1.3s)
(node:2560) Warning: The 'NO_COLOR' env is ignored due to the 'FORCE_COLOR' env being set.
(Use `node --trace-warnings ...` to show where the warning was created)
(node:25336) Warning: The 'NO_COLOR' env is ignored due to the 'FORCE_COLOR' env being set.
(Use `node --trace-warnings ...` to show where the warning was created)
  x  159 [chromium] ΓÇ║ e2e\responsive.spec.mjs:19:5 ΓÇ║ admin routes x viewports ΓÇ║ /admin/shipping/cod-rules (845ms)
  x  160 [chromium] ΓÇ║ e2e\responsive.spec.mjs:19:5 ΓÇ║ admin routes x viewports ΓÇ║ /admin/shipping/courier-slabs (872ms)
  x  161 [chromium] ΓÇ║ e2e\responsive.spec.mjs:19:5 ΓÇ║ admin routes x viewports ΓÇ║ /admin/shipping/delhivery (1.3s)
(node:26180) Warning: The 'NO_COLOR' env is ignored due to the 'FORCE_COLOR' env being set.
(Use `node --trace-warnings ...` to show where the warning was created)
(node:12420) Warning: The 'NO_COLOR' env is ignored due to the 'FORCE_COLOR' env being set.
(Use `node --trace-warnings ...` to show where the warning was created)
(node:7360) Warning: The 'NO_COLOR' env is ignored due to the 'FORCE_COLOR' env being set.
(Use `node --trace-warnings ...` to show where the warning was created)
  x  164 [chromium] ΓÇ║ e2e\responsive.spec.mjs:19:5 ΓÇ║ admin routes x viewports ΓÇ║ /admin/shipping/other-charges (1.3s)
  x  162 [chromium] ΓÇ║ e2e\responsive.spec.mjs:19:5 ΓÇ║ admin routes x viewports ΓÇ║ /admin/shipping/delhivery-serviceability (1.3s)
  x  163 [chromium] ΓÇ║ e2e\responsive.spec.mjs:19:5 ΓÇ║ admin routes x viewports ΓÇ║ /admin/shipping/minimums (1.7s)
(node:22944) Warning: The 'NO_COLOR' env is ignored due to the 'FORCE_COLOR' env being set.
(Use `node --trace-warnings ...` to show where the warning was created)
(node:29556) Warning: The 'NO_COLOR' env is ignored due to the 'FORCE_COLOR' env being set.
(Use `node --trace-warnings ...` to show where the warning was created)
(node:8288) Warning: The 'NO_COLOR' env is ignored due to the 'FORCE_COLOR' env being set.
(Use `node --trace-warnings ...` to show where the warning was created)
  x  165 [chromium] ΓÇ║ e2e\responsive.spec.mjs:19:5 ΓÇ║ admin routes x viewports ΓÇ║ /admin/shipping/package-boxes (1.2s)
  x  166 [chromium] ΓÇ║ e2e\responsive.spec.mjs:19:5 ΓÇ║ admin routes x viewports ΓÇ║ /admin/shipping/pickup-addresses (1.3s)
(node:24708) Warning: The 'NO_COLOR' env is ignored due to the 'FORCE_COLOR' env being set.
(Use `node --trace-warnings ...` to show where the warning was created)
(node:17208) Warning: The 'NO_COLOR' env is ignored due to the 'FORCE_COLOR' env being set.
(Use `node --trace-warnings ...` to show where the warning was created)
  x  167 [chromium] ΓÇ║ e2e\responsive.spec.mjs:19:5 ΓÇ║ admin routes x viewports ΓÇ║ /admin/shipping/pickup-requests (955ms)
  x  169 [chromium] ΓÇ║ e2e\responsive.spec.mjs:19:5 ΓÇ║ admin routes x viewports ΓÇ║ /admin/shipping/pincodes (882ms)
  x  168 [chromium] ΓÇ║ e2e\responsive.spec.mjs:19:5 ΓÇ║ admin routes x viewports ΓÇ║ /admin/shipping/slabs (1.1s)
(node:17952) Warning: The 'NO_COLOR' env is ignored due to the 'FORCE_COLOR' env being set.
(Use `node --trace-warnings ...` to show where the warning was created)
(node:4344) Warning: The 'NO_COLOR' env is ignored due to the 'FORCE_COLOR' env being set.
(Use `node --trace-warnings ...` to show where the warning was created)
(node:8380) Warning: The 'NO_COLOR' env is ignored due to the 'FORCE_COLOR' env being set.
(Use `node --trace-warnings ...` to show where the warning was created)
  x  170 [chromium] ΓÇ║ e2e\responsive.spec.mjs:19:5 ΓÇ║ admin routes x viewports ΓÇ║ /admin/shipping/weight-discrepancy (1.6s)
  x  172 [chromium] ΓÇ║ e2e\responsive.spec.mjs:19:5 ΓÇ║ admin routes x viewports ΓÇ║ /admin/support/chat-logs (1.3s)
  x  171 [chromium] ΓÇ║ e2e\responsive.spec.mjs:19:5 ΓÇ║ admin routes x viewports ΓÇ║ /admin/support (1.2s)
(node:296) Warning: The 'NO_COLOR' env is ignored due to the 'FORCE_COLOR' env being set.
(Use `node --trace-warnings ...` to show where the warning was created)
(node:21072) Warning: The 'NO_COLOR' env is ignored due to the 'FORCE_COLOR' env being set.
(Use `node --trace-warnings ...` to show where the warning was created)
(node:28784) Warning: The 'NO_COLOR' env is ignored due to the 'FORCE_COLOR' env being set.
(Use `node --trace-warnings ...` to show where the warning was created)
  x  173 [chromium] ΓÇ║ e2e\responsive.spec.mjs:19:5 ΓÇ║ admin routes x viewports ΓÇ║ /admin/support/requirements (1.4s)
  x  175 [chromium] ΓÇ║ e2e\responsive.spec.mjs:19:5 ΓÇ║ admin routes x viewports ΓÇ║ /admin/users (1.2s)
  x  174 [chromium] ΓÇ║ e2e\responsive.spec.mjs:19:5 ΓÇ║ admin routes x viewports ΓÇ║ /admin/support/sla (2.0s)
(node:20216) Warning: The 'NO_COLOR' env is ignored due to the 'FORCE_COLOR' env being set.
(Use `node --trace-warnings ...` to show where the warning was created)
(node:23680) Warning: The 'NO_COLOR' env is ignored due to the 'FORCE_COLOR' env being set.
(Use `node --trace-warnings ...` to show where the warning was created)
(node:14600) Warning: The 'NO_COLOR' env is ignored due to the 'FORCE_COLOR' env being set.
(Use `node --trace-warnings ...` to show where the warning was created)
  x  177 [chromium] ΓÇ║ e2e\responsive.spec.mjs:19:5 ΓÇ║ admin routes x viewports ΓÇ║ /admin/vendors (2.9s)
  x  176 [chromium] ΓÇ║ e2e\responsive.spec.mjs:19:5 ΓÇ║ admin routes x viewports ΓÇ║ /admin/users/new (2.1s)
  x  178 [chromium] ΓÇ║ e2e\responsive.spec.mjs:19:5 ΓÇ║ admin routes x viewports ΓÇ║ /admin/vendors/new (2.1s)
(node:20380) Warning: The 'NO_COLOR' env is ignored due to the 'FORCE_COLOR' env being set.
(Use `node --trace-warnings ...` to show where the warning was created)
(node:8824) Warning: The 'NO_COLOR' env is ignored due to the 'FORCE_COLOR' env being set.
(Use `node --trace-warnings ...` to show where the warning was created)
(node:4736) Warning: The 'NO_COLOR' env is ignored due to the 'FORCE_COLOR' env being set.
(Use `node --trace-warnings ...` to show where the warning was created)
  x  179 [chromium] ΓÇ║ e2e\responsive.spec.mjs:19:5 ΓÇ║ admin routes x viewports ΓÇ║ /admin/vendors/scores (1.3s)
  x  180 [chromium] ΓÇ║ e2e\responsive.spec.mjs:19:5 ΓÇ║ admin routes x viewports ΓÇ║ /admin/vendors/reports (842ms)
  x  181 [chromium] ΓÇ║ e2e\responsive.spec.mjs:19:5 ΓÇ║ admin routes x viewports ΓÇ║ /admin/vendors/verification (1.4s)
(node:19188) Warning: The 'NO_COLOR' env is ignored due to the 'FORCE_COLOR' env being set.
(Use `node --trace-warnings ...` to show where the warning was created)
(node:20196) Warning: The 'NO_COLOR' env is ignored due to the 'FORCE_COLOR' env being set.
(Use `node --trace-warnings ...` to show where the warning was created)
(node:27720) Warning: The 'NO_COLOR' env is ignored due to the 'FORCE_COLOR' env being set.
(Use `node --trace-warnings ...` to show where the warning was created)
  x  184 [chromium] ΓÇ║ e2e\responsive.spec.mjs:25:5 ΓÇ║ admin routes x viewports ΓÇ║ /admin/vendors/[id] (2.7s)
(node:1164) Warning: The 'NO_COLOR' env is ignored due to the 'FORCE_COLOR' env being set.
(Use `node --trace-warnings ...` to show where the warning was created)
  x  182 [chromium] ΓÇ║ e2e\responsive.spec.mjs:25:5 ΓÇ║ admin routes x viewports ΓÇ║ /admin/orders/[id] (2.6s)
(node:16440) Warning: The 'NO_COLOR' env is ignored due to the 'FORCE_COLOR' env being set.
(Use `node --trace-warnings ...` to show where the warning was created)
  x  183 [chromium] ΓÇ║ e2e\responsive.spec.mjs:25:5 ΓÇ║ admin routes x viewports ΓÇ║ /admin/products/[id] (2.1s)
(node:20628) Warning: The 'NO_COLOR' env is ignored due to the 'FORCE_COLOR' env being set.
(Use `node --trace-warnings ...` to show where the warning was created)
  x  185 [chromium] ΓÇ║ e2e\responsive.spec.mjs:25:5 ΓÇ║ admin routes x viewports ΓÇ║ /admin/vendors/[id]/bank (2.4s)
(node:17944) Warning: The 'NO_COLOR' env is ignored due to the 'FORCE_COLOR' env being set.
(Use `node --trace-warnings ...` to show where the warning was created)
  x  186 [chromium] ΓÇ║ e2e\responsive.spec.mjs:25:5 ΓÇ║ admin routes x viewports ΓÇ║ /admin/customers/[id] (2.3s)
(node:23288) Warning: The 'NO_COLOR' env is ignored due to the 'FORCE_COLOR' env being set.
(Use `node --trace-warnings ...` to show where the warning was created)
  x  187 [chromium] ΓÇ║ e2e\responsive.spec.mjs:25:5 ΓÇ║ admin routes x viewports ΓÇ║ /admin/returns/[id] (2.1s)
(node:9404) Warning: The 'NO_COLOR' env is ignored due to the 'FORCE_COLOR' env being set.
(Use `node --trace-warnings ...` to show where the warning was created)
  x  188 [chromium] ΓÇ║ e2e\responsive.spec.mjs:25:5 ΓÇ║ admin routes x viewports ΓÇ║ /admin/payouts/[id] (2.4s)
(node:27252) Warning: The 'NO_COLOR' env is ignored due to the 'FORCE_COLOR' env being set.
(Use `node --trace-warnings ...` to show where the warning was created)
  x  189 [chromium] ΓÇ║ e2e\responsive.spec.mjs:25:5 ΓÇ║ admin routes x viewports ΓÇ║ /admin/support/[id] (4.3s)
  x  191 [chromium] ΓÇ║ e2e\responsive.spec.mjs:25:5 ΓÇ║ admin routes x viewports ΓÇ║ /admin/b2b/buyers/[id] (3.7s)
  x  190 [chromium] ΓÇ║ e2e\responsive.spec.mjs:25:5 ΓÇ║ admin routes x viewports ΓÇ║ /admin/crm/leads/[id] (4.8s)
(node:7360) Warning: The 'NO_COLOR' env is ignored due to the 'FORCE_COLOR' env being set.
(Use `node --trace-warnings ...` to show where the warning was created)
(node:5392) Warning: The 'NO_COLOR' env is ignored due to the 'FORCE_COLOR' env being set.
(Use `node --trace-warnings ...` to show where the warning was created)
(node:13600) Warning: The 'NO_COLOR' env is ignored due to the 'FORCE_COLOR' env being set.
(Use `node --trace-warnings ...` to show where the warning was created)
  x  193 [chromium] ΓÇ║ e2e\responsive.spec.mjs:25:5 ΓÇ║ admin routes x viewports ΓÇ║ /admin/roles/[id] (3.4s)
  x  192 [chromium] ΓÇ║ e2e\responsive.spec.mjs:25:5 ΓÇ║ admin routes x viewports ΓÇ║ /admin/b2b/orders/[id] (3.1s)
(node:25668) Warning: The 'NO_COLOR' env is ignored due to the 'FORCE_COLOR' env being set.
(Use `node --trace-warnings ...` to show where the warning was created)
(node:14324) Warning: The 'NO_COLOR' env is ignored due to the 'FORCE_COLOR' env being set.
(Use `node --trace-warnings ...` to show where the warning was created)
  x  195 [chromium] ΓÇ║ e2e\shell.spec.mjs:40:7 ΓÇ║ admin shell ΓÇ║ sidebar on /admin/dashboard @1600px (1.2s)
  x  194 [chromium] ΓÇ║ e2e\responsive.spec.mjs:25:5 ΓÇ║ admin routes x viewports ΓÇ║ /admin/catalog/feature-categories/[id] (3.0s)
(node:1652) Warning: The 'NO_COLOR' env is ignored due to the 'FORCE_COLOR' env being set.
(Use `node --trace-warnings ...` to show where the warning was created)
(node:19424) Warning: The 'NO_COLOR' env is ignored due to the 'FORCE_COLOR' env being set.
(Use `node --trace-warnings ...` to show where the warning was created)
  x  196 [chromium] ΓÇ║ e2e\shell.spec.mjs:9:3 ΓÇ║ admin shell ΓÇ║ every sidebar link is covered by the route matrix (1.5s)
(node:21800) Warning: The 'NO_COLOR' env is ignored due to the 'FORCE_COLOR' env being set.
(Use `node --trace-warnings ...` to show where the warning was created)
  x  197 [chromium] ΓÇ║ e2e\shell.spec.mjs:40:7 ΓÇ║ admin shell ΓÇ║ sidebar on /admin/dashboard @1200px (820ms)
(node:10108) Warning: The 'NO_COLOR' env is ignored due to the 'FORCE_COLOR' env being set.
(Use `node --trace-warnings ...` to show where the warning was created)
  x  198 [chromium] ΓÇ║ e2e\shell.spec.mjs:40:7 ΓÇ║ admin shell ΓÇ║ sidebar on /admin/dashboard @768px (1.2s)
  x  199 [chromium] ΓÇ║ e2e\shell.spec.mjs:40:7 ΓÇ║ admin shell ΓÇ║ drawer on /admin/dashboard @480px (1.6s)
(node:8152) Warning: The 'NO_COLOR' env is ignored due to the 'FORCE_COLOR' env being set.
(Use `node --trace-warnings ...` to show where the warning was created)
(node:9472) Warning: The 'NO_COLOR' env is ignored due to the 'FORCE_COLOR' env being set.
(Use `node --trace-warnings ...` to show where the warning was created)
  x  200 [chromium] ΓÇ║ e2e\shell.spec.mjs:40:7 ΓÇ║ admin shell ΓÇ║ drawer on /admin/dashboard @375px (1.5s)
  x  201 [chromium] ΓÇ║ e2e\shell.spec.mjs:40:7 ΓÇ║ admin shell ΓÇ║ sidebar on /admin/orders @1600px (8.4s)
  x  202 [chromium] ΓÇ║ e2e\shell.spec.mjs:40:7 ΓÇ║ admin shell ΓÇ║ sidebar on /admin/orders @1200px (9.0s)
(node:11996) Warning: The 'NO_COLOR' env is ignored due to the 'FORCE_COLOR' env being set.
(Use `node --trace-warnings ...` to show where the warning was created)
(node:17328) Warning: The 'NO_COLOR' env is ignored due to the 'FORCE_COLOR' env being set.
(Use `node --trace-warnings ...` to show where the warning was created)
(node:14476) Warning: The 'NO_COLOR' env is ignored due to the 'FORCE_COLOR' env being set.
(Use `node --trace-warnings ...` to show where the warning was created)
  x  203 [chromium] ΓÇ║ e2e\shell.spec.mjs:40:7 ΓÇ║ admin shell ΓÇ║ drawer on /admin/orders @480px (1.2s)
(node:22896) Warning: The 'NO_COLOR' env is ignored due to the 'FORCE_COLOR' env being set.
(Use `node --trace-warnings ...` to show where the warning was created)
  x  205 [chromium] ΓÇ║ e2e\shell.spec.mjs:40:7 ΓÇ║ admin shell ΓÇ║ drawer on /admin/orders @375px (3.2s)
  x  204 [chromium] ΓÇ║ e2e\shell.spec.mjs:40:7 ΓÇ║ admin shell ΓÇ║ sidebar on /admin/orders @768px (1.4s)
(node:25348) Warning: The 'NO_COLOR' env is ignored due to the 'FORCE_COLOR' env being set.
(Use `node --trace-warnings ...` to show where the warning was created)
  x  206 [chromium] ΓÇ║ e2e\shell.spec.mjs:71:3 ΓÇ║ logged out ΓÇ║ panel redirects to login (400ms)
  x  207 [chromium] ΓÇ║ e2e\shell.spec.mjs:76:3 ΓÇ║ logged out ΓÇ║ login page renders at every viewport (15.9s)


  1) [chromium] ΓÇ║ e2e\responsive.spec.mjs:19:5 ΓÇ║ admin routes x viewports ΓÇ║ /admin/b2b ΓöÇΓöÇΓöÇΓöÇΓöÇΓöÇΓöÇΓöÇΓöÇΓöÇΓöÇΓöÇΓöÇ

    Error: /admin/b2b
    @1600px:
      - navigation failed: page.goto: net::ERR_CONNECTION_RESET at http://localhost:3058/admin/b2b
    @1200px:
      - navigation failed: page.goto: net::ERR_CONNECTION_RESET at http://localhost:3058/admin/b2b
    @768px:
      - navigation failed: page.goto: net::ERR_CONNECTION_RESET at http://localhost:3058/admin/b2b
    @480px:
      - navigation failed: page.goto: net::ERR_CONNECTION_RESET at http://localhost:3058/admin/b2b
    @375px:
      - navigation failed: page.goto: net::ERR_CONNECTION_RESET at http://localhost:3058/admin/b2b

    expect(received).toEqual(expected) // deep equality

    - Expected  -  1
    + Received  + 12

    - Array []
    + Array [
    +   "@1600px:
    +   - navigation failed: page.goto: net::ERR_CONNECTION_RESET at http://localhost:3058/admin/b2b",
    +   "@1200px:
    +   - navigation failed: page.goto: net::ERR_CONNECTION_RESET at http://localhost:3058/admin/b2b",
    +   "@768px:
    +   - navigation failed: page.goto: net::ERR_CONNECTION_RESET at http://localhost:3058/admin/b2b",
    +   "@480px:
    +   - navigation failed: page.goto: net::ERR_CONNECTION_RESET at http://localhost:3058/admin/b2b",
    +   "@375px:
    +   - navigation failed: page.goto: net::ERR_CONNECTION_RESET at http://localhost:3058/admin/b2b",
    + ]

      12 |   await testInfo.attach("matrix", { body: JSON.stringify({ route, url, results }), contentType: "application/json" });
      13 |   const failed = results.filter((r) => r.issues.length).map((r) => `@${r.viewport}px:\n  - ${r.issues.join("\n  - ")}`);
    > 14 |   expect(failed, `${url}\n${failed.join("\n")}`).toEqual([]);
         |                                                  ^
      15 | }
      16 |
      17 | test.describe("admin routes x viewports", () => {
        at runMatrix (C:\Users\priyank\Desktop\Development\BharatAgrolink-admin\e2e\responsive.spec.mjs:14:50)
        at C:\Users\priyank\Desktop\Development\BharatAgrolink-admin\e2e\responsive.spec.mjs:20:7

    attachment #7: screenshot (image/png) ΓöÇΓöÇΓöÇΓöÇΓöÇΓöÇΓöÇΓöÇΓöÇΓöÇΓöÇΓöÇΓöÇΓöÇΓöÇΓöÇΓöÇΓöÇΓöÇΓöÇΓöÇΓöÇΓöÇΓöÇΓöÇΓöÇΓöÇΓöÇΓöÇΓöÇΓöÇΓöÇΓöÇΓöÇΓöÇΓöÇΓöÇΓöÇΓöÇΓöÇΓöÇΓöÇΓöÇΓöÇΓöÇΓöÇΓöÇΓöÇΓöÇΓöÇΓöÇΓöÇΓöÇΓöÇΓöÇΓöÇΓöÇΓöÇ
    test-results\responsive-admin-routes-x-viewports-admin-b2b-chromium\test-failed-1.png
    ΓöÇΓöÇΓöÇΓöÇΓöÇΓöÇΓöÇΓöÇΓöÇΓöÇΓöÇΓöÇΓöÇΓöÇΓöÇΓöÇΓöÇΓöÇΓöÇΓöÇΓöÇΓöÇΓöÇΓöÇΓöÇΓöÇΓöÇΓöÇΓöÇΓöÇΓöÇΓöÇΓöÇΓöÇΓöÇΓöÇΓöÇΓöÇΓöÇΓöÇΓöÇΓöÇΓöÇΓöÇΓöÇΓöÇΓöÇΓöÇΓöÇΓöÇΓöÇΓöÇΓöÇΓöÇΓöÇΓöÇΓöÇΓöÇΓöÇΓöÇΓöÇΓöÇΓöÇΓöÇΓöÇΓöÇΓöÇΓöÇΓöÇΓöÇΓöÇΓöÇΓöÇΓöÇΓöÇΓöÇΓöÇΓöÇΓöÇΓöÇΓöÇΓöÇΓöÇΓöÇΓöÇΓöÇΓöÇΓöÇΓöÇΓöÇΓöÇΓöÇΓöÇΓöÇΓöÇΓöÇ

    Error Context: test-results\responsive-admin-routes-x-viewports-admin-b2b-chromium\error-context.md

    attachment #9: trace (application/zip) ΓöÇΓöÇΓöÇΓöÇΓöÇΓöÇΓöÇΓöÇΓöÇΓöÇΓöÇΓöÇΓöÇΓöÇΓöÇΓöÇΓöÇΓöÇΓöÇΓöÇΓöÇΓöÇΓöÇΓöÇΓöÇΓöÇΓöÇΓöÇΓöÇΓöÇΓöÇΓöÇΓöÇΓöÇΓöÇΓöÇΓöÇΓöÇΓöÇΓöÇΓöÇΓöÇΓöÇΓöÇΓöÇΓöÇΓöÇΓöÇΓöÇΓöÇΓöÇΓöÇΓöÇΓöÇΓöÇΓöÇΓöÇ
    test-results\responsive-admin-routes-x-viewports-admin-b2b-chromium\trace.zip
    Usage:

        npx playwright show-trace test-results\responsive-admin-routes-x-viewports-admin-b2b-chromium\trace.zip

    ΓöÇΓöÇΓöÇΓöÇΓöÇΓöÇΓöÇΓöÇΓöÇΓöÇΓöÇΓöÇΓöÇΓöÇΓöÇΓöÇΓöÇΓöÇΓöÇΓöÇΓöÇΓöÇΓöÇΓöÇΓöÇΓöÇΓöÇΓöÇΓöÇΓöÇΓöÇΓöÇΓöÇΓöÇΓöÇΓöÇΓöÇΓöÇΓöÇΓöÇΓöÇΓöÇΓöÇΓöÇΓöÇΓöÇΓöÇΓöÇΓöÇΓöÇΓöÇΓöÇΓöÇΓöÇΓöÇΓöÇΓöÇΓöÇΓöÇΓöÇΓöÇΓöÇΓöÇΓöÇΓöÇΓöÇΓöÇΓöÇΓöÇΓöÇΓöÇΓöÇΓöÇΓöÇΓöÇΓöÇΓöÇΓöÇΓöÇΓöÇΓöÇΓöÇΓöÇΓöÇΓöÇΓöÇΓöÇΓöÇΓöÇΓöÇΓöÇΓöÇΓöÇΓöÇΓöÇΓöÇ

  2) [chromium] ΓÇ║ e2e\responsive.spec.mjs:19:5 ΓÇ║ admin routes x viewports ΓÇ║ /admin/b2b/approvals ΓöÇΓöÇΓöÇ

    Error: /admin/b2b/approvals
    @1600px:
      - navigation failed: page.goto: net::ERR_CONNECTION_RESET at http://localhost:3058/admin/b2b/approvals
    @1200px:
      - navigation failed: page.goto: net::ERR_CONNECTION_RESET at http://localhost:3058/admin/b2b/approvals
    @768px:
      - navigation failed: page.goto: net::ERR_CONNECTION_RESET at http://localhost:3058/admin/b2b/approvals
    @480px:
      - navigation failed: page.goto: net::ERR_CONNECTION_RESET at http://localhost:3058/admin/b2b/approvals
    @375px:
      - navigation failed: page.goto: net::ERR_CONNECTION_RESET at http://localhost:3058/admin/b2b/approvals

    expect(received).toEqual(expected) // deep equality

    - Expected  -  1
    + Received  + 12

    - Array []
    + Array [
    +   "@1600px:
    +   - navigation failed: page.goto: net::ERR_CONNECTION_RESET at http://localhost:3058/admin/b2b/approvals",
    +   "@1200px:
    +   - navigation failed: page.goto: net::ERR_CONNECTION_RESET at http://localhost:3058/admin/b2b/approvals",
    +   "@768px:
    +   - navigation failed: page.goto: net::ERR_CONNECTION_RESET at http://localhost:3058/admin/b2b/approvals",
    +   "@480px:
    +   - navigation failed: page.goto: net::ERR_CONNECTION_RESET at http://localhost:3058/admin/b2b/approvals",
    +   "@375px:
    +   - navigation failed: page.goto: net::ERR_CONNECTION_RESET at http://localhost:3058/admin/b2b/approvals",
    + ]

      12 |   await testInfo.attach("matrix", { body: JSON.stringify({ route, url, results }), contentType: "application/json" });
      13 |   const failed = results.filter((r) => r.issues.length).map((r) => `@${r.viewport}px:\n  - ${r.issues.join("\n  - ")}`);
    > 14 |   expect(failed, `${url}\n${failed.join("\n")}`).toEqual([]);
         |                                                  ^
      15 | }
      16 |
      17 | test.describe("admin routes x viewports", () => {
        at runMatrix (C:\Users\priyank\Desktop\Development\BharatAgrolink-admin\e2e\responsive.spec.mjs:14:50)
        at C:\Users\priyank\Desktop\Development\BharatAgrolink-admin\e2e\responsive.spec.mjs:20:7

    attachment #7: screenshot (image/png) ΓöÇΓöÇΓöÇΓöÇΓöÇΓöÇΓöÇΓöÇΓöÇΓöÇΓöÇΓöÇΓöÇΓöÇΓöÇΓöÇΓöÇΓöÇΓöÇΓöÇΓöÇΓöÇΓöÇΓöÇΓöÇΓöÇΓöÇΓöÇΓöÇΓöÇΓöÇΓöÇΓöÇΓöÇΓöÇΓöÇΓöÇΓöÇΓöÇΓöÇΓöÇΓöÇΓöÇΓöÇΓöÇΓöÇΓöÇΓöÇΓöÇΓöÇΓöÇΓöÇΓöÇΓöÇΓöÇΓöÇΓöÇΓöÇ
    test-results\responsive-admin-routes-x-viewports-admin-b2b-approvals-chromium\test-failed-1.png
    ΓöÇΓöÇΓöÇΓöÇΓöÇΓöÇΓöÇΓöÇΓöÇΓöÇΓöÇΓöÇΓöÇΓöÇΓöÇΓöÇΓöÇΓöÇΓöÇΓöÇΓöÇΓöÇΓöÇΓöÇΓöÇΓöÇΓöÇΓöÇΓöÇΓöÇΓöÇΓöÇΓöÇΓöÇΓöÇΓöÇΓöÇΓöÇΓöÇΓöÇΓöÇΓöÇΓöÇΓöÇΓöÇΓöÇΓöÇΓöÇΓöÇΓöÇΓöÇΓöÇΓöÇΓöÇΓöÇΓöÇΓöÇΓöÇΓöÇΓöÇΓöÇΓöÇΓöÇΓöÇΓöÇΓöÇΓöÇΓöÇΓöÇΓöÇΓöÇΓöÇΓöÇΓöÇΓöÇΓöÇΓöÇΓöÇΓöÇΓöÇΓöÇΓöÇΓöÇΓöÇΓöÇΓöÇΓöÇΓöÇΓöÇΓöÇΓöÇΓöÇΓöÇΓöÇΓöÇΓöÇ

    Error Context: test-results\responsive-admin-routes-x-viewports-admin-b2b-approvals-chromium\error-context.md

    attachment #9: trace (application/zip) ΓöÇΓöÇΓöÇΓöÇΓöÇΓöÇΓöÇΓöÇΓöÇΓöÇΓöÇΓöÇΓöÇΓöÇΓöÇΓöÇΓöÇΓöÇΓöÇΓöÇΓöÇΓöÇΓöÇΓöÇΓöÇΓöÇΓöÇΓöÇΓöÇΓöÇΓöÇΓöÇΓöÇΓöÇΓöÇΓöÇΓöÇΓöÇΓöÇΓöÇΓöÇΓöÇΓöÇΓöÇΓöÇΓöÇΓöÇΓöÇΓöÇΓöÇΓöÇΓöÇΓöÇΓöÇΓöÇΓöÇΓöÇ
    test-results\responsive-admin-routes-x-viewports-admin-b2b-approvals-chromium\trace.zip
    Usage:

        npx playwright show-trace test-results\responsive-admin-routes-x-viewports-admin-b2b-approvals-chromium\trace.zip

    ΓöÇΓöÇΓöÇΓöÇΓöÇΓöÇΓöÇΓöÇΓöÇΓöÇΓöÇΓöÇΓöÇΓöÇΓöÇΓöÇΓöÇΓöÇΓöÇΓöÇΓöÇΓöÇΓöÇΓöÇΓöÇΓöÇΓöÇΓöÇΓöÇΓöÇΓöÇΓöÇΓöÇΓöÇΓöÇΓöÇΓöÇΓöÇΓöÇΓöÇΓöÇΓöÇΓöÇΓöÇΓöÇΓöÇΓöÇΓöÇΓöÇΓöÇΓöÇΓöÇΓöÇΓöÇΓöÇΓöÇΓöÇΓöÇΓöÇΓöÇΓöÇΓöÇΓöÇΓöÇΓöÇΓöÇΓöÇΓöÇΓöÇΓöÇΓöÇΓöÇΓöÇΓöÇΓöÇΓöÇΓöÇΓöÇΓöÇΓöÇΓöÇΓöÇΓöÇΓöÇΓöÇΓöÇΓöÇΓöÇΓöÇΓöÇΓöÇΓöÇΓöÇΓöÇΓöÇΓöÇ

  3) [chromium] ΓÇ║ e2e\responsive.spec.mjs:19:5 ΓÇ║ admin routes x viewports ΓÇ║ /admin/b2b/buyers ΓöÇΓöÇΓöÇΓöÇΓöÇΓöÇ

    Error: /admin/b2b/buyers
    @1600px:
      - navigation failed: page.goto: net::ERR_CONNECTION_RESET at http://localhost:3058/admin/b2b/buyers
    @1200px:
      - navigation failed: page.goto: net::ERR_CONNECTION_RESET at http://localhost:3058/admin/b2b/buyers
    @768px:
      - navigation failed: page.goto: net::ERR_CONNECTION_RESET at http://localhost:3058/admin/b2b/buyers
    @480px:
      - navigation failed: page.goto: net::ERR_CONNECTION_RESET at http://localhost:3058/admin/b2b/buyers
    @375px:
      - navigation failed: page.goto: net::ERR_CONNECTION_RESET at http://localhost:3058/admin/b2b/buyers

    expect(received).toEqual(expected) // deep equality

    - Expected  -  1
    + Received  + 12

    - Array []
    + Array [
    +   "@1600px:
    +   - navigation failed: page.goto: net::ERR_CONNECTION_RESET at http://localhost:3058/admin/b2b/buyers",
    +   "@1200px:
    +   - navigation failed: page.goto: net::ERR_CONNECTION_RESET at http://localhost:3058/admin/b2b/buyers",
    +   "@768px:
    +   - navigation failed: page.goto: net::ERR_CONNECTION_RESET at http://localhost:3058/admin/b2b/buyers",
    +   "@480px:
    +   - navigation failed: page.goto: net::ERR_CONNECTION_RESET at http://localhost:3058/admin/b2b/buyers",
    +   "@375px:
    +   - navigation failed: page.goto: net::ERR_CONNECTION_RESET at http://localhost:3058/admin/b2b/buyers",
    + ]

      12 |   await testInfo.attach("matrix", { body: JSON.stringify({ route, url, results }), contentType: "application/json" });
      13 |   const failed = results.filter((r) => r.issues.length).map((r) => `@${r.viewport}px:\n  - ${r.issues.join("\n  - ")}`);
    > 14 |   expect(failed, `${url}\n${failed.join("\n")}`).toEqual([]);
         |                                                  ^
      15 | }
      16 |
      17 | test.describe("admin routes x viewports", () => {
        at runMatrix (C:\Users\priyank\Desktop\Development\BharatAgrolink-admin\e2e\responsive.spec.mjs:14:50)
        at C:\Users\priyank\Desktop\Development\BharatAgrolink-admin\e2e\responsive.spec.mjs:20:7

    attachment #7: screenshot (image/png) ΓöÇΓöÇΓöÇΓöÇΓöÇΓöÇΓöÇΓöÇΓöÇΓöÇΓöÇΓöÇΓöÇΓöÇΓöÇΓöÇΓöÇΓöÇΓöÇΓöÇΓöÇΓöÇΓöÇΓöÇΓöÇΓöÇΓöÇΓöÇΓöÇΓöÇΓöÇΓöÇΓöÇΓöÇΓöÇΓöÇΓöÇΓöÇΓöÇΓöÇΓöÇΓöÇΓöÇΓöÇΓöÇΓöÇΓöÇΓöÇΓöÇΓöÇΓöÇΓöÇΓöÇΓöÇΓöÇΓöÇΓöÇΓöÇ
    test-results\responsive-admin-routes-x-viewports-admin-b2b-buyers-chromium\test-failed-1.png
    ΓöÇΓöÇΓöÇΓöÇΓöÇΓöÇΓöÇΓöÇΓöÇΓöÇΓöÇΓöÇΓöÇΓöÇΓöÇΓöÇΓöÇΓöÇΓöÇΓöÇΓöÇΓöÇΓöÇΓöÇΓöÇΓöÇΓöÇΓöÇΓöÇΓöÇΓöÇΓöÇΓöÇΓöÇΓöÇΓöÇΓöÇΓöÇΓöÇΓöÇΓöÇΓöÇΓöÇΓöÇΓöÇΓöÇΓöÇΓöÇΓöÇΓöÇΓöÇΓöÇΓöÇΓöÇΓöÇΓöÇΓöÇΓöÇΓöÇΓöÇΓöÇΓöÇΓöÇΓöÇΓöÇΓöÇΓöÇΓöÇΓöÇΓöÇΓöÇΓöÇΓöÇΓöÇΓöÇΓöÇΓöÇΓöÇΓöÇΓöÇΓöÇΓöÇΓöÇΓöÇΓöÇΓöÇΓöÇΓöÇΓöÇΓöÇΓöÇΓöÇΓöÇΓöÇΓöÇΓöÇ

    Error Context: test-results\responsive-admin-routes-x-viewports-admin-b2b-buyers-chromium\error-context.md

    attachment #9: trace (application/zip) ΓöÇΓöÇΓöÇΓöÇΓöÇΓöÇΓöÇΓöÇΓöÇΓöÇΓöÇΓöÇΓöÇΓöÇΓöÇΓöÇΓöÇΓöÇΓöÇΓöÇΓöÇΓöÇΓöÇΓöÇΓöÇΓöÇΓöÇΓöÇΓöÇΓöÇΓöÇΓöÇΓöÇΓöÇΓöÇΓöÇΓöÇΓöÇΓöÇΓöÇΓöÇΓöÇΓöÇΓöÇΓöÇΓöÇΓöÇΓöÇΓöÇΓöÇΓöÇΓöÇΓöÇΓöÇΓöÇΓöÇΓöÇ
    test-results\responsive-admin-routes-x-viewports-admin-b2b-buyers-chromium\trace.zip
    Usage:

        npx playwright show-trace test-results\responsive-admin-routes-x-viewports-admin-b2b-buyers-chromium\trace.zip

    ΓöÇΓöÇΓöÇΓöÇΓöÇΓöÇΓöÇΓöÇΓöÇΓöÇΓöÇΓöÇΓöÇΓöÇΓöÇΓöÇΓöÇΓöÇΓöÇΓöÇΓöÇΓöÇΓöÇΓöÇΓöÇΓöÇΓöÇΓöÇΓöÇΓöÇΓöÇΓöÇΓöÇΓöÇΓöÇΓöÇΓöÇΓöÇΓöÇΓöÇΓöÇΓöÇΓöÇΓöÇΓöÇΓöÇΓöÇΓöÇΓöÇΓöÇΓöÇΓöÇΓöÇΓöÇΓöÇΓöÇΓöÇΓöÇΓöÇΓöÇΓöÇΓöÇΓöÇΓöÇΓöÇΓöÇΓöÇΓöÇΓöÇΓöÇΓöÇΓöÇΓöÇΓöÇΓöÇΓöÇΓöÇΓöÇΓöÇΓöÇΓöÇΓöÇΓöÇΓöÇΓöÇΓöÇΓöÇΓöÇΓöÇΓöÇΓöÇΓöÇΓöÇΓöÇΓöÇΓöÇ

  4) [chromium] ΓÇ║ e2e\responsive.spec.mjs:19:5 ΓÇ║ admin routes x viewports ΓÇ║ /admin/b2b/catalog ΓöÇΓöÇΓöÇΓöÇΓöÇ

    Error: /admin/b2b/catalog
    @1600px:
      - navigation failed: page.goto: net::ERR_CONNECTION_REFUSED at http://localhost:3058/admin/b2b/catalog
    @1200px:
      - navigation failed: page.goto: net::ERR_CONNECTION_REFUSED at http://localhost:3058/admin/b2b/catalog
    @768px:
      - navigation failed: page.goto: net::ERR_CONNECTION_REFUSED at http://localhost:3058/admin/b2b/catalog
    @480px:
      - navigation failed: page.goto: net::ERR_CONNECTION_REFUSED at http://localhost:3058/admin/b2b/catalog
    @375px:
      - navigation failed: page.goto: net::ERR_CONNECTION_REFUSED at http://localhost:3058/admin/b2b/catalog

    expect(received).toEqual(expected) // deep equality

    - Expected  -  1
    + Received  + 12

    - Array []
    + Array [
    +   "@1600px:
    +   - navigation failed: page.goto: net::ERR_CONNECTION_REFUSED at http://localhost:3058/admin/b2b/catalog",
    +   "@1200px:
    +   - navigation failed: page.goto: net::ERR_CONNECTION_REFUSED at http://localhost:3058/admin/b2b/catalog",
    +   "@768px:
    +   - navigation failed: page.goto: net::ERR_CONNECTION_REFUSED at http://localhost:3058/admin/b2b/catalog",
    +   "@480px:
    +   - navigation failed: page.goto: net::ERR_CONNECTION_REFUSED at http://localhost:3058/admin/b2b/catalog",
    +   "@375px:
    +   - navigation failed: page.goto: net::ERR_CONNECTION_REFUSED at http://localhost:3058/admin/b2b/catalog",
    + ]

      12 |   await testInfo.attach("matrix", { body: JSON.stringify({ route, url, results }), contentType: "application/json" });
      13 |   const failed = results.filter((r) => r.issues.length).map((r) => `@${r.viewport}px:\n  - ${r.issues.join("\n  - ")}`);
    > 14 |   expect(failed, `${url}\n${failed.join("\n")}`).toEqual([]);
         |                                                  ^
      15 | }
      16 |
      17 | test.describe("admin routes x viewports", () => {
        at runMatrix (C:\Users\priyank\Desktop\Development\BharatAgrolink-admin\e2e\responsive.spec.mjs:14:50)
        at C:\Users\priyank\Desktop\Development\BharatAgrolink-admin\e2e\responsive.spec.mjs:20:7

    attachment #7: screenshot (image/png) ΓöÇΓöÇΓöÇΓöÇΓöÇΓöÇΓöÇΓöÇΓöÇΓöÇΓöÇΓöÇΓöÇΓöÇΓöÇΓöÇΓöÇΓöÇΓöÇΓöÇΓöÇΓöÇΓöÇΓöÇΓöÇΓöÇΓöÇΓöÇΓöÇΓöÇΓöÇΓöÇΓöÇΓöÇΓöÇΓöÇΓöÇΓöÇΓöÇΓöÇΓöÇΓöÇΓöÇΓöÇΓöÇΓöÇΓöÇΓöÇΓöÇΓöÇΓöÇΓöÇΓöÇΓöÇΓöÇΓöÇΓöÇΓöÇ
    test-results\responsive-admin-routes-x-viewports-admin-b2b-catalog-chromium\test-failed-1.png
    ΓöÇΓöÇΓöÇΓöÇΓöÇΓöÇΓöÇΓöÇΓöÇΓöÇΓöÇΓöÇΓöÇΓöÇΓöÇΓöÇΓöÇΓöÇΓöÇΓöÇΓöÇΓöÇΓöÇΓöÇΓöÇΓöÇΓöÇΓöÇΓöÇΓöÇΓöÇΓöÇΓöÇΓöÇΓöÇΓöÇΓöÇΓöÇΓöÇΓöÇΓöÇΓöÇΓöÇΓöÇΓöÇΓöÇΓöÇΓöÇΓöÇΓöÇΓöÇΓöÇΓöÇΓöÇΓöÇΓöÇΓöÇΓöÇΓöÇΓöÇΓöÇΓöÇΓöÇΓöÇΓöÇΓöÇΓöÇΓöÇΓöÇΓöÇΓöÇΓöÇΓöÇΓöÇΓöÇΓöÇΓöÇΓöÇΓöÇΓöÇΓöÇΓöÇΓöÇΓöÇΓöÇΓöÇΓöÇΓöÇΓöÇΓöÇΓöÇΓöÇΓöÇΓöÇΓöÇΓöÇ

    Error Context: test-results\responsive-admin-routes-x-viewports-admin-b2b-catalog-chromium\error-context.md

    attachment #9: trace (application/zip) ΓöÇΓöÇΓöÇΓöÇΓöÇΓöÇΓöÇΓöÇΓöÇΓöÇΓöÇΓöÇΓöÇΓöÇΓöÇΓöÇΓöÇΓöÇΓöÇΓöÇΓöÇΓöÇΓöÇΓöÇΓöÇΓöÇΓöÇΓöÇΓöÇΓöÇΓöÇΓöÇΓöÇΓöÇΓöÇΓöÇΓöÇΓöÇΓöÇΓöÇΓöÇΓöÇΓöÇΓöÇΓöÇΓöÇΓöÇΓöÇΓöÇΓöÇΓöÇΓöÇΓöÇΓöÇΓöÇΓöÇΓöÇ
    test-results\responsive-admin-routes-x-viewports-admin-b2b-catalog-chromium\trace.zip
    Usage:

        npx playwright show-trace test-results\responsive-admin-routes-x-viewports-admin-b2b-catalog-chromium\trace.zip

    ΓöÇΓöÇΓöÇΓöÇΓöÇΓöÇΓöÇΓöÇΓöÇΓöÇΓöÇΓöÇΓöÇΓöÇΓöÇΓöÇΓöÇΓöÇΓöÇΓöÇΓöÇΓöÇΓöÇΓöÇΓöÇΓöÇΓöÇΓöÇΓöÇΓöÇΓöÇΓöÇΓöÇΓöÇΓöÇΓöÇΓöÇΓöÇΓöÇΓöÇΓöÇΓöÇΓöÇΓöÇΓöÇΓöÇΓöÇΓöÇΓöÇΓöÇΓöÇΓöÇΓöÇΓöÇΓöÇΓöÇΓöÇΓöÇΓöÇΓöÇΓöÇΓöÇΓöÇΓöÇΓöÇΓöÇΓöÇΓöÇΓöÇΓöÇΓöÇΓöÇΓöÇΓöÇΓöÇΓöÇΓöÇΓöÇΓöÇΓöÇΓöÇΓöÇΓöÇΓöÇΓöÇΓöÇΓöÇΓöÇΓöÇΓöÇΓöÇΓöÇΓöÇΓöÇΓöÇΓöÇ

  5) [chromium] ΓÇ║ e2e\responsive.spec.mjs:19:5 ΓÇ║ admin routes x viewports ΓÇ║ /admin/b2b/catalog/generate 

    Error: /admin/b2b/catalog/generate
    @1600px:
      - navigation failed: page.goto: net::ERR_CONNECTION_REFUSED at http://localhost:3058/admin/b2b/catalog/generate
    @1200px:
      - navigation failed: page.goto: net::ERR_CONNECTION_REFUSED at http://localhost:3058/admin/b2b/catalog/generate
    @768px:
      - navigation failed: page.goto: net::ERR_CONNECTION_REFUSED at http://localhost:3058/admin/b2b/catalog/generate
    @480px:
      - navigation failed: page.goto: net::ERR_CONNECTION_REFUSED at http://localhost:3058/admin/b2b/catalog/generate
    @375px:
      - navigation failed: page.goto: net::ERR_CONNECTION_REFUSED at http://localhost:3058/admin/b2b/catalog/generate

    expect(received).toEqual(expected) // deep equality

    - Expected  -  1
    + Received  + 12

    - Array []
    + Array [
    +   "@1600px:
    +   - navigation failed: page.goto: net::ERR_CONNECTION_REFUSED at http://localhost:3058/admin/b2b/catalog/generate",
    +   "@1200px:
    +   - navigation failed: page.goto: net::ERR_CONNECTION_REFUSED at http://localhost:3058/admin/b2b/catalog/generate",
    +   "@768px:
    +   - navigation failed: page.goto: net::ERR_CONNECTION_REFUSED at http://localhost:3058/admin/b2b/catalog/generate",
    +   "@480px:
    +   - navigation failed: page.goto: net::ERR_CONNECTION_REFUSED at http://localhost:3058/admin/b2b/catalog/generate",
    +   "@375px:
    +   - navigation failed: page.goto: net::ERR_CONNECTION_REFUSED at http://localhost:3058/admin/b2b/catalog/generate",
    + ]

      12 |   await testInfo.attach("matrix", { body: JSON.stringify({ route, url, results }), contentType: "application/json" });
      13 |   const failed = results.filter((r) => r.issues.length).map((r) => `@${r.viewport}px:\n  - ${r.issues.join("\n  - ")}`);
    > 14 |   expect(failed, `${url}\n${failed.join("\n")}`).toEqual([]);
         |                                                  ^
      15 | }
      16 |
      17 | test.describe("admin routes x viewports", () => {
        at runMatrix (C:\Users\priyank\Desktop\Development\BharatAgrolink-admin\e2e\responsive.spec.mjs:14:50)
        at C:\Users\priyank\Desktop\Development\BharatAgrolink-admin\e2e\responsive.spec.mjs:20:7

    attachment #7: screenshot (image/png) ΓöÇΓöÇΓöÇΓöÇΓöÇΓöÇΓöÇΓöÇΓöÇΓöÇΓöÇΓöÇΓöÇΓöÇΓöÇΓöÇΓöÇΓöÇΓöÇΓöÇΓöÇΓöÇΓöÇΓöÇΓöÇΓöÇΓöÇΓöÇΓöÇΓöÇΓöÇΓöÇΓöÇΓöÇΓöÇΓöÇΓöÇΓöÇΓöÇΓöÇΓöÇΓöÇΓöÇΓöÇΓöÇΓöÇΓöÇΓöÇΓöÇΓöÇΓöÇΓöÇΓöÇΓöÇΓöÇΓöÇΓöÇΓöÇ
    test-results\responsive-admin-routes-x--a3af5--admin-b2b-catalog-generate-chromium\test-failed-1.png
    ΓöÇΓöÇΓöÇΓöÇΓöÇΓöÇΓöÇΓöÇΓöÇΓöÇΓöÇΓöÇΓöÇΓöÇΓöÇΓöÇΓöÇΓöÇΓöÇΓöÇΓöÇΓöÇΓöÇΓöÇΓöÇΓöÇΓöÇΓöÇΓöÇΓöÇΓöÇΓöÇΓöÇΓöÇΓöÇΓöÇΓöÇΓöÇΓöÇΓöÇΓöÇΓöÇΓöÇΓöÇΓöÇΓöÇΓöÇΓöÇΓöÇΓöÇΓöÇΓöÇΓöÇΓöÇΓöÇΓöÇΓöÇΓöÇΓöÇΓöÇΓöÇΓöÇΓöÇΓöÇΓöÇΓöÇΓöÇΓöÇΓöÇΓöÇΓöÇΓöÇΓöÇΓöÇΓöÇΓöÇΓöÇΓöÇΓöÇΓöÇΓöÇΓöÇΓöÇΓöÇΓöÇΓöÇΓöÇΓöÇΓöÇΓöÇΓöÇΓöÇΓöÇΓöÇΓöÇΓöÇ

    Error Context: test-results\responsive-admin-routes-x--a3af5--admin-b2b-catalog-generate-chromium\error-context.md

    attachment #9: trace (application/zip) ΓöÇΓöÇΓöÇΓöÇΓöÇΓöÇΓöÇΓöÇΓöÇΓöÇΓöÇΓöÇΓöÇΓöÇΓöÇΓöÇΓöÇΓöÇΓöÇΓöÇΓöÇΓöÇΓöÇΓöÇΓöÇΓöÇΓöÇΓöÇΓöÇΓöÇΓöÇΓöÇΓöÇΓöÇΓöÇΓöÇΓöÇΓöÇΓöÇΓöÇΓöÇΓöÇΓöÇΓöÇΓöÇΓöÇΓöÇΓöÇΓöÇΓöÇΓöÇΓöÇΓöÇΓöÇΓöÇΓöÇΓöÇ
    test-results\responsive-admin-routes-x--a3af5--admin-b2b-catalog-generate-chromium\trace.zip
    Usage:

        npx playwright show-trace test-results\responsive-admin-routes-x--a3af5--admin-b2b-catalog-generate-chromium\trace.zip

    ΓöÇΓöÇΓöÇΓöÇΓöÇΓöÇΓöÇΓöÇΓöÇΓöÇΓöÇΓöÇΓöÇΓöÇΓöÇΓöÇΓöÇΓöÇΓöÇΓöÇΓöÇΓöÇΓöÇΓöÇΓöÇΓöÇΓöÇΓöÇΓöÇΓöÇΓöÇΓöÇΓöÇΓöÇΓöÇΓöÇΓöÇΓöÇΓöÇΓöÇΓöÇΓöÇΓöÇΓöÇΓöÇΓöÇΓöÇΓöÇΓöÇΓöÇΓöÇΓöÇΓöÇΓöÇΓöÇΓöÇΓöÇΓöÇΓöÇΓöÇΓöÇΓöÇΓöÇΓöÇΓöÇΓöÇΓöÇΓöÇΓöÇΓöÇΓöÇΓöÇΓöÇΓöÇΓöÇΓöÇΓöÇΓöÇΓöÇΓöÇΓöÇΓöÇΓöÇΓöÇΓöÇΓöÇΓöÇΓöÇΓöÇΓöÇΓöÇΓöÇΓöÇΓöÇΓöÇΓöÇ

  6) [chromium] ΓÇ║ e2e\responsive.spec.mjs:19:5 ΓÇ║ admin routes x viewports ΓÇ║ /admin/b2b/claims ΓöÇΓöÇΓöÇΓöÇΓöÇΓöÇ

    Error: /admin/b2b/claims
    @1600px:
      - navigation failed: page.goto: net::ERR_CONNECTION_REFUSED at http://localhost:3058/admin/b2b/claims
    @1200px:
      - navigation failed: page.goto: net::ERR_CONNECTION_REFUSED at http://localhost:3058/admin/b2b/claims
    @768px:
      - navigation failed: page.goto: net::ERR_CONNECTION_REFUSED at http://localhost:3058/admin/b2b/claims
    @480px:
      - navigation failed: page.goto: net::ERR_CONNECTION_REFUSED at http://localhost:3058/admin/b2b/claims
    @375px:
      - navigation failed: page.goto: net::ERR_CONNECTION_REFUSED at http://localhost:3058/admin/b2b/claims

    expect(received).toEqual(expected) // deep equality

    - Expected  -  1
    + Received  + 12

    - Array []
    + Array [
    +   "@1600px:
    +   - navigation failed: page.goto: net::ERR_CONNECTION_REFUSED at http://localhost:3058/admin/b2b/claims",
    +   "@1200px:
    +   - navigation failed: page.goto: net::ERR_CONNECTION_REFUSED at http://localhost:3058/admin/b2b/claims",
    +   "@768px:
    +   - navigation failed: page.goto: net::ERR_CONNECTION_REFUSED at http://localhost:3058/admin/b2b/claims",
    +   "@480px:
    +   - navigation failed: page.goto: net::ERR_CONNECTION_REFUSED at http://localhost:3058/admin/b2b/claims",
    +   "@375px:
    +   - navigation failed: page.goto: net::ERR_CONNECTION_REFUSED at http://localhost:3058/admin/b2b/claims",
    + ]

      12 |   await testInfo.attach("matrix", { body: JSON.stringify({ route, url, results }), contentType: "application/json" });
      13 |   const failed = results.filter((r) => r.issues.length).map((r) => `@${r.viewport}px:\n  - ${r.issues.join("\n  - ")}`);
    > 14 |   expect(failed, `${url}\n${failed.join("\n")}`).toEqual([]);
         |                                                  ^
      15 | }
      16 |
      17 | test.describe("admin routes x viewports", () => {
        at runMatrix (C:\Users\priyank\Desktop\Development\BharatAgrolink-admin\e2e\responsive.spec.mjs:14:50)
        at C:\Users\priyank\Desktop\Development\BharatAgrolink-admin\e2e\responsive.spec.mjs:20:7

    attachment #7: screenshot (image/png) ΓöÇΓöÇΓöÇΓöÇΓöÇΓöÇΓöÇΓöÇΓöÇΓöÇΓöÇΓöÇΓöÇΓöÇΓöÇΓöÇΓöÇΓöÇΓöÇΓöÇΓöÇΓöÇΓöÇΓöÇΓöÇΓöÇΓöÇΓöÇΓöÇΓöÇΓöÇΓöÇΓöÇΓöÇΓöÇΓöÇΓöÇΓöÇΓöÇΓöÇΓöÇΓöÇΓöÇΓöÇΓöÇΓöÇΓöÇΓöÇΓöÇΓöÇΓöÇΓöÇΓöÇΓöÇΓöÇΓöÇΓöÇΓöÇ
    test-results\responsive-admin-routes-x-viewports-admin-b2b-claims-chromium\test-failed-1.png
    ΓöÇΓöÇΓöÇΓöÇΓöÇΓöÇΓöÇΓöÇΓöÇΓöÇΓöÇΓöÇΓöÇΓöÇΓöÇΓöÇΓöÇΓöÇΓöÇΓöÇΓöÇΓöÇΓöÇΓöÇΓöÇΓöÇΓöÇΓöÇΓöÇΓöÇΓöÇΓöÇΓöÇΓöÇΓöÇΓöÇΓöÇΓöÇΓöÇΓöÇΓöÇΓöÇΓöÇΓöÇΓöÇΓöÇΓöÇΓöÇΓöÇΓöÇΓöÇΓöÇΓöÇΓöÇΓöÇΓöÇΓöÇΓöÇΓöÇΓöÇΓöÇΓöÇΓöÇΓöÇΓöÇΓöÇΓöÇΓöÇΓöÇΓöÇΓöÇΓöÇΓöÇΓöÇΓöÇΓöÇΓöÇΓöÇΓöÇΓöÇΓöÇΓöÇΓöÇΓöÇΓöÇΓöÇΓöÇΓöÇΓöÇΓöÇΓöÇΓöÇΓöÇΓöÇΓöÇΓöÇ

    Error Context: test-results\responsive-admin-routes-x-viewports-admin-b2b-claims-chromium\error-context.md

    attachment #9: trace (application/zip) ΓöÇΓöÇΓöÇΓöÇΓöÇΓöÇΓöÇΓöÇΓöÇΓöÇΓöÇΓöÇΓöÇΓöÇΓöÇΓöÇΓöÇΓöÇΓöÇΓöÇΓöÇΓöÇΓöÇΓöÇΓöÇΓöÇΓöÇΓöÇΓöÇΓöÇΓöÇΓöÇΓöÇΓöÇΓöÇΓöÇΓöÇΓöÇΓöÇΓöÇΓöÇΓöÇΓöÇΓöÇΓöÇΓöÇΓöÇΓöÇΓöÇΓöÇΓöÇΓöÇΓöÇΓöÇΓöÇΓöÇΓöÇ
    test-results\responsive-admin-routes-x-viewports-admin-b2b-claims-chromium\trace.zip
    Usage:

        npx playwright show-trace test-results\responsive-admin-routes-x-viewports-admin-b2b-claims-chromium\trace.zip

    ΓöÇΓöÇΓöÇΓöÇΓöÇΓöÇΓöÇΓöÇΓöÇΓöÇΓöÇΓöÇΓöÇΓöÇΓöÇΓöÇΓöÇΓöÇΓöÇΓöÇΓöÇΓöÇΓöÇΓöÇΓöÇΓöÇΓöÇΓöÇΓöÇΓöÇΓöÇΓöÇΓöÇΓöÇΓöÇΓöÇΓöÇΓöÇΓöÇΓöÇΓöÇΓöÇΓöÇΓöÇΓöÇΓöÇΓöÇΓöÇΓöÇΓöÇΓöÇΓöÇΓöÇΓöÇΓöÇΓöÇΓöÇΓöÇΓöÇΓöÇΓöÇΓöÇΓöÇΓöÇΓöÇΓöÇΓöÇΓöÇΓöÇΓöÇΓöÇΓöÇΓöÇΓöÇΓöÇΓöÇΓöÇΓöÇΓöÇΓöÇΓöÇΓöÇΓöÇΓöÇΓöÇΓöÇΓöÇΓöÇΓöÇΓöÇΓöÇΓöÇΓöÇΓöÇΓöÇΓöÇ

  7) [chromium] ΓÇ║ e2e\responsive.spec.mjs:19:5 ΓÇ║ admin routes x viewports ΓÇ║ /admin/b2b/logistics ΓöÇΓöÇΓöÇ

    Error: /admin/b2b/logistics
    @1600px:
      - navigation failed: page.goto: net::ERR_CONNECTION_REFUSED at http://localhost:3058/admin/b2b/logistics
    @1200px:
      - navigation failed: page.goto: net::ERR_CONNECTION_REFUSED at http://localhost:3058/admin/b2b/logistics
    @768px:
      - navigation failed: page.goto: net::ERR_CONNECTION_REFUSED at http://localhost:3058/admin/b2b/logistics
    @480px:
      - navigation failed: page.goto: net::ERR_CONNECTION_REFUSED at http://localhost:3058/admin/b2b/logistics
    @375px:
      - navigation failed: page.goto: net::ERR_CONNECTION_REFUSED at http://localhost:3058/admin/b2b/logistics

    expect(received).toEqual(expected) // deep equality

    - Expected  -  1
    + Received  + 12

    - Array []
    + Array [
    +   "@1600px:
    +   - navigation failed: page.goto: net::ERR_CONNECTION_REFUSED at http://localhost:3058/admin/b2b/logistics",
    +   "@1200px:
    +   - navigation failed: page.goto: net::ERR_CONNECTION_REFUSED at http://localhost:3058/admin/b2b/logistics",
    +   "@768px:
    +   - navigation failed: page.goto: net::ERR_CONNECTION_REFUSED at http://localhost:3058/admin/b2b/logistics",
    +   "@480px:
    +   - navigation failed: page.goto: net::ERR_CONNECTION_REFUSED at http://localhost:3058/admin/b2b/logistics",
    +   "@375px:
    +   - navigation failed: page.goto: net::ERR_CONNECTION_REFUSED at http://localhost:3058/admin/b2b/logistics",
    + ]

      12 |   await testInfo.attach("matrix", { body: JSON.stringify({ route, url, results }), contentType: "application/json" });
      13 |   const failed = results.filter((r) => r.issues.length).map((r) => `@${r.viewport}px:\n  - ${r.issues.join("\n  - ")}`);
    > 14 |   expect(failed, `${url}\n${failed.join("\n")}`).toEqual([]);
         |                                                  ^
      15 | }
      16 |
      17 | test.describe("admin routes x viewports", () => {
        at runMatrix (C:\Users\priyank\Desktop\Development\BharatAgrolink-admin\e2e\responsive.spec.mjs:14:50)
        at C:\Users\priyank\Desktop\Development\BharatAgrolink-admin\e2e\responsive.spec.mjs:20:7

    attachment #7: screenshot (image/png) ΓöÇΓöÇΓöÇΓöÇΓöÇΓöÇΓöÇΓöÇΓöÇΓöÇΓöÇΓöÇΓöÇΓöÇΓöÇΓöÇΓöÇΓöÇΓöÇΓöÇΓöÇΓöÇΓöÇΓöÇΓöÇΓöÇΓöÇΓöÇΓöÇΓöÇΓöÇΓöÇΓöÇΓöÇΓöÇΓöÇΓöÇΓöÇΓöÇΓöÇΓöÇΓöÇΓöÇΓöÇΓöÇΓöÇΓöÇΓöÇΓöÇΓöÇΓöÇΓöÇΓöÇΓöÇΓöÇΓöÇΓöÇΓöÇ
    test-results\responsive-admin-routes-x-viewports-admin-b2b-logistics-chromium\test-failed-1.png
    ΓöÇΓöÇΓöÇΓöÇΓöÇΓöÇΓöÇΓöÇΓöÇΓöÇΓöÇΓöÇΓöÇΓöÇΓöÇΓöÇΓöÇΓöÇΓöÇΓöÇΓöÇΓöÇΓöÇΓöÇΓöÇΓöÇΓöÇΓöÇΓöÇΓöÇΓöÇΓöÇΓöÇΓöÇΓöÇΓöÇΓöÇΓöÇΓöÇΓöÇΓöÇΓöÇΓöÇΓöÇΓöÇΓöÇΓöÇΓöÇΓöÇΓöÇΓöÇΓöÇΓöÇΓöÇΓöÇΓöÇΓöÇΓöÇΓöÇΓöÇΓöÇΓöÇΓöÇΓöÇΓöÇΓöÇΓöÇΓöÇΓöÇΓöÇΓöÇΓöÇΓöÇΓöÇΓöÇΓöÇΓöÇΓöÇΓöÇΓöÇΓöÇΓöÇΓöÇΓöÇΓöÇΓöÇΓöÇΓöÇΓöÇΓöÇΓöÇΓöÇΓöÇΓöÇΓöÇΓöÇ

    Error Context: test-results\responsive-admin-routes-x-viewports-admin-b2b-logistics-chromium\error-context.md

    attachment #9: trace (application/zip) ΓöÇΓöÇΓöÇΓöÇΓöÇΓöÇΓöÇΓöÇΓöÇΓöÇΓöÇΓöÇΓöÇΓöÇΓöÇΓöÇΓöÇΓöÇΓöÇΓöÇΓöÇΓöÇΓöÇΓöÇΓöÇΓöÇΓöÇΓöÇΓöÇΓöÇΓöÇΓöÇΓöÇΓöÇΓöÇΓöÇΓöÇΓöÇΓöÇΓöÇΓöÇΓöÇΓöÇΓöÇΓöÇΓöÇΓöÇΓöÇΓöÇΓöÇΓöÇΓöÇΓöÇΓöÇΓöÇΓöÇΓöÇ
    test-results\responsive-admin-routes-x-viewports-admin-b2b-logistics-chromium\trace.zip
    Usage:

        npx playwright show-trace test-results\responsive-admin-routes-x-viewports-admin-b2b-logistics-chromium\trace.zip

    ΓöÇΓöÇΓöÇΓöÇΓöÇΓöÇΓöÇΓöÇΓöÇΓöÇΓöÇΓöÇΓöÇΓöÇΓöÇΓöÇΓöÇΓöÇΓöÇΓöÇΓöÇΓöÇΓöÇΓöÇΓöÇΓöÇΓöÇΓöÇΓöÇΓöÇΓöÇΓöÇΓöÇΓöÇΓöÇΓöÇΓöÇΓöÇΓöÇΓöÇΓöÇΓöÇΓöÇΓöÇΓöÇΓöÇΓöÇΓöÇΓöÇΓöÇΓöÇΓöÇΓöÇΓöÇΓöÇΓöÇΓöÇΓöÇΓöÇΓöÇΓöÇΓöÇΓöÇΓöÇΓöÇΓöÇΓöÇΓöÇΓöÇΓöÇΓöÇΓöÇΓöÇΓöÇΓöÇΓöÇΓöÇΓöÇΓöÇΓöÇΓöÇΓöÇΓöÇΓöÇΓöÇΓöÇΓöÇΓöÇΓöÇΓöÇΓöÇΓöÇΓöÇΓöÇΓöÇΓöÇ

  8) [chromium] ΓÇ║ e2e\responsive.spec.mjs:19:5 ΓÇ║ admin routes x viewports ΓÇ║ /admin/b2b/ops-queue ΓöÇΓöÇΓöÇ

    Error: /admin/b2b/ops-queue
    @1600px:
      - navigation failed: page.goto: net::ERR_CONNECTION_REFUSED at http://localhost:3058/admin/b2b/ops-queue
    @1200px:
      - navigation failed: page.goto: net::ERR_CONNECTION_REFUSED at http://localhost:3058/admin/b2b/ops-queue
    @768px:
      - navigation failed: page.goto: net::ERR_CONNECTION_REFUSED at http://localhost:3058/admin/b2b/ops-queue
    @480px:
      - navigation failed: page.goto: net::ERR_CONNECTION_REFUSED at http://localhost:3058/admin/b2b/ops-queue
    @375px:
      - navigation failed: page.goto: net::ERR_CONNECTION_REFUSED at http://localhost:3058/admin/b2b/ops-queue

    expect(received).toEqual(expected) // deep equality

    - Expected  -  1
    + Received  + 12

    - Array []
    + Array [
    +   "@1600px:
    +   - navigation failed: page.goto: net::ERR_CONNECTION_REFUSED at http://localhost:3058/admin/b2b/ops-queue",
    +   "@1200px:
    +   - navigation failed: page.goto: net::ERR_CONNECTION_REFUSED at http://localhost:3058/admin/b2b/ops-queue",
    +   "@768px:
    +   - navigation failed: page.goto: net::ERR_CONNECTION_REFUSED at http://localhost:3058/admin/b2b/ops-queue",
    +   "@480px:
    +   - navigation failed: page.goto: net::ERR_CONNECTION_REFUSED at http://localhost:3058/admin/b2b/ops-queue",
    +   "@375px:
    +   - navigation failed: page.goto: net::ERR_CONNECTION_REFUSED at http://localhost:3058/admin/b2b/ops-queue",
    + ]

      12 |   await testInfo.attach("matrix", { body: JSON.stringify({ route, url, results }), contentType: "application/json" });
      13 |   const failed = results.filter((r) => r.issues.length).map((r) => `@${r.viewport}px:\n  - ${r.issues.join("\n  - ")}`);
    > 14 |   expect(failed, `${url}\n${failed.join("\n")}`).toEqual([]);
         |                                                  ^
      15 | }
      16 |
      17 | test.describe("admin routes x viewports", () => {
        at runMatrix (C:\Users\priyank\Desktop\Development\BharatAgrolink-admin\e2e\responsive.spec.mjs:14:50)
        at C:\Users\priyank\Desktop\Development\BharatAgrolink-admin\e2e\responsive.spec.mjs:20:7

    attachment #7: screenshot (image/png) ΓöÇΓöÇΓöÇΓöÇΓöÇΓöÇΓöÇΓöÇΓöÇΓöÇΓöÇΓöÇΓöÇΓöÇΓöÇΓöÇΓöÇΓöÇΓöÇΓöÇΓöÇΓöÇΓöÇΓöÇΓöÇΓöÇΓöÇΓöÇΓöÇΓöÇΓöÇΓöÇΓöÇΓöÇΓöÇΓöÇΓöÇΓöÇΓöÇΓöÇΓöÇΓöÇΓöÇΓöÇΓöÇΓöÇΓöÇΓöÇΓöÇΓöÇΓöÇΓöÇΓöÇΓöÇΓöÇΓöÇΓöÇΓöÇ
    test-results\responsive-admin-routes-x-viewports-admin-b2b-ops-queue-chromium\test-failed-1.png
    ΓöÇΓöÇΓöÇΓöÇΓöÇΓöÇΓöÇΓöÇΓöÇΓöÇΓöÇΓöÇΓöÇΓöÇΓöÇΓöÇΓöÇΓöÇΓöÇΓöÇΓöÇΓöÇΓöÇΓöÇΓöÇΓöÇΓöÇΓöÇΓöÇΓöÇΓöÇΓöÇΓöÇΓöÇΓöÇΓöÇΓöÇΓöÇΓöÇΓöÇΓöÇΓöÇΓöÇΓöÇΓöÇΓöÇΓöÇΓöÇΓöÇΓöÇΓöÇΓöÇΓöÇΓöÇΓöÇΓöÇΓöÇΓöÇΓöÇΓöÇΓöÇΓöÇΓöÇΓöÇΓöÇΓöÇΓöÇΓöÇΓöÇΓöÇΓöÇΓöÇΓöÇΓöÇΓöÇΓöÇΓöÇΓöÇΓöÇΓöÇΓöÇΓöÇΓöÇΓöÇΓöÇΓöÇΓöÇΓöÇΓöÇΓöÇΓöÇΓöÇΓöÇΓöÇΓöÇΓöÇ

    Error Context: test-results\responsive-admin-routes-x-viewports-admin-b2b-ops-queue-chromium\error-context.md

    attachment #9: trace (application/zip) ΓöÇΓöÇΓöÇΓöÇΓöÇΓöÇΓöÇΓöÇΓöÇΓöÇΓöÇΓöÇΓöÇΓöÇΓöÇΓöÇΓöÇΓöÇΓöÇΓöÇΓöÇΓöÇΓöÇΓöÇΓöÇΓöÇΓöÇΓöÇΓöÇΓöÇΓöÇΓöÇΓöÇΓöÇΓöÇΓöÇΓöÇΓöÇΓöÇΓöÇΓöÇΓöÇΓöÇΓöÇΓöÇΓöÇΓöÇΓöÇΓöÇΓöÇΓöÇΓöÇΓöÇΓöÇΓöÇΓöÇΓöÇ
    test-results\responsive-admin-routes-x-viewports-admin-b2b-ops-queue-chromium\trace.zip
    Usage:

        npx playwright show-trace test-results\responsive-admin-routes-x-viewports-admin-b2b-ops-queue-chromium\trace.zip

    ΓöÇΓöÇΓöÇΓöÇΓöÇΓöÇΓöÇΓöÇΓöÇΓöÇΓöÇΓöÇΓöÇΓöÇΓöÇΓöÇΓöÇΓöÇΓöÇΓöÇΓöÇΓöÇΓöÇΓöÇΓöÇΓöÇΓöÇΓöÇΓöÇΓöÇΓöÇΓöÇΓöÇΓöÇΓöÇΓöÇΓöÇΓöÇΓöÇΓöÇΓöÇΓöÇΓöÇΓöÇΓöÇΓöÇΓöÇΓöÇΓöÇΓöÇΓöÇΓöÇΓöÇΓöÇΓöÇΓöÇΓöÇΓöÇΓöÇΓöÇΓöÇΓöÇΓöÇΓöÇΓöÇΓöÇΓöÇΓöÇΓöÇΓöÇΓöÇΓöÇΓöÇΓöÇΓöÇΓöÇΓöÇΓöÇΓöÇΓöÇΓöÇΓöÇΓöÇΓöÇΓöÇΓöÇΓöÇΓöÇΓöÇΓöÇΓöÇΓöÇΓöÇΓöÇΓöÇΓöÇ

  9) [chromium] ΓÇ║ e2e\responsive.spec.mjs:19:5 ΓÇ║ admin routes x viewports ΓÇ║ /admin/b2b/orders ΓöÇΓöÇΓöÇΓöÇΓöÇΓöÇ

    Error: /admin/b2b/orders
    @1600px:
      - navigation failed: page.goto: net::ERR_CONNECTION_REFUSED at http://localhost:3058/admin/b2b/orders
    @1200px:
      - navigation failed: page.goto: net::ERR_CONNECTION_REFUSED at http://localhost:3058/admin/b2b/orders
    @768px:
      - navigation failed: page.goto: net::ERR_CONNECTION_REFUSED at http://localhost:3058/admin/b2b/orders
    @480px:
      - navigation failed: page.goto: net::ERR_CONNECTION_REFUSED at http://localhost:3058/admin/b2b/orders
    @375px:
      - navigation failed: page.goto: net::ERR_CONNECTION_REFUSED at http://localhost:3058/admin/b2b/orders

    expect(received).toEqual(expected) // deep equality

    - Expected  -  1
    + Received  + 12

    - Array []
    + Array [
    +   "@1600px:
    +   - navigation failed: page.goto: net::ERR_CONNECTION_REFUSED at http://localhost:3058/admin/b2b/orders",
    +   "@1200px:
    +   - navigation failed: page.goto: net::ERR_CONNECTION_REFUSED at http://localhost:3058/admin/b2b/orders",
    +   "@768px:
    +   - navigation failed: page.goto: net::ERR_CONNECTION_REFUSED at http://localhost:3058/admin/b2b/orders",
    +   "@480px:
    +   - navigation failed: page.goto: net::ERR_CONNECTION_REFUSED at http://localhost:3058/admin/b2b/orders",
    +   "@375px:
    +   - navigation failed: page.goto: net::ERR_CONNECTION_REFUSED at http://localhost:3058/admin/b2b/orders",
    + ]

      12 |   await testInfo.attach("matrix", { body: JSON.stringify({ route, url, results }), contentType: "application/json" });
      13 |   const failed = results.filter((r) => r.issues.length).map((r) => `@${r.viewport}px:\n  - ${r.issues.join("\n  - ")}`);
    > 14 |   expect(failed, `${url}\n${failed.join("\n")}`).toEqual([]);
         |                                                  ^
      15 | }
      16 |
      17 | test.describe("admin routes x viewports", () => {
        at runMatrix (C:\Users\priyank\Desktop\Development\BharatAgrolink-admin\e2e\responsive.spec.mjs:14:50)
        at C:\Users\priyank\Desktop\Development\BharatAgrolink-admin\e2e\responsive.spec.mjs:20:7

    attachment #7: screenshot (image/png) ΓöÇΓöÇΓöÇΓöÇΓöÇΓöÇΓöÇΓöÇΓöÇΓöÇΓöÇΓöÇΓöÇΓöÇΓöÇΓöÇΓöÇΓöÇΓöÇΓöÇΓöÇΓöÇΓöÇΓöÇΓöÇΓöÇΓöÇΓöÇΓöÇΓöÇΓöÇΓöÇΓöÇΓöÇΓöÇΓöÇΓöÇΓöÇΓöÇΓöÇΓöÇΓöÇΓöÇΓöÇΓöÇΓöÇΓöÇΓöÇΓöÇΓöÇΓöÇΓöÇΓöÇΓöÇΓöÇΓöÇΓöÇΓöÇ
    test-results\responsive-admin-routes-x-viewports-admin-b2b-orders-chromium\test-failed-1.png
    ΓöÇΓöÇΓöÇΓöÇΓöÇΓöÇΓöÇΓöÇΓöÇΓöÇΓöÇΓöÇΓöÇΓöÇΓöÇΓöÇΓöÇΓöÇΓöÇΓöÇΓöÇΓöÇΓöÇΓöÇΓöÇΓöÇΓöÇΓöÇΓöÇΓöÇΓöÇΓöÇΓöÇΓöÇΓöÇΓöÇΓöÇΓöÇΓöÇΓöÇΓöÇΓöÇΓöÇΓöÇΓöÇΓöÇΓöÇΓöÇΓöÇΓöÇΓöÇΓöÇΓöÇΓöÇΓöÇΓöÇΓöÇΓöÇΓöÇΓöÇΓöÇΓöÇΓöÇΓöÇΓöÇΓöÇΓöÇΓöÇΓöÇΓöÇΓöÇΓöÇΓöÇΓöÇΓöÇΓöÇΓöÇΓöÇΓöÇΓöÇΓöÇΓöÇΓöÇΓöÇΓöÇΓöÇΓöÇΓöÇΓöÇΓöÇΓöÇΓöÇΓöÇΓöÇΓöÇΓöÇ

    Error Context: test-results\responsive-admin-routes-x-viewports-admin-b2b-orders-chromium\error-context.md

    attachment #9: trace (application/zip) ΓöÇΓöÇΓöÇΓöÇΓöÇΓöÇΓöÇΓöÇΓöÇΓöÇΓöÇΓöÇΓöÇΓöÇΓöÇΓöÇΓöÇΓöÇΓöÇΓöÇΓöÇΓöÇΓöÇΓöÇΓöÇΓöÇΓöÇΓöÇΓöÇΓöÇΓöÇΓöÇΓöÇΓöÇΓöÇΓöÇΓöÇΓöÇΓöÇΓöÇΓöÇΓöÇΓöÇΓöÇΓöÇΓöÇΓöÇΓöÇΓöÇΓöÇΓöÇΓöÇΓöÇΓöÇΓöÇΓöÇΓöÇ
    test-results\responsive-admin-routes-x-viewports-admin-b2b-orders-chromium\trace.zip
    Usage:

        npx playwright show-trace test-results\responsive-admin-routes-x-viewports-admin-b2b-orders-chromium\trace.zip

    ΓöÇΓöÇΓöÇΓöÇΓöÇΓöÇΓöÇΓöÇΓöÇΓöÇΓöÇΓöÇΓöÇΓöÇΓöÇΓöÇΓöÇΓöÇΓöÇΓöÇΓöÇΓöÇΓöÇΓöÇΓöÇΓöÇΓöÇΓöÇΓöÇΓöÇΓöÇΓöÇΓöÇΓöÇΓöÇΓöÇΓöÇΓöÇΓöÇΓöÇΓöÇΓöÇΓöÇΓöÇΓöÇΓöÇΓöÇΓöÇΓöÇΓöÇΓöÇΓöÇΓöÇΓöÇΓöÇΓöÇΓöÇΓöÇΓöÇΓöÇΓöÇΓöÇΓöÇΓöÇΓöÇΓöÇΓöÇΓöÇΓöÇΓöÇΓöÇΓöÇΓöÇΓöÇΓöÇΓöÇΓöÇΓöÇΓöÇΓöÇΓöÇΓöÇΓöÇΓöÇΓöÇΓöÇΓöÇΓöÇΓöÇΓöÇΓöÇΓöÇΓöÇΓöÇΓöÇΓöÇ

  10) [chromium] ΓÇ║ e2e\responsive.spec.mjs:19:5 ΓÇ║ admin routes x viewports ΓÇ║ /admin/b2b/payments ΓöÇΓöÇΓöÇ

    Error: /admin/b2b/payments
    @1600px:
      - navigation failed: page.goto: net::ERR_CONNECTION_REFUSED at http://localhost:3058/admin/b2b/payments
    @1200px:
      - navigation failed: page.goto: net::ERR_CONNECTION_REFUSED at http://localhost:3058/admin/b2b/payments
    @768px:
      - navigation failed: page.goto: net::ERR_CONNECTION_REFUSED at http://localhost:3058/admin/b2b/payments
    @480px:
      - navigation failed: page.goto: net::ERR_CONNECTION_REFUSED at http://localhost:3058/admin/b2b/payments
    @375px:
      - navigation failed: page.goto: net::ERR_CONNECTION_REFUSED at http://localhost:3058/admin/b2b/payments

    expect(received).toEqual(expected) // deep equality

    - Expected  -  1
    + Received  + 12

    - Array []
    + Array [
    +   "@1600px:
    +   - navigation failed: page.goto: net::ERR_CONNECTION_REFUSED at http://localhost:3058/admin/b2b/payments",
    +   "@1200px:
    +   - navigation failed: page.goto: net::ERR_CONNECTION_REFUSED at http://localhost:3058/admin/b2b/payments",
    +   "@768px:
    +   - navigation failed: page.goto: net::ERR_CONNECTION_REFUSED at http://localhost:3058/admin/b2b/payments",
    +   "@480px:
    +   - navigation failed: page.goto: net::ERR_CONNECTION_REFUSED at http://localhost:3058/admin/b2b/payments",
    +   "@375px:
    +   - navigation failed: page.goto: net::ERR_CONNECTION_REFUSED at http://localhost:3058/admin/b2b/payments",
    + ]

      12 |   await testInfo.attach("matrix", { body: JSON.stringify({ route, url, results }), contentType: "application/json" });
      13 |   const failed = results.filter((r) => r.issues.length).map((r) => `@${r.viewport}px:\n  - ${r.issues.join("\n  - ")}`);
    > 14 |   expect(failed, `${url}\n${failed.join("\n")}`).toEqual([]);
         |                                                  ^
      15 | }
      16 |
      17 | test.describe("admin routes x viewports", () => {
        at runMatrix (C:\Users\priyank\Desktop\Development\BharatAgrolink-admin\e2e\responsive.spec.mjs:14:50)
        at C:\Users\priyank\Desktop\Development\BharatAgrolink-admin\e2e\responsive.spec.mjs:20:7

    attachment #7: screenshot (image/png) ΓöÇΓöÇΓöÇΓöÇΓöÇΓöÇΓöÇΓöÇΓöÇΓöÇΓöÇΓöÇΓöÇΓöÇΓöÇΓöÇΓöÇΓöÇΓöÇΓöÇΓöÇΓöÇΓöÇΓöÇΓöÇΓöÇΓöÇΓöÇΓöÇΓöÇΓöÇΓöÇΓöÇΓöÇΓöÇΓöÇΓöÇΓöÇΓöÇΓöÇΓöÇΓöÇΓöÇΓöÇΓöÇΓöÇΓöÇΓöÇΓöÇΓöÇΓöÇΓöÇΓöÇΓöÇΓöÇΓöÇΓöÇΓöÇ
    test-results\responsive-admin-routes-x-viewports-admin-b2b-payments-chromium\test-failed-1.png
    ΓöÇΓöÇΓöÇΓöÇΓöÇΓöÇΓöÇΓöÇΓöÇΓöÇΓöÇΓöÇΓöÇΓöÇΓöÇΓöÇΓöÇΓöÇΓöÇΓöÇΓöÇΓöÇΓöÇΓöÇΓöÇΓöÇΓöÇΓöÇΓöÇΓöÇΓöÇΓöÇΓöÇΓöÇΓöÇΓöÇΓöÇΓöÇΓöÇΓöÇΓöÇΓöÇΓöÇΓöÇΓöÇΓöÇΓöÇΓöÇΓöÇΓöÇΓöÇΓöÇΓöÇΓöÇΓöÇΓöÇΓöÇΓöÇΓöÇΓöÇΓöÇΓöÇΓöÇΓöÇΓöÇΓöÇΓöÇΓöÇΓöÇΓöÇΓöÇΓöÇΓöÇΓöÇΓöÇΓöÇΓöÇΓöÇΓöÇΓöÇΓöÇΓöÇΓöÇΓöÇΓöÇΓöÇΓöÇΓöÇΓöÇΓöÇΓöÇΓöÇΓöÇΓöÇΓöÇΓöÇ

    Error Context: test-results\responsive-admin-routes-x-viewports-admin-b2b-payments-chromium\error-context.md

    attachment #9: trace (application/zip) ΓöÇΓöÇΓöÇΓöÇΓöÇΓöÇΓöÇΓöÇΓöÇΓöÇΓöÇΓöÇΓöÇΓöÇΓöÇΓöÇΓöÇΓöÇΓöÇΓöÇΓöÇΓöÇΓöÇΓöÇΓöÇΓöÇΓöÇΓöÇΓöÇΓöÇΓöÇΓöÇΓöÇΓöÇΓöÇΓöÇΓöÇΓöÇΓöÇΓöÇΓöÇΓöÇΓöÇΓöÇΓöÇΓöÇΓöÇΓöÇΓöÇΓöÇΓöÇΓöÇΓöÇΓöÇΓöÇΓöÇΓöÇ
    test-results\responsive-admin-routes-x-viewports-admin-b2b-payments-chromium\trace.zip
    Usage:

        npx playwright show-trace test-results\responsive-admin-routes-x-viewports-admin-b2b-payments-chromium\trace.zip

    ΓöÇΓöÇΓöÇΓöÇΓöÇΓöÇΓöÇΓöÇΓöÇΓöÇΓöÇΓöÇΓöÇΓöÇΓöÇΓöÇΓöÇΓöÇΓöÇΓöÇΓöÇΓöÇΓöÇΓöÇΓöÇΓöÇΓöÇΓöÇΓöÇΓöÇΓöÇΓöÇΓöÇΓöÇΓöÇΓöÇΓöÇΓöÇΓöÇΓöÇΓöÇΓöÇΓöÇΓöÇΓöÇΓöÇΓöÇΓöÇΓöÇΓöÇΓöÇΓöÇΓöÇΓöÇΓöÇΓöÇΓöÇΓöÇΓöÇΓöÇΓöÇΓöÇΓöÇΓöÇΓöÇΓöÇΓöÇΓöÇΓöÇΓöÇΓöÇΓöÇΓöÇΓöÇΓöÇΓöÇΓöÇΓöÇΓöÇΓöÇΓöÇΓöÇΓöÇΓöÇΓöÇΓöÇΓöÇΓöÇΓöÇΓöÇΓöÇΓöÇΓöÇΓöÇΓöÇΓöÇ

  11) [chromium] ΓÇ║ e2e\responsive.spec.mjs:19:5 ΓÇ║ admin routes x viewports ΓÇ║ /admin/b2b/quotations ΓöÇ

    Error: /admin/b2b/quotations
    @1600px:
      - navigation failed: page.goto: net::ERR_CONNECTION_REFUSED at http://localhost:3058/admin/b2b/quotations
    @1200px:
      - navigation failed: page.goto: net::ERR_CONNECTION_REFUSED at http://localhost:3058/admin/b2b/quotations
    @768px:
      - navigation failed: page.goto: net::ERR_CONNECTION_REFUSED at http://localhost:3058/admin/b2b/quotations
    @480px:
      - navigation failed: page.goto: net::ERR_CONNECTION_REFUSED at http://localhost:3058/admin/b2b/quotations
    @375px:
      - navigation failed: page.goto: net::ERR_CONNECTION_REFUSED at http://localhost:3058/admin/b2b/quotations

    expect(received).toEqual(expected) // deep equality

    - Expected  -  1
    + Received  + 12

    - Array []
    + Array [
    +   "@1600px:
    +   - navigation failed: page.goto: net::ERR_CONNECTION_REFUSED at http://localhost:3058/admin/b2b/quotations",
    +   "@1200px:
    +   - navigation failed: page.goto: net::ERR_CONNECTION_REFUSED at http://localhost:3058/admin/b2b/quotations",
    +   "@768px:
    +   - navigation failed: page.goto: net::ERR_CONNECTION_REFUSED at http://localhost:3058/admin/b2b/quotations",
    +   "@480px:
    +   - navigation failed: page.goto: net::ERR_CONNECTION_REFUSED at http://localhost:3058/admin/b2b/quotations",
    +   "@375px:
    +   - navigation failed: page.goto: net::ERR_CONNECTION_REFUSED at http://localhost:3058/admin/b2b/quotations",
    + ]

      12 |   await testInfo.attach("matrix", { body: JSON.stringify({ route, url, results }), contentType: "application/json" });
      13 |   const failed = results.filter((r) => r.issues.length).map((r) => `@${r.viewport}px:\n  - ${r.issues.join("\n  - ")}`);
    > 14 |   expect(failed, `${url}\n${failed.join("\n")}`).toEqual([]);
         |                                                  ^
      15 | }
      16 |
      17 | test.describe("admin routes x viewports", () => {
        at runMatrix (C:\Users\priyank\Desktop\Development\BharatAgrolink-admin\e2e\responsive.spec.mjs:14:50)
        at C:\Users\priyank\Desktop\Development\BharatAgrolink-admin\e2e\responsive.spec.mjs:20:7

    attachment #7: screenshot (image/png) ΓöÇΓöÇΓöÇΓöÇΓöÇΓöÇΓöÇΓöÇΓöÇΓöÇΓöÇΓöÇΓöÇΓöÇΓöÇΓöÇΓöÇΓöÇΓöÇΓöÇΓöÇΓöÇΓöÇΓöÇΓöÇΓöÇΓöÇΓöÇΓöÇΓöÇΓöÇΓöÇΓöÇΓöÇΓöÇΓöÇΓöÇΓöÇΓöÇΓöÇΓöÇΓöÇΓöÇΓöÇΓöÇΓöÇΓöÇΓöÇΓöÇΓöÇΓöÇΓöÇΓöÇΓöÇΓöÇΓöÇΓöÇΓöÇ
    test-results\responsive-admin-routes-x-viewports-admin-b2b-quotations-chromium\test-failed-1.png
    ΓöÇΓöÇΓöÇΓöÇΓöÇΓöÇΓöÇΓöÇΓöÇΓöÇΓöÇΓöÇΓöÇΓöÇΓöÇΓöÇΓöÇΓöÇΓöÇΓöÇΓöÇΓöÇΓöÇΓöÇΓöÇΓöÇΓöÇΓöÇΓöÇΓöÇΓöÇΓöÇΓöÇΓöÇΓöÇΓöÇΓöÇΓöÇΓöÇΓöÇΓöÇΓöÇΓöÇΓöÇΓöÇΓöÇΓöÇΓöÇΓöÇΓöÇΓöÇΓöÇΓöÇΓöÇΓöÇΓöÇΓöÇΓöÇΓöÇΓöÇΓöÇΓöÇΓöÇΓöÇΓöÇΓöÇΓöÇΓöÇΓöÇΓöÇΓöÇΓöÇΓöÇΓöÇΓöÇΓöÇΓöÇΓöÇΓöÇΓöÇΓöÇΓöÇΓöÇΓöÇΓöÇΓöÇΓöÇΓöÇΓöÇΓöÇΓöÇΓöÇΓöÇΓöÇΓöÇΓöÇ

    Error Context: test-results\responsive-admin-routes-x-viewports-admin-b2b-quotations-chromium\error-context.md

    attachment #9: trace (application/zip) ΓöÇΓöÇΓöÇΓöÇΓöÇΓöÇΓöÇΓöÇΓöÇΓöÇΓöÇΓöÇΓöÇΓöÇΓöÇΓöÇΓöÇΓöÇΓöÇΓöÇΓöÇΓöÇΓöÇΓöÇΓöÇΓöÇΓöÇΓöÇΓöÇΓöÇΓöÇΓöÇΓöÇΓöÇΓöÇΓöÇΓöÇΓöÇΓöÇΓöÇΓöÇΓöÇΓöÇΓöÇΓöÇΓöÇΓöÇΓöÇΓöÇΓöÇΓöÇΓöÇΓöÇΓöÇΓöÇΓöÇΓöÇ
    test-results\responsive-admin-routes-x-viewports-admin-b2b-quotations-chromium\trace.zip
    Usage:

        npx playwright show-trace test-results\responsive-admin-routes-x-viewports-admin-b2b-quotations-chromium\trace.zip

    ΓöÇΓöÇΓöÇΓöÇΓöÇΓöÇΓöÇΓöÇΓöÇΓöÇΓöÇΓöÇΓöÇΓöÇΓöÇΓöÇΓöÇΓöÇΓöÇΓöÇΓöÇΓöÇΓöÇΓöÇΓöÇΓöÇΓöÇΓöÇΓöÇΓöÇΓöÇΓöÇΓöÇΓöÇΓöÇΓöÇΓöÇΓöÇΓöÇΓöÇΓöÇΓöÇΓöÇΓöÇΓöÇΓöÇΓöÇΓöÇΓöÇΓöÇΓöÇΓöÇΓöÇΓöÇΓöÇΓöÇΓöÇΓöÇΓöÇΓöÇΓöÇΓöÇΓöÇΓöÇΓöÇΓöÇΓöÇΓöÇΓöÇΓöÇΓöÇΓöÇΓöÇΓöÇΓöÇΓöÇΓöÇΓöÇΓöÇΓöÇΓöÇΓöÇΓöÇΓöÇΓöÇΓöÇΓöÇΓöÇΓöÇΓöÇΓöÇΓöÇΓöÇΓöÇΓöÇΓöÇ

  12) [chromium] ΓÇ║ e2e\responsive.spec.mjs:19:5 ΓÇ║ admin routes x viewports ΓÇ║ /admin/b2b/quotations/new 

    Error: /admin/b2b/quotations/new
    @1600px:
      - navigation failed: page.goto: net::ERR_CONNECTION_REFUSED at http://localhost:3058/admin/b2b/quotations/new
    @1200px:
      - navigation failed: page.goto: net::ERR_CONNECTION_REFUSED at http://localhost:3058/admin/b2b/quotations/new
    @768px:
      - navigation failed: page.goto: net::ERR_CONNECTION_REFUSED at http://localhost:3058/admin/b2b/quotations/new
    @480px:
      - navigation failed: page.goto: net::ERR_CONNECTION_REFUSED at http://localhost:3058/admin/b2b/quotations/new
    @375px:
      - navigation failed: page.goto: net::ERR_CONNECTION_REFUSED at http://localhost:3058/admin/b2b/quotations/new

    expect(received).toEqual(expected) // deep equality

    - Expected  -  1
    + Received  + 12

    - Array []
    + Array [
    +   "@1600px:
    +   - navigation failed: page.goto: net::ERR_CONNECTION_REFUSED at http://localhost:3058/admin/b2b/quotations/new",
    +   "@1200px:
    +   - navigation failed: page.goto: net::ERR_CONNECTION_REFUSED at http://localhost:3058/admin/b2b/quotations/new",
    +   "@768px:
    +   - navigation failed: page.goto: net::ERR_CONNECTION_REFUSED at http://localhost:3058/admin/b2b/quotations/new",
    +   "@480px:
    +   - navigation failed: page.goto: net::ERR_CONNECTION_REFUSED at http://localhost:3058/admin/b2b/quotations/new",
    +   "@375px:
    +   - navigation failed: page.goto: net::ERR_CONNECTION_REFUSED at http://localhost:3058/admin/b2b/quotations/new",
    + ]

      12 |   await testInfo.attach("matrix", { body: JSON.stringify({ route, url, results }), contentType: "application/json" });
      13 |   const failed = results.filter((r) => r.issues.length).map((r) => `@${r.viewport}px:\n  - ${r.issues.join("\n  - ")}`);
    > 14 |   expect(failed, `${url}\n${failed.join("\n")}`).toEqual([]);
         |                                                  ^
      15 | }
      16 |
      17 | test.describe("admin routes x viewports", () => {
        at runMatrix (C:\Users\priyank\Desktop\Development\BharatAgrolink-admin\e2e\responsive.spec.mjs:14:50)
        at C:\Users\priyank\Desktop\Development\BharatAgrolink-admin\e2e\responsive.spec.mjs:20:7

    attachment #7: screenshot (image/png) ΓöÇΓöÇΓöÇΓöÇΓöÇΓöÇΓöÇΓöÇΓöÇΓöÇΓöÇΓöÇΓöÇΓöÇΓöÇΓöÇΓöÇΓöÇΓöÇΓöÇΓöÇΓöÇΓöÇΓöÇΓöÇΓöÇΓöÇΓöÇΓöÇΓöÇΓöÇΓöÇΓöÇΓöÇΓöÇΓöÇΓöÇΓöÇΓöÇΓöÇΓöÇΓöÇΓöÇΓöÇΓöÇΓöÇΓöÇΓöÇΓöÇΓöÇΓöÇΓöÇΓöÇΓöÇΓöÇΓöÇΓöÇΓöÇ
    test-results\responsive-admin-routes-x-viewports-admin-b2b-quotations-new-chromium\test-failed-1.png
    ΓöÇΓöÇΓöÇΓöÇΓöÇΓöÇΓöÇΓöÇΓöÇΓöÇΓöÇΓöÇΓöÇΓöÇΓöÇΓöÇΓöÇΓöÇΓöÇΓöÇΓöÇΓöÇΓöÇΓöÇΓöÇΓöÇΓöÇΓöÇΓöÇΓöÇΓöÇΓöÇΓöÇΓöÇΓöÇΓöÇΓöÇΓöÇΓöÇΓöÇΓöÇΓöÇΓöÇΓöÇΓöÇΓöÇΓöÇΓöÇΓöÇΓöÇΓöÇΓöÇΓöÇΓöÇΓöÇΓöÇΓöÇΓöÇΓöÇΓöÇΓöÇΓöÇΓöÇΓöÇΓöÇΓöÇΓöÇΓöÇΓöÇΓöÇΓöÇΓöÇΓöÇΓöÇΓöÇΓöÇΓöÇΓöÇΓöÇΓöÇΓöÇΓöÇΓöÇΓöÇΓöÇΓöÇΓöÇΓöÇΓöÇΓöÇΓöÇΓöÇΓöÇΓöÇΓöÇΓöÇ

    Error Context: test-results\responsive-admin-routes-x-viewports-admin-b2b-quotations-new-chromium\error-context.md

    attachment #9: trace (application/zip) ΓöÇΓöÇΓöÇΓöÇΓöÇΓöÇΓöÇΓöÇΓöÇΓöÇΓöÇΓöÇΓöÇΓöÇΓöÇΓöÇΓöÇΓöÇΓöÇΓöÇΓöÇΓöÇΓöÇΓöÇΓöÇΓöÇΓöÇΓöÇΓöÇΓöÇΓöÇΓöÇΓöÇΓöÇΓöÇΓöÇΓöÇΓöÇΓöÇΓöÇΓöÇΓöÇΓöÇΓöÇΓöÇΓöÇΓöÇΓöÇΓöÇΓöÇΓöÇΓöÇΓöÇΓöÇΓöÇΓöÇΓöÇ
    test-results\responsive-admin-routes-x-viewports-admin-b2b-quotations-new-chromium\trace.zip
    Usage:

        npx playwright show-trace test-results\responsive-admin-routes-x-viewports-admin-b2b-quotations-new-chromium\trace.zip

    ΓöÇΓöÇΓöÇΓöÇΓöÇΓöÇΓöÇΓöÇΓöÇΓöÇΓöÇΓöÇΓöÇΓöÇΓöÇΓöÇΓöÇΓöÇΓöÇΓöÇΓöÇΓöÇΓöÇΓöÇΓöÇΓöÇΓöÇΓöÇΓöÇΓöÇΓöÇΓöÇΓöÇΓöÇΓöÇΓöÇΓöÇΓöÇΓöÇΓöÇΓöÇΓöÇΓöÇΓöÇΓöÇΓöÇΓöÇΓöÇΓöÇΓöÇΓöÇΓöÇΓöÇΓöÇΓöÇΓöÇΓöÇΓöÇΓöÇΓöÇΓöÇΓöÇΓöÇΓöÇΓöÇΓöÇΓöÇΓöÇΓöÇΓöÇΓöÇΓöÇΓöÇΓöÇΓöÇΓöÇΓöÇΓöÇΓöÇΓöÇΓöÇΓöÇΓöÇΓöÇΓöÇΓöÇΓöÇΓöÇΓöÇΓöÇΓöÇΓöÇΓöÇΓöÇΓöÇΓöÇ

  13) [chromium] ΓÇ║ e2e\responsive.spec.mjs:19:5 ΓÇ║ admin routes x viewports ΓÇ║ /admin/b2b/reports ΓöÇΓöÇΓöÇΓöÇ

    Error: /admin/b2b/reports
    @1600px:
      - navigation failed: page.goto: net::ERR_CONNECTION_REFUSED at http://localhost:3058/admin/b2b/reports
    @1200px:
      - navigation failed: page.goto: net::ERR_CONNECTION_REFUSED at http://localhost:3058/admin/b2b/reports
    @768px:
      - navigation failed: page.goto: net::ERR_CONNECTION_REFUSED at http://localhost:3058/admin/b2b/reports
    @480px:
      - navigation failed: page.goto: net::ERR_CONNECTION_REFUSED at http://localhost:3058/admin/b2b/reports
    @375px:
      - navigation failed: page.goto: net::ERR_CONNECTION_REFUSED at http://localhost:3058/admin/b2b/reports

    expect(received).toEqual(expected) // deep equality

    - Expected  -  1
    + Received  + 12

    - Array []
    + Array [
    +   "@1600px:
    +   - navigation failed: page.goto: net::ERR_CONNECTION_REFUSED at http://localhost:3058/admin/b2b/reports",
    +   "@1200px:
    +   - navigation failed: page.goto: net::ERR_CONNECTION_REFUSED at http://localhost:3058/admin/b2b/reports",
    +   "@768px:
    +   - navigation failed: page.goto: net::ERR_CONNECTION_REFUSED at http://localhost:3058/admin/b2b/reports",
    +   "@480px:
    +   - navigation failed: page.goto: net::ERR_CONNECTION_REFUSED at http://localhost:3058/admin/b2b/reports",
    +   "@375px:
    +   - navigation failed: page.goto: net::ERR_CONNECTION_REFUSED at http://localhost:3058/admin/b2b/reports",
    + ]

      12 |   await testInfo.attach("matrix", { body: JSON.stringify({ route, url, results }), contentType: "application/json" });
      13 |   const failed = results.filter((r) => r.issues.length).map((r) => `@${r.viewport}px:\n  - ${r.issues.join("\n  - ")}`);
    > 14 |   expect(failed, `${url}\n${failed.join("\n")}`).toEqual([]);
         |                                                  ^
      15 | }
      16 |
      17 | test.describe("admin routes x viewports", () => {
        at runMatrix (C:\Users\priyank\Desktop\Development\BharatAgrolink-admin\e2e\responsive.spec.mjs:14:50)
        at C:\Users\priyank\Desktop\Development\BharatAgrolink-admin\e2e\responsive.spec.mjs:20:7

    attachment #7: screenshot (image/png) ΓöÇΓöÇΓöÇΓöÇΓöÇΓöÇΓöÇΓöÇΓöÇΓöÇΓöÇΓöÇΓöÇΓöÇΓöÇΓöÇΓöÇΓöÇΓöÇΓöÇΓöÇΓöÇΓöÇΓöÇΓöÇΓöÇΓöÇΓöÇΓöÇΓöÇΓöÇΓöÇΓöÇΓöÇΓöÇΓöÇΓöÇΓöÇΓöÇΓöÇΓöÇΓöÇΓöÇΓöÇΓöÇΓöÇΓöÇΓöÇΓöÇΓöÇΓöÇΓöÇΓöÇΓöÇΓöÇΓöÇΓöÇΓöÇ
    test-results\responsive-admin-routes-x-viewports-admin-b2b-reports-chromium\test-failed-1.png
    ΓöÇΓöÇΓöÇΓöÇΓöÇΓöÇΓöÇΓöÇΓöÇΓöÇΓöÇΓöÇΓöÇΓöÇΓöÇΓöÇΓöÇΓöÇΓöÇΓöÇΓöÇΓöÇΓöÇΓöÇΓöÇΓöÇΓöÇΓöÇΓöÇΓöÇΓöÇΓöÇΓöÇΓöÇΓöÇΓöÇΓöÇΓöÇΓöÇΓöÇΓöÇΓöÇΓöÇΓöÇΓöÇΓöÇΓöÇΓöÇΓöÇΓöÇΓöÇΓöÇΓöÇΓöÇΓöÇΓöÇΓöÇΓöÇΓöÇΓöÇΓöÇΓöÇΓöÇΓöÇΓöÇΓöÇΓöÇΓöÇΓöÇΓöÇΓöÇΓöÇΓöÇΓöÇΓöÇΓöÇΓöÇΓöÇΓöÇΓöÇΓöÇΓöÇΓöÇΓöÇΓöÇΓöÇΓöÇΓöÇΓöÇΓöÇΓöÇΓöÇΓöÇΓöÇΓöÇΓöÇ

    Error Context: test-results\responsive-admin-routes-x-viewports-admin-b2b-reports-chromium\error-context.md

    attachment #9: trace (application/zip) ΓöÇΓöÇΓöÇΓöÇΓöÇΓöÇΓöÇΓöÇΓöÇΓöÇΓöÇΓöÇΓöÇΓöÇΓöÇΓöÇΓöÇΓöÇΓöÇΓöÇΓöÇΓöÇΓöÇΓöÇΓöÇΓöÇΓöÇΓöÇΓöÇΓöÇΓöÇΓöÇΓöÇΓöÇΓöÇΓöÇΓöÇΓöÇΓöÇΓöÇΓöÇΓöÇΓöÇΓöÇΓöÇΓöÇΓöÇΓöÇΓöÇΓöÇΓöÇΓöÇΓöÇΓöÇΓöÇΓöÇΓöÇ
    test-results\responsive-admin-routes-x-viewports-admin-b2b-reports-chromium\trace.zip
    Usage:

        npx playwright show-trace test-results\responsive-admin-routes-x-viewports-admin-b2b-reports-chromium\trace.zip

    ΓöÇΓöÇΓöÇΓöÇΓöÇΓöÇΓöÇΓöÇΓöÇΓöÇΓöÇΓöÇΓöÇΓöÇΓöÇΓöÇΓöÇΓöÇΓöÇΓöÇΓöÇΓöÇΓöÇΓöÇΓöÇΓöÇΓöÇΓöÇΓöÇΓöÇΓöÇΓöÇΓöÇΓöÇΓöÇΓöÇΓöÇΓöÇΓöÇΓöÇΓöÇΓöÇΓöÇΓöÇΓöÇΓöÇΓöÇΓöÇΓöÇΓöÇΓöÇΓöÇΓöÇΓöÇΓöÇΓöÇΓöÇΓöÇΓöÇΓöÇΓöÇΓöÇΓöÇΓöÇΓöÇΓöÇΓöÇΓöÇΓöÇΓöÇΓöÇΓöÇΓöÇΓöÇΓöÇΓöÇΓöÇΓöÇΓöÇΓöÇΓöÇΓöÇΓöÇΓöÇΓöÇΓöÇΓöÇΓöÇΓöÇΓöÇΓöÇΓöÇΓöÇΓöÇΓöÇΓöÇ

  14) [chromium] ΓÇ║ e2e\responsive.spec.mjs:19:5 ΓÇ║ admin routes x viewports ΓÇ║ /admin/b2b/rfqs ΓöÇΓöÇΓöÇΓöÇΓöÇΓöÇΓöÇ

    Error: /admin/b2b/rfqs
    @1600px:
      - navigation failed: page.goto: net::ERR_CONNECTION_REFUSED at http://localhost:3058/admin/b2b/rfqs
    @1200px:
      - navigation failed: page.goto: net::ERR_CONNECTION_REFUSED at http://localhost:3058/admin/b2b/rfqs
    @768px:
      - navigation failed: page.goto: net::ERR_CONNECTION_REFUSED at http://localhost:3058/admin/b2b/rfqs
    @480px:
      - navigation failed: page.goto: net::ERR_CONNECTION_REFUSED at http://localhost:3058/admin/b2b/rfqs
    @375px:
      - navigation failed: page.goto: net::ERR_CONNECTION_REFUSED at http://localhost:3058/admin/b2b/rfqs

    expect(received).toEqual(expected) // deep equality

    - Expected  -  1
    + Received  + 12

    - Array []
    + Array [
    +   "@1600px:
    +   - navigation failed: page.goto: net::ERR_CONNECTION_REFUSED at http://localhost:3058/admin/b2b/rfqs",
    +   "@1200px:
    +   - navigation failed: page.goto: net::ERR_CONNECTION_REFUSED at http://localhost:3058/admin/b2b/rfqs",
    +   "@768px:
    +   - navigation failed: page.goto: net::ERR_CONNECTION_REFUSED at http://localhost:3058/admin/b2b/rfqs",
    +   "@480px:
    +   - navigation failed: page.goto: net::ERR_CONNECTION_REFUSED at http://localhost:3058/admin/b2b/rfqs",
    +   "@375px:
    +   - navigation failed: page.goto: net::ERR_CONNECTION_REFUSED at http://localhost:3058/admin/b2b/rfqs",
    + ]

      12 |   await testInfo.attach("matrix", { body: JSON.stringify({ route, url, results }), contentType: "application/json" });
      13 |   const failed = results.filter((r) => r.issues.length).map((r) => `@${r.viewport}px:\n  - ${r.issues.join("\n  - ")}`);
    > 14 |   expect(failed, `${url}\n${failed.join("\n")}`).toEqual([]);
         |                                                  ^
      15 | }
      16 |
      17 | test.describe("admin routes x viewports", () => {
        at runMatrix (C:\Users\priyank\Desktop\Development\BharatAgrolink-admin\e2e\responsive.spec.mjs:14:50)
        at C:\Users\priyank\Desktop\Development\BharatAgrolink-admin\e2e\responsive.spec.mjs:20:7

    attachment #7: screenshot (image/png) ΓöÇΓöÇΓöÇΓöÇΓöÇΓöÇΓöÇΓöÇΓöÇΓöÇΓöÇΓöÇΓöÇΓöÇΓöÇΓöÇΓöÇΓöÇΓöÇΓöÇΓöÇΓöÇΓöÇΓöÇΓöÇΓöÇΓöÇΓöÇΓöÇΓöÇΓöÇΓöÇΓöÇΓöÇΓöÇΓöÇΓöÇΓöÇΓöÇΓöÇΓöÇΓöÇΓöÇΓöÇΓöÇΓöÇΓöÇΓöÇΓöÇΓöÇΓöÇΓöÇΓöÇΓöÇΓöÇΓöÇΓöÇΓöÇ
    test-results\responsive-admin-routes-x-viewports-admin-b2b-rfqs-chromium\test-failed-1.png
    ΓöÇΓöÇΓöÇΓöÇΓöÇΓöÇΓöÇΓöÇΓöÇΓöÇΓöÇΓöÇΓöÇΓöÇΓöÇΓöÇΓöÇΓöÇΓöÇΓöÇΓöÇΓöÇΓöÇΓöÇΓöÇΓöÇΓöÇΓöÇΓöÇΓöÇΓöÇΓöÇΓöÇΓöÇΓöÇΓöÇΓöÇΓöÇΓöÇΓöÇΓöÇΓöÇΓöÇΓöÇΓöÇΓöÇΓöÇΓöÇΓöÇΓöÇΓöÇΓöÇΓöÇΓöÇΓöÇΓöÇΓöÇΓöÇΓöÇΓöÇΓöÇΓöÇΓöÇΓöÇΓöÇΓöÇΓöÇΓöÇΓöÇΓöÇΓöÇΓöÇΓöÇΓöÇΓöÇΓöÇΓöÇΓöÇΓöÇΓöÇΓöÇΓöÇΓöÇΓöÇΓöÇΓöÇΓöÇΓöÇΓöÇΓöÇΓöÇΓöÇΓöÇΓöÇΓöÇΓöÇ

    Error Context: test-results\responsive-admin-routes-x-viewports-admin-b2b-rfqs-chromium\error-context.md

    attachment #9: trace (application/zip) ΓöÇΓöÇΓöÇΓöÇΓöÇΓöÇΓöÇΓöÇΓöÇΓöÇΓöÇΓöÇΓöÇΓöÇΓöÇΓöÇΓöÇΓöÇΓöÇΓöÇΓöÇΓöÇΓöÇΓöÇΓöÇΓöÇΓöÇΓöÇΓöÇΓöÇΓöÇΓöÇΓöÇΓöÇΓöÇΓöÇΓöÇΓöÇΓöÇΓöÇΓöÇΓöÇΓöÇΓöÇΓöÇΓöÇΓöÇΓöÇΓöÇΓöÇΓöÇΓöÇΓöÇΓöÇΓöÇΓöÇΓöÇ
    test-results\responsive-admin-routes-x-viewports-admin-b2b-rfqs-chromium\trace.zip
    Usage:

        npx playwright show-trace test-results\responsive-admin-routes-x-viewports-admin-b2b-rfqs-chromium\trace.zip

    ΓöÇΓöÇΓöÇΓöÇΓöÇΓöÇΓöÇΓöÇΓöÇΓöÇΓöÇΓöÇΓöÇΓöÇΓöÇΓöÇΓöÇΓöÇΓöÇΓöÇΓöÇΓöÇΓöÇΓöÇΓöÇΓöÇΓöÇΓöÇΓöÇΓöÇΓöÇΓöÇΓöÇΓöÇΓöÇΓöÇΓöÇΓöÇΓöÇΓöÇΓöÇΓöÇΓöÇΓöÇΓöÇΓöÇΓöÇΓöÇΓöÇΓöÇΓöÇΓöÇΓöÇΓöÇΓöÇΓöÇΓöÇΓöÇΓöÇΓöÇΓöÇΓöÇΓöÇΓöÇΓöÇΓöÇΓöÇΓöÇΓöÇΓöÇΓöÇΓöÇΓöÇΓöÇΓöÇΓöÇΓöÇΓöÇΓöÇΓöÇΓöÇΓöÇΓöÇΓöÇΓöÇΓöÇΓöÇΓöÇΓöÇΓöÇΓöÇΓöÇΓöÇΓöÇΓöÇΓöÇ

  15) [chromium] ΓÇ║ e2e\responsive.spec.mjs:19:5 ΓÇ║ admin routes x viewports ΓÇ║ /admin/b2b/settlements 

    Error: /admin/b2b/settlements
    @1600px:
      - navigation failed: page.goto: net::ERR_CONNECTION_REFUSED at http://localhost:3058/admin/b2b/settlements
    @1200px:
      - navigation failed: page.goto: net::ERR_CONNECTION_REFUSED at http://localhost:3058/admin/b2b/settlements
    @768px:
      - navigation failed: page.goto: net::ERR_CONNECTION_REFUSED at http://localhost:3058/admin/b2b/settlements
    @480px:
      - navigation failed: page.goto: net::ERR_CONNECTION_REFUSED at http://localhost:3058/admin/b2b/settlements
    @375px:
      - navigation failed: page.goto: net::ERR_CONNECTION_REFUSED at http://localhost:3058/admin/b2b/settlements

    expect(received).toEqual(expected) // deep equality

    - Expected  -  1
    + Received  + 12

    - Array []
    + Array [
    +   "@1600px:
    +   - navigation failed: page.goto: net::ERR_CONNECTION_REFUSED at http://localhost:3058/admin/b2b/settlements",
    +   "@1200px:
    +   - navigation failed: page.goto: net::ERR_CONNECTION_REFUSED at http://localhost:3058/admin/b2b/settlements",
    +   "@768px:
    +   - navigation failed: page.goto: net::ERR_CONNECTION_REFUSED at http://localhost:3058/admin/b2b/settlements",
    +   "@480px:
    +   - navigation failed: page.goto: net::ERR_CONNECTION_REFUSED at http://localhost:3058/admin/b2b/settlements",
    +   "@375px:
    +   - navigation failed: page.goto: net::ERR_CONNECTION_REFUSED at http://localhost:3058/admin/b2b/settlements",
    + ]

      12 |   await testInfo.attach("matrix", { body: JSON.stringify({ route, url, results }), contentType: "application/json" });
      13 |   const failed = results.filter((r) => r.issues.length).map((r) => `@${r.viewport}px:\n  - ${r.issues.join("\n  - ")}`);
    > 14 |   expect(failed, `${url}\n${failed.join("\n")}`).toEqual([]);
         |                                                  ^
      15 | }
      16 |
      17 | test.describe("admin routes x viewports", () => {
        at runMatrix (C:\Users\priyank\Desktop\Development\BharatAgrolink-admin\e2e\responsive.spec.mjs:14:50)
        at C:\Users\priyank\Desktop\Development\BharatAgrolink-admin\e2e\responsive.spec.mjs:20:7

    attachment #7: screenshot (image/png) ΓöÇΓöÇΓöÇΓöÇΓöÇΓöÇΓöÇΓöÇΓöÇΓöÇΓöÇΓöÇΓöÇΓöÇΓöÇΓöÇΓöÇΓöÇΓöÇΓöÇΓöÇΓöÇΓöÇΓöÇΓöÇΓöÇΓöÇΓöÇΓöÇΓöÇΓöÇΓöÇΓöÇΓöÇΓöÇΓöÇΓöÇΓöÇΓöÇΓöÇΓöÇΓöÇΓöÇΓöÇΓöÇΓöÇΓöÇΓöÇΓöÇΓöÇΓöÇΓöÇΓöÇΓöÇΓöÇΓöÇΓöÇΓöÇ
    test-results\responsive-admin-routes-x-viewports-admin-b2b-settlements-chromium\test-failed-1.png
    ΓöÇΓöÇΓöÇΓöÇΓöÇΓöÇΓöÇΓöÇΓöÇΓöÇΓöÇΓöÇΓöÇΓöÇΓöÇΓöÇΓöÇΓöÇΓöÇΓöÇΓöÇΓöÇΓöÇΓöÇΓöÇΓöÇΓöÇΓöÇΓöÇΓöÇΓöÇΓöÇΓöÇΓöÇΓöÇΓöÇΓöÇΓöÇΓöÇΓöÇΓöÇΓöÇΓöÇΓöÇΓöÇΓöÇΓöÇΓöÇΓöÇΓöÇΓöÇΓöÇΓöÇΓöÇΓöÇΓöÇΓöÇΓöÇΓöÇΓöÇΓöÇΓöÇΓöÇΓöÇΓöÇΓöÇΓöÇΓöÇΓöÇΓöÇΓöÇΓöÇΓöÇΓöÇΓöÇΓöÇΓöÇΓöÇΓöÇΓöÇΓöÇΓöÇΓöÇΓöÇΓöÇΓöÇΓöÇΓöÇΓöÇΓöÇΓöÇΓöÇΓöÇΓöÇΓöÇΓöÇ

    Error Context: test-results\responsive-admin-routes-x-viewports-admin-b2b-settlements-chromium\error-context.md

    attachment #9: trace (application/zip) ΓöÇΓöÇΓöÇΓöÇΓöÇΓöÇΓöÇΓöÇΓöÇΓöÇΓöÇΓöÇΓöÇΓöÇΓöÇΓöÇΓöÇΓöÇΓöÇΓöÇΓöÇΓöÇΓöÇΓöÇΓöÇΓöÇΓöÇΓöÇΓöÇΓöÇΓöÇΓöÇΓöÇΓöÇΓöÇΓöÇΓöÇΓöÇΓöÇΓöÇΓöÇΓöÇΓöÇΓöÇΓöÇΓöÇΓöÇΓöÇΓöÇΓöÇΓöÇΓöÇΓöÇΓöÇΓöÇΓöÇΓöÇ
    test-results\responsive-admin-routes-x-viewports-admin-b2b-settlements-chromium\trace.zip
    Usage:

        npx playwright show-trace test-results\responsive-admin-routes-x-viewports-admin-b2b-settlements-chromium\trace.zip

    ΓöÇΓöÇΓöÇΓöÇΓöÇΓöÇΓöÇΓöÇΓöÇΓöÇΓöÇΓöÇΓöÇΓöÇΓöÇΓöÇΓöÇΓöÇΓöÇΓöÇΓöÇΓöÇΓöÇΓöÇΓöÇΓöÇΓöÇΓöÇΓöÇΓöÇΓöÇΓöÇΓöÇΓöÇΓöÇΓöÇΓöÇΓöÇΓöÇΓöÇΓöÇΓöÇΓöÇΓöÇΓöÇΓöÇΓöÇΓöÇΓöÇΓöÇΓöÇΓöÇΓöÇΓöÇΓöÇΓöÇΓöÇΓöÇΓöÇΓöÇΓöÇΓöÇΓöÇΓöÇΓöÇΓöÇΓöÇΓöÇΓöÇΓöÇΓöÇΓöÇΓöÇΓöÇΓöÇΓöÇΓöÇΓöÇΓöÇΓöÇΓöÇΓöÇΓöÇΓöÇΓöÇΓöÇΓöÇΓöÇΓöÇΓöÇΓöÇΓöÇΓöÇΓöÇΓöÇΓöÇ

  16) [chromium] ΓÇ║ e2e\responsive.spec.mjs:19:5 ΓÇ║ admin routes x viewports ΓÇ║ /admin/bulk-orders ΓöÇΓöÇΓöÇΓöÇ

    Error: /admin/bulk-orders
    @1600px:
      - navigation failed: page.goto: net::ERR_CONNECTION_REFUSED at http://localhost:3058/admin/bulk-orders
    @1200px:
      - navigation failed: page.goto: net::ERR_CONNECTION_REFUSED at http://localhost:3058/admin/bulk-orders
    @768px:
      - navigation failed: page.goto: net::ERR_CONNECTION_REFUSED at http://localhost:3058/admin/bulk-orders
    @480px:
      - navigation failed: page.goto: net::ERR_CONNECTION_REFUSED at http://localhost:3058/admin/bulk-orders
    @375px:
      - navigation failed: page.goto: net::ERR_CONNECTION_REFUSED at http://localhost:3058/admin/bulk-orders

    expect(received).toEqual(expected) // deep equality

    - Expected  -  1
    + Received  + 12

    - Array []
    + Array [
    +   "@1600px:
    +   - navigation failed: page.goto: net::ERR_CONNECTION_REFUSED at http://localhost:3058/admin/bulk-orders",
    +   "@1200px:
    +   - navigation failed: page.goto: net::ERR_CONNECTION_REFUSED at http://localhost:3058/admin/bulk-orders",
    +   "@768px:
    +   - navigation failed: page.goto: net::ERR_CONNECTION_REFUSED at http://localhost:3058/admin/bulk-orders",
    +   "@480px:
    +   - navigation failed: page.goto: net::ERR_CONNECTION_REFUSED at http://localhost:3058/admin/bulk-orders",
    +   "@375px:
    +   - navigation failed: page.goto: net::ERR_CONNECTION_REFUSED at http://localhost:3058/admin/bulk-orders",
    + ]

      12 |   await testInfo.attach("matrix", { body: JSON.stringify({ route, url, results }), contentType: "application/json" });
      13 |   const failed = results.filter((r) => r.issues.length).map((r) => `@${r.viewport}px:\n  - ${r.issues.join("\n  - ")}`);
    > 14 |   expect(failed, `${url}\n${failed.join("\n")}`).toEqual([]);
         |                                                  ^
      15 | }
      16 |
      17 | test.describe("admin routes x viewports", () => {
        at runMatrix (C:\Users\priyank\Desktop\Development\BharatAgrolink-admin\e2e\responsive.spec.mjs:14:50)
        at C:\Users\priyank\Desktop\Development\BharatAgrolink-admin\e2e\responsive.spec.mjs:20:7

    attachment #7: screenshot (image/png) ΓöÇΓöÇΓöÇΓöÇΓöÇΓöÇΓöÇΓöÇΓöÇΓöÇΓöÇΓöÇΓöÇΓöÇΓöÇΓöÇΓöÇΓöÇΓöÇΓöÇΓöÇΓöÇΓöÇΓöÇΓöÇΓöÇΓöÇΓöÇΓöÇΓöÇΓöÇΓöÇΓöÇΓöÇΓöÇΓöÇΓöÇΓöÇΓöÇΓöÇΓöÇΓöÇΓöÇΓöÇΓöÇΓöÇΓöÇΓöÇΓöÇΓöÇΓöÇΓöÇΓöÇΓöÇΓöÇΓöÇΓöÇΓöÇ
    test-results\responsive-admin-routes-x-viewports-admin-bulk-orders-chromium\test-failed-1.png
    ΓöÇΓöÇΓöÇΓöÇΓöÇΓöÇΓöÇΓöÇΓöÇΓöÇΓöÇΓöÇΓöÇΓöÇΓöÇΓöÇΓöÇΓöÇΓöÇΓöÇΓöÇΓöÇΓöÇΓöÇΓöÇΓöÇΓöÇΓöÇΓöÇΓöÇΓöÇΓöÇΓöÇΓöÇΓöÇΓöÇΓöÇΓöÇΓöÇΓöÇΓöÇΓöÇΓöÇΓöÇΓöÇΓöÇΓöÇΓöÇΓöÇΓöÇΓöÇΓöÇΓöÇΓöÇΓöÇΓöÇΓöÇΓöÇΓöÇΓöÇΓöÇΓöÇΓöÇΓöÇΓöÇΓöÇΓöÇΓöÇΓöÇΓöÇΓöÇΓöÇΓöÇΓöÇΓöÇΓöÇΓöÇΓöÇΓöÇΓöÇΓöÇΓöÇΓöÇΓöÇΓöÇΓöÇΓöÇΓöÇΓöÇΓöÇΓöÇΓöÇΓöÇΓöÇΓöÇΓöÇ

    Error Context: test-results\responsive-admin-routes-x-viewports-admin-bulk-orders-chromium\error-context.md

    attachment #9: trace (application/zip) ΓöÇΓöÇΓöÇΓöÇΓöÇΓöÇΓöÇΓöÇΓöÇΓöÇΓöÇΓöÇΓöÇΓöÇΓöÇΓöÇΓöÇΓöÇΓöÇΓöÇΓöÇΓöÇΓöÇΓöÇΓöÇΓöÇΓöÇΓöÇΓöÇΓöÇΓöÇΓöÇΓöÇΓöÇΓöÇΓöÇΓöÇΓöÇΓöÇΓöÇΓöÇΓöÇΓöÇΓöÇΓöÇΓöÇΓöÇΓöÇΓöÇΓöÇΓöÇΓöÇΓöÇΓöÇΓöÇΓöÇΓöÇ
    test-results\responsive-admin-routes-x-viewports-admin-bulk-orders-chromium\trace.zip
    Usage:

        npx playwright show-trace test-results\responsive-admin-routes-x-viewports-admin-bulk-orders-chromium\trace.zip

    ΓöÇΓöÇΓöÇΓöÇΓöÇΓöÇΓöÇΓöÇΓöÇΓöÇΓöÇΓöÇΓöÇΓöÇΓöÇΓöÇΓöÇΓöÇΓöÇΓöÇΓöÇΓöÇΓöÇΓöÇΓöÇΓöÇΓöÇΓöÇΓöÇΓöÇΓöÇΓöÇΓöÇΓöÇΓöÇΓöÇΓöÇΓöÇΓöÇΓöÇΓöÇΓöÇΓöÇΓöÇΓöÇΓöÇΓöÇΓöÇΓöÇΓöÇΓöÇΓöÇΓöÇΓöÇΓöÇΓöÇΓöÇΓöÇΓöÇΓöÇΓöÇΓöÇΓöÇΓöÇΓöÇΓöÇΓöÇΓöÇΓöÇΓöÇΓöÇΓöÇΓöÇΓöÇΓöÇΓöÇΓöÇΓöÇΓöÇΓöÇΓöÇΓöÇΓöÇΓöÇΓöÇΓöÇΓöÇΓöÇΓöÇΓöÇΓöÇΓöÇΓöÇΓöÇΓöÇΓöÇ

  17) [chromium] ΓÇ║ e2e\responsive.spec.mjs:19:5 ΓÇ║ admin routes x viewports ΓÇ║ /admin/bulk-orders/dashboard 

    Error: /admin/bulk-orders/dashboard
    @1600px:
      - navigation failed: page.goto: net::ERR_CONNECTION_REFUSED at http://localhost:3058/admin/bulk-orders/dashboard
    @1200px:
      - navigation failed: page.goto: net::ERR_CONNECTION_REFUSED at http://localhost:3058/admin/bulk-orders/dashboard
    @768px:
      - navigation failed: page.goto: net::ERR_CONNECTION_REFUSED at http://localhost:3058/admin/bulk-orders/dashboard
    @480px:
      - navigation failed: page.goto: net::ERR_CONNECTION_REFUSED at http://localhost:3058/admin/bulk-orders/dashboard
    @375px:
      - navigation failed: page.goto: net::ERR_CONNECTION_REFUSED at http://localhost:3058/admin/bulk-orders/dashboard

    expect(received).toEqual(expected) // deep equality

    - Expected  -  1
    + Received  + 12

    - Array []
    + Array [
    +   "@1600px:
    +   - navigation failed: page.goto: net::ERR_CONNECTION_REFUSED at http://localhost:3058/admin/bulk-orders/dashboard",
    +   "@1200px:
    +   - navigation failed: page.goto: net::ERR_CONNECTION_REFUSED at http://localhost:3058/admin/bulk-orders/dashboard",
    +   "@768px:
    +   - navigation failed: page.goto: net::ERR_CONNECTION_REFUSED at http://localhost:3058/admin/bulk-orders/dashboard",
    +   "@480px:
    +   - navigation failed: page.goto: net::ERR_CONNECTION_REFUSED at http://localhost:3058/admin/bulk-orders/dashboard",
    +   "@375px:
    +   - navigation failed: page.goto: net::ERR_CONNECTION_REFUSED at http://localhost:3058/admin/bulk-orders/dashboard",
    + ]

      12 |   await testInfo.attach("matrix", { body: JSON.stringify({ route, url, results }), contentType: "application/json" });
      13 |   const failed = results.filter((r) => r.issues.length).map((r) => `@${r.viewport}px:\n  - ${r.issues.join("\n  - ")}`);
    > 14 |   expect(failed, `${url}\n${failed.join("\n")}`).toEqual([]);
         |                                                  ^
      15 | }
      16 |
      17 | test.describe("admin routes x viewports", () => {
        at runMatrix (C:\Users\priyank\Desktop\Development\BharatAgrolink-admin\e2e\responsive.spec.mjs:14:50)
        at C:\Users\priyank\Desktop\Development\BharatAgrolink-admin\e2e\responsive.spec.mjs:20:7

    attachment #7: screenshot (image/png) ΓöÇΓöÇΓöÇΓöÇΓöÇΓöÇΓöÇΓöÇΓöÇΓöÇΓöÇΓöÇΓöÇΓöÇΓöÇΓöÇΓöÇΓöÇΓöÇΓöÇΓöÇΓöÇΓöÇΓöÇΓöÇΓöÇΓöÇΓöÇΓöÇΓöÇΓöÇΓöÇΓöÇΓöÇΓöÇΓöÇΓöÇΓöÇΓöÇΓöÇΓöÇΓöÇΓöÇΓöÇΓöÇΓöÇΓöÇΓöÇΓöÇΓöÇΓöÇΓöÇΓöÇΓöÇΓöÇΓöÇΓöÇΓöÇ
    test-results\responsive-admin-routes-x--f73d0-admin-bulk-orders-dashboard-chromium\test-failed-1.png
    ΓöÇΓöÇΓöÇΓöÇΓöÇΓöÇΓöÇΓöÇΓöÇΓöÇΓöÇΓöÇΓöÇΓöÇΓöÇΓöÇΓöÇΓöÇΓöÇΓöÇΓöÇΓöÇΓöÇΓöÇΓöÇΓöÇΓöÇΓöÇΓöÇΓöÇΓöÇΓöÇΓöÇΓöÇΓöÇΓöÇΓöÇΓöÇΓöÇΓöÇΓöÇΓöÇΓöÇΓöÇΓöÇΓöÇΓöÇΓöÇΓöÇΓöÇΓöÇΓöÇΓöÇΓöÇΓöÇΓöÇΓöÇΓöÇΓöÇΓöÇΓöÇΓöÇΓöÇΓöÇΓöÇΓöÇΓöÇΓöÇΓöÇΓöÇΓöÇΓöÇΓöÇΓöÇΓöÇΓöÇΓöÇΓöÇΓöÇΓöÇΓöÇΓöÇΓöÇΓöÇΓöÇΓöÇΓöÇΓöÇΓöÇΓöÇΓöÇΓöÇΓöÇΓöÇΓöÇΓöÇ

    Error Context: test-results\responsive-admin-routes-x--f73d0-admin-bulk-orders-dashboard-chromium\error-context.md

    attachment #9: trace (application/zip) ΓöÇΓöÇΓöÇΓöÇΓöÇΓöÇΓöÇΓöÇΓöÇΓöÇΓöÇΓöÇΓöÇΓöÇΓöÇΓöÇΓöÇΓöÇΓöÇΓöÇΓöÇΓöÇΓöÇΓöÇΓöÇΓöÇΓöÇΓöÇΓöÇΓöÇΓöÇΓöÇΓöÇΓöÇΓöÇΓöÇΓöÇΓöÇΓöÇΓöÇΓöÇΓöÇΓöÇΓöÇΓöÇΓöÇΓöÇΓöÇΓöÇΓöÇΓöÇΓöÇΓöÇΓöÇΓöÇΓöÇΓöÇ
    test-results\responsive-admin-routes-x--f73d0-admin-bulk-orders-dashboard-chromium\trace.zip
    Usage:

        npx playwright show-trace test-results\responsive-admin-routes-x--f73d0-admin-bulk-orders-dashboard-chromium\trace.zip

    ΓöÇΓöÇΓöÇΓöÇΓöÇΓöÇΓöÇΓöÇΓöÇΓöÇΓöÇΓöÇΓöÇΓöÇΓöÇΓöÇΓöÇΓöÇΓöÇΓöÇΓöÇΓöÇΓöÇΓöÇΓöÇΓöÇΓöÇΓöÇΓöÇΓöÇΓöÇΓöÇΓöÇΓöÇΓöÇΓöÇΓöÇΓöÇΓöÇΓöÇΓöÇΓöÇΓöÇΓöÇΓöÇΓöÇΓöÇΓöÇΓöÇΓöÇΓöÇΓöÇΓöÇΓöÇΓöÇΓöÇΓöÇΓöÇΓöÇΓöÇΓöÇΓöÇΓöÇΓöÇΓöÇΓöÇΓöÇΓöÇΓöÇΓöÇΓöÇΓöÇΓöÇΓöÇΓöÇΓöÇΓöÇΓöÇΓöÇΓöÇΓöÇΓöÇΓöÇΓöÇΓöÇΓöÇΓöÇΓöÇΓöÇΓöÇΓöÇΓöÇΓöÇΓöÇΓöÇΓöÇ

  18) [chromium] ΓÇ║ e2e\responsive.spec.mjs:19:5 ΓÇ║ admin routes x viewports ΓÇ║ /admin/bulk-orders/new 

    Error: /admin/bulk-orders/new
    @1600px:
      - navigation failed: page.goto: net::ERR_CONNECTION_REFUSED at http://localhost:3058/admin/bulk-orders/new
    @1200px:
      - navigation failed: page.goto: net::ERR_CONNECTION_REFUSED at http://localhost:3058/admin/bulk-orders/new
    @768px:
      - navigation failed: page.goto: net::ERR_CONNECTION_REFUSED at http://localhost:3058/admin/bulk-orders/new
    @480px:
      - navigation failed: page.goto: net::ERR_CONNECTION_REFUSED at http://localhost:3058/admin/bulk-orders/new
    @375px:
      - navigation failed: page.goto: net::ERR_CONNECTION_REFUSED at http://localhost:3058/admin/bulk-orders/new

    expect(received).toEqual(expected) // deep equality

    - Expected  -  1
    + Received  + 12

    - Array []
    + Array [
    +   "@1600px:
    +   - navigation failed: page.goto: net::ERR_CONNECTION_REFUSED at http://localhost:3058/admin/bulk-orders/new",
    +   "@1200px:
    +   - navigation failed: page.goto: net::ERR_CONNECTION_REFUSED at http://localhost:3058/admin/bulk-orders/new",
    +   "@768px:
    +   - navigation failed: page.goto: net::ERR_CONNECTION_REFUSED at http://localhost:3058/admin/bulk-orders/new",
    +   "@480px:
    +   - navigation failed: page.goto: net::ERR_CONNECTION_REFUSED at http://localhost:3058/admin/bulk-orders/new",
    +   "@375px:
    +   - navigation failed: page.goto: net::ERR_CONNECTION_REFUSED at http://localhost:3058/admin/bulk-orders/new",
    + ]

      12 |   await testInfo.attach("matrix", { body: JSON.stringify({ route, url, results }), contentType: "application/json" });
      13 |   const failed = results.filter((r) => r.issues.length).map((r) => `@${r.viewport}px:\n  - ${r.issues.join("\n  - ")}`);
    > 14 |   expect(failed, `${url}\n${failed.join("\n")}`).toEqual([]);
         |                                                  ^
      15 | }
      16 |
      17 | test.describe("admin routes x viewports", () => {
        at runMatrix (C:\Users\priyank\Desktop\Development\BharatAgrolink-admin\e2e\responsive.spec.mjs:14:50)
        at C:\Users\priyank\Desktop\Development\BharatAgrolink-admin\e2e\responsive.spec.mjs:20:7

    attachment #7: screenshot (image/png) ΓöÇΓöÇΓöÇΓöÇΓöÇΓöÇΓöÇΓöÇΓöÇΓöÇΓöÇΓöÇΓöÇΓöÇΓöÇΓöÇΓöÇΓöÇΓöÇΓöÇΓöÇΓöÇΓöÇΓöÇΓöÇΓöÇΓöÇΓöÇΓöÇΓöÇΓöÇΓöÇΓöÇΓöÇΓöÇΓöÇΓöÇΓöÇΓöÇΓöÇΓöÇΓöÇΓöÇΓöÇΓöÇΓöÇΓöÇΓöÇΓöÇΓöÇΓöÇΓöÇΓöÇΓöÇΓöÇΓöÇΓöÇΓöÇ
    test-results\responsive-admin-routes-x-viewports-admin-bulk-orders-new-chromium\test-failed-1.png
    ΓöÇΓöÇΓöÇΓöÇΓöÇΓöÇΓöÇΓöÇΓöÇΓöÇΓöÇΓöÇΓöÇΓöÇΓöÇΓöÇΓöÇΓöÇΓöÇΓöÇΓöÇΓöÇΓöÇΓöÇΓöÇΓöÇΓöÇΓöÇΓöÇΓöÇΓöÇΓöÇΓöÇΓöÇΓöÇΓöÇΓöÇΓöÇΓöÇΓöÇΓöÇΓöÇΓöÇΓöÇΓöÇΓöÇΓöÇΓöÇΓöÇΓöÇΓöÇΓöÇΓöÇΓöÇΓöÇΓöÇΓöÇΓöÇΓöÇΓöÇΓöÇΓöÇΓöÇΓöÇΓöÇΓöÇΓöÇΓöÇΓöÇΓöÇΓöÇΓöÇΓöÇΓöÇΓöÇΓöÇΓöÇΓöÇΓöÇΓöÇΓöÇΓöÇΓöÇΓöÇΓöÇΓöÇΓöÇΓöÇΓöÇΓöÇΓöÇΓöÇΓöÇΓöÇΓöÇΓöÇ

    Error Context: test-results\responsive-admin-routes-x-viewports-admin-bulk-orders-new-chromium\error-context.md

    attachment #9: trace (application/zip) ΓöÇΓöÇΓöÇΓöÇΓöÇΓöÇΓöÇΓöÇΓöÇΓöÇΓöÇΓöÇΓöÇΓöÇΓöÇΓöÇΓöÇΓöÇΓöÇΓöÇΓöÇΓöÇΓöÇΓöÇΓöÇΓöÇΓöÇΓöÇΓöÇΓöÇΓöÇΓöÇΓöÇΓöÇΓöÇΓöÇΓöÇΓöÇΓöÇΓöÇΓöÇΓöÇΓöÇΓöÇΓöÇΓöÇΓöÇΓöÇΓöÇΓöÇΓöÇΓöÇΓöÇΓöÇΓöÇΓöÇΓöÇ
    test-results\responsive-admin-routes-x-viewports-admin-bulk-orders-new-chromium\trace.zip
    Usage:

        npx playwright show-trace test-results\responsive-admin-routes-x-viewports-admin-bulk-orders-new-chromium\trace.zip

    ΓöÇΓöÇΓöÇΓöÇΓöÇΓöÇΓöÇΓöÇΓöÇΓöÇΓöÇΓöÇΓöÇΓöÇΓöÇΓöÇΓöÇΓöÇΓöÇΓöÇΓöÇΓöÇΓöÇΓöÇΓöÇΓöÇΓöÇΓöÇΓöÇΓöÇΓöÇΓöÇΓöÇΓöÇΓöÇΓöÇΓöÇΓöÇΓöÇΓöÇΓöÇΓöÇΓöÇΓöÇΓöÇΓöÇΓöÇΓöÇΓöÇΓöÇΓöÇΓöÇΓöÇΓöÇΓöÇΓöÇΓöÇΓöÇΓöÇΓöÇΓöÇΓöÇΓöÇΓöÇΓöÇΓöÇΓöÇΓöÇΓöÇΓöÇΓöÇΓöÇΓöÇΓöÇΓöÇΓöÇΓöÇΓöÇΓöÇΓöÇΓöÇΓöÇΓöÇΓöÇΓöÇΓöÇΓöÇΓöÇΓöÇΓöÇΓöÇΓöÇΓöÇΓöÇΓöÇΓöÇ

  19) [chromium] ΓÇ║ e2e\responsive.spec.mjs:19:5 ΓÇ║ admin routes x viewports ΓÇ║ /admin/bulk-orders/orders 

    Error: /admin/bulk-orders/orders
    @1600px:
      - navigation failed: page.goto: net::ERR_CONNECTION_REFUSED at http://localhost:3058/admin/bulk-orders/orders
    @1200px:
      - navigation failed: page.goto: net::ERR_CONNECTION_REFUSED at http://localhost:3058/admin/bulk-orders/orders
    @768px:
      - navigation failed: page.goto: net::ERR_CONNECTION_REFUSED at http://localhost:3058/admin/bulk-orders/orders
    @480px:
      - navigation failed: page.goto: net::ERR_CONNECTION_REFUSED at http://localhost:3058/admin/bulk-orders/orders
    @375px:
      - navigation failed: page.goto: net::ERR_CONNECTION_REFUSED at http://localhost:3058/admin/bulk-orders/orders

    expect(received).toEqual(expected) // deep equality

    - Expected  -  1
    + Received  + 12

    - Array []
    + Array [
    +   "@1600px:
    +   - navigation failed: page.goto: net::ERR_CONNECTION_REFUSED at http://localhost:3058/admin/bulk-orders/orders",
    +   "@1200px:
    +   - navigation failed: page.goto: net::ERR_CONNECTION_REFUSED at http://localhost:3058/admin/bulk-orders/orders",
    +   "@768px:
    +   - navigation failed: page.goto: net::ERR_CONNECTION_REFUSED at http://localhost:3058/admin/bulk-orders/orders",
    +   "@480px:
    +   - navigation failed: page.goto: net::ERR_CONNECTION_REFUSED at http://localhost:3058/admin/bulk-orders/orders",
    +   "@375px:
    +   - navigation failed: page.goto: net::ERR_CONNECTION_REFUSED at http://localhost:3058/admin/bulk-orders/orders",
    + ]

      12 |   await testInfo.attach("matrix", { body: JSON.stringify({ route, url, results }), contentType: "application/json" });
      13 |   const failed = results.filter((r) => r.issues.length).map((r) => `@${r.viewport}px:\n  - ${r.issues.join("\n  - ")}`);
    > 14 |   expect(failed, `${url}\n${failed.join("\n")}`).toEqual([]);
         |                                                  ^
      15 | }
      16 |
      17 | test.describe("admin routes x viewports", () => {
        at runMatrix (C:\Users\priyank\Desktop\Development\BharatAgrolink-admin\e2e\responsive.spec.mjs:14:50)
        at C:\Users\priyank\Desktop\Development\BharatAgrolink-admin\e2e\responsive.spec.mjs:20:7

    attachment #7: screenshot (image/png) ΓöÇΓöÇΓöÇΓöÇΓöÇΓöÇΓöÇΓöÇΓöÇΓöÇΓöÇΓöÇΓöÇΓöÇΓöÇΓöÇΓöÇΓöÇΓöÇΓöÇΓöÇΓöÇΓöÇΓöÇΓöÇΓöÇΓöÇΓöÇΓöÇΓöÇΓöÇΓöÇΓöÇΓöÇΓöÇΓöÇΓöÇΓöÇΓöÇΓöÇΓöÇΓöÇΓöÇΓöÇΓöÇΓöÇΓöÇΓöÇΓöÇΓöÇΓöÇΓöÇΓöÇΓöÇΓöÇΓöÇΓöÇΓöÇ
    test-results\responsive-admin-routes-x-viewports-admin-bulk-orders-orders-chromium\test-failed-1.png
    ΓöÇΓöÇΓöÇΓöÇΓöÇΓöÇΓöÇΓöÇΓöÇΓöÇΓöÇΓöÇΓöÇΓöÇΓöÇΓöÇΓöÇΓöÇΓöÇΓöÇΓöÇΓöÇΓöÇΓöÇΓöÇΓöÇΓöÇΓöÇΓöÇΓöÇΓöÇΓöÇΓöÇΓöÇΓöÇΓöÇΓöÇΓöÇΓöÇΓöÇΓöÇΓöÇΓöÇΓöÇΓöÇΓöÇΓöÇΓöÇΓöÇΓöÇΓöÇΓöÇΓöÇΓöÇΓöÇΓöÇΓöÇΓöÇΓöÇΓöÇΓöÇΓöÇΓöÇΓöÇΓöÇΓöÇΓöÇΓöÇΓöÇΓöÇΓöÇΓöÇΓöÇΓöÇΓöÇΓöÇΓöÇΓöÇΓöÇΓöÇΓöÇΓöÇΓöÇΓöÇΓöÇΓöÇΓöÇΓöÇΓöÇΓöÇΓöÇΓöÇΓöÇΓöÇΓöÇΓöÇ

    Error Context: test-results\responsive-admin-routes-x-viewports-admin-bulk-orders-orders-chromium\error-context.md

    attachment #9: trace (application/zip) ΓöÇΓöÇΓöÇΓöÇΓöÇΓöÇΓöÇΓöÇΓöÇΓöÇΓöÇΓöÇΓöÇΓöÇΓöÇΓöÇΓöÇΓöÇΓöÇΓöÇΓöÇΓöÇΓöÇΓöÇΓöÇΓöÇΓöÇΓöÇΓöÇΓöÇΓöÇΓöÇΓöÇΓöÇΓöÇΓöÇΓöÇΓöÇΓöÇΓöÇΓöÇΓöÇΓöÇΓöÇΓöÇΓöÇΓöÇΓöÇΓöÇΓöÇΓöÇΓöÇΓöÇΓöÇΓöÇΓöÇΓöÇ
    test-results\responsive-admin-routes-x-viewports-admin-bulk-orders-orders-chromium\trace.zip
    Usage:

        npx playwright show-trace test-results\responsive-admin-routes-x-viewports-admin-bulk-orders-orders-chromium\trace.zip

    ΓöÇΓöÇΓöÇΓöÇΓöÇΓöÇΓöÇΓöÇΓöÇΓöÇΓöÇΓöÇΓöÇΓöÇΓöÇΓöÇΓöÇΓöÇΓöÇΓöÇΓöÇΓöÇΓöÇΓöÇΓöÇΓöÇΓöÇΓöÇΓöÇΓöÇΓöÇΓöÇΓöÇΓöÇΓöÇΓöÇΓöÇΓöÇΓöÇΓöÇΓöÇΓöÇΓöÇΓöÇΓöÇΓöÇΓöÇΓöÇΓöÇΓöÇΓöÇΓöÇΓöÇΓöÇΓöÇΓöÇΓöÇΓöÇΓöÇΓöÇΓöÇΓöÇΓöÇΓöÇΓöÇΓöÇΓöÇΓöÇΓöÇΓöÇΓöÇΓöÇΓöÇΓöÇΓöÇΓöÇΓöÇΓöÇΓöÇΓöÇΓöÇΓöÇΓöÇΓöÇΓöÇΓöÇΓöÇΓöÇΓöÇΓöÇΓöÇΓöÇΓöÇΓöÇΓöÇΓöÇ

  20) [chromium] ΓÇ║ e2e\responsive.spec.mjs:19:5 ΓÇ║ admin routes x viewports ΓÇ║ /admin/bulk-orders/products 

    Error: /admin/bulk-orders/products
    @1600px:
      - navigation failed: page.goto: net::ERR_CONNECTION_REFUSED at http://localhost:3058/admin/bulk-orders/products
    @1200px:
      - navigation failed: page.goto: net::ERR_CONNECTION_REFUSED at http://localhost:3058/admin/bulk-orders/products
    @768px:
      - navigation failed: page.goto: net::ERR_CONNECTION_REFUSED at http://localhost:3058/admin/bulk-orders/products
    @480px:
      - navigation failed: page.goto: net::ERR_CONNECTION_REFUSED at http://localhost:3058/admin/bulk-orders/products
    @375px:
      - navigation failed: page.goto: net::ERR_CONNECTION_REFUSED at http://localhost:3058/admin/bulk-orders/products

    expect(received).toEqual(expected) // deep equality

    - Expected  -  1
    + Received  + 12

    - Array []
    + Array [
    +   "@1600px:
    +   - navigation failed: page.goto: net::ERR_CONNECTION_REFUSED at http://localhost:3058/admin/bulk-orders/products",
    +   "@1200px:
    +   - navigation failed: page.goto: net::ERR_CONNECTION_REFUSED at http://localhost:3058/admin/bulk-orders/products",
    +   "@768px:
    +   - navigation failed: page.goto: net::ERR_CONNECTION_REFUSED at http://localhost:3058/admin/bulk-orders/products",
    +   "@480px:
    +   - navigation failed: page.goto: net::ERR_CONNECTION_REFUSED at http://localhost:3058/admin/bulk-orders/products",
    +   "@375px:
    +   - navigation failed: page.goto: net::ERR_CONNECTION_REFUSED at http://localhost:3058/admin/bulk-orders/products",
    + ]

      12 |   await testInfo.attach("matrix", { body: JSON.stringify({ route, url, results }), contentType: "application/json" });
      13 |   const failed = results.filter((r) => r.issues.length).map((r) => `@${r.viewport}px:\n  - ${r.issues.join("\n  - ")}`);
    > 14 |   expect(failed, `${url}\n${failed.join("\n")}`).toEqual([]);
         |                                                  ^
      15 | }
      16 |
      17 | test.describe("admin routes x viewports", () => {
        at runMatrix (C:\Users\priyank\Desktop\Development\BharatAgrolink-admin\e2e\responsive.spec.mjs:14:50)
        at C:\Users\priyank\Desktop\Development\BharatAgrolink-admin\e2e\responsive.spec.mjs:20:7

    attachment #7: screenshot (image/png) ΓöÇΓöÇΓöÇΓöÇΓöÇΓöÇΓöÇΓöÇΓöÇΓöÇΓöÇΓöÇΓöÇΓöÇΓöÇΓöÇΓöÇΓöÇΓöÇΓöÇΓöÇΓöÇΓöÇΓöÇΓöÇΓöÇΓöÇΓöÇΓöÇΓöÇΓöÇΓöÇΓöÇΓöÇΓöÇΓöÇΓöÇΓöÇΓöÇΓöÇΓöÇΓöÇΓöÇΓöÇΓöÇΓöÇΓöÇΓöÇΓöÇΓöÇΓöÇΓöÇΓöÇΓöÇΓöÇΓöÇΓöÇΓöÇ
    test-results\responsive-admin-routes-x--6db06--admin-bulk-orders-products-chromium\test-failed-1.png
    ΓöÇΓöÇΓöÇΓöÇΓöÇΓöÇΓöÇΓöÇΓöÇΓöÇΓöÇΓöÇΓöÇΓöÇΓöÇΓöÇΓöÇΓöÇΓöÇΓöÇΓöÇΓöÇΓöÇΓöÇΓöÇΓöÇΓöÇΓöÇΓöÇΓöÇΓöÇΓöÇΓöÇΓöÇΓöÇΓöÇΓöÇΓöÇΓöÇΓöÇΓöÇΓöÇΓöÇΓöÇΓöÇΓöÇΓöÇΓöÇΓöÇΓöÇΓöÇΓöÇΓöÇΓöÇΓöÇΓöÇΓöÇΓöÇΓöÇΓöÇΓöÇΓöÇΓöÇΓöÇΓöÇΓöÇΓöÇΓöÇΓöÇΓöÇΓöÇΓöÇΓöÇΓöÇΓöÇΓöÇΓöÇΓöÇΓöÇΓöÇΓöÇΓöÇΓöÇΓöÇΓöÇΓöÇΓöÇΓöÇΓöÇΓöÇΓöÇΓöÇΓöÇΓöÇΓöÇΓöÇ

    Error Context: test-results\responsive-admin-routes-x--6db06--admin-bulk-orders-products-chromium\error-context.md

    attachment #9: trace (application/zip) ΓöÇΓöÇΓöÇΓöÇΓöÇΓöÇΓöÇΓöÇΓöÇΓöÇΓöÇΓöÇΓöÇΓöÇΓöÇΓöÇΓöÇΓöÇΓöÇΓöÇΓöÇΓöÇΓöÇΓöÇΓöÇΓöÇΓöÇΓöÇΓöÇΓöÇΓöÇΓöÇΓöÇΓöÇΓöÇΓöÇΓöÇΓöÇΓöÇΓöÇΓöÇΓöÇΓöÇΓöÇΓöÇΓöÇΓöÇΓöÇΓöÇΓöÇΓöÇΓöÇΓöÇΓöÇΓöÇΓöÇΓöÇ
    test-results\responsive-admin-routes-x--6db06--admin-bulk-orders-products-chromium\trace.zip
    Usage:

        npx playwright show-trace test-results\responsive-admin-routes-x--6db06--admin-bulk-orders-products-chromium\trace.zip

    ΓöÇΓöÇΓöÇΓöÇΓöÇΓöÇΓöÇΓöÇΓöÇΓöÇΓöÇΓöÇΓöÇΓöÇΓöÇΓöÇΓöÇΓöÇΓöÇΓöÇΓöÇΓöÇΓöÇΓöÇΓöÇΓöÇΓöÇΓöÇΓöÇΓöÇΓöÇΓöÇΓöÇΓöÇΓöÇΓöÇΓöÇΓöÇΓöÇΓöÇΓöÇΓöÇΓöÇΓöÇΓöÇΓöÇΓöÇΓöÇΓöÇΓöÇΓöÇΓöÇΓöÇΓöÇΓöÇΓöÇΓöÇΓöÇΓöÇΓöÇΓöÇΓöÇΓöÇΓöÇΓöÇΓöÇΓöÇΓöÇΓöÇΓöÇΓöÇΓöÇΓöÇΓöÇΓöÇΓöÇΓöÇΓöÇΓöÇΓöÇΓöÇΓöÇΓöÇΓöÇΓöÇΓöÇΓöÇΓöÇΓöÇΓöÇΓöÇΓöÇΓöÇΓöÇΓöÇΓöÇ

  21) [chromium] ΓÇ║ e2e\responsive.spec.mjs:19:5 ΓÇ║ admin routes x viewports ΓÇ║ /admin/bulk-orders/quotations 

    Error: /admin/bulk-orders/quotations
    @1600px:
      - navigation failed: page.goto: net::ERR_CONNECTION_REFUSED at http://localhost:3058/admin/bulk-orders/quotations
    @1200px:
      - navigation failed: page.goto: net::ERR_CONNECTION_REFUSED at http://localhost:3058/admin/bulk-orders/quotations
    @768px:
      - navigation failed: page.goto: net::ERR_CONNECTION_REFUSED at http://localhost:3058/admin/bulk-orders/quotations
    @480px:
      - navigation failed: page.goto: net::ERR_CONNECTION_REFUSED at http://localhost:3058/admin/bulk-orders/quotations
    @375px:
      - navigation failed: page.goto: net::ERR_CONNECTION_REFUSED at http://localhost:3058/admin/bulk-orders/quotations

    expect(received).toEqual(expected) // deep equality

    - Expected  -  1
    + Received  + 12

    - Array []
    + Array [
    +   "@1600px:
    +   - navigation failed: page.goto: net::ERR_CONNECTION_REFUSED at http://localhost:3058/admin/bulk-orders/quotations",
    +   "@1200px:
    +   - navigation failed: page.goto: net::ERR_CONNECTION_REFUSED at http://localhost:3058/admin/bulk-orders/quotations",
    +   "@768px:
    +   - navigation failed: page.goto: net::ERR_CONNECTION_REFUSED at http://localhost:3058/admin/bulk-orders/quotations",
    +   "@480px:
    +   - navigation failed: page.goto: net::ERR_CONNECTION_REFUSED at http://localhost:3058/admin/bulk-orders/quotations",
    +   "@375px:
    +   - navigation failed: page.goto: net::ERR_CONNECTION_REFUSED at http://localhost:3058/admin/bulk-orders/quotations",
    + ]

      12 |   await testInfo.attach("matrix", { body: JSON.stringify({ route, url, results }), contentType: "application/json" });
      13 |   const failed = results.filter((r) => r.issues.length).map((r) => `@${r.viewport}px:\n  - ${r.issues.join("\n  - ")}`);
    > 14 |   expect(failed, `${url}\n${failed.join("\n")}`).toEqual([]);
         |                                                  ^
      15 | }
      16 |
      17 | test.describe("admin routes x viewports", () => {
        at runMatrix (C:\Users\priyank\Desktop\Development\BharatAgrolink-admin\e2e\responsive.spec.mjs:14:50)
        at C:\Users\priyank\Desktop\Development\BharatAgrolink-admin\e2e\responsive.spec.mjs:20:7

    attachment #7: screenshot (image/png) ΓöÇΓöÇΓöÇΓöÇΓöÇΓöÇΓöÇΓöÇΓöÇΓöÇΓöÇΓöÇΓöÇΓöÇΓöÇΓöÇΓöÇΓöÇΓöÇΓöÇΓöÇΓöÇΓöÇΓöÇΓöÇΓöÇΓöÇΓöÇΓöÇΓöÇΓöÇΓöÇΓöÇΓöÇΓöÇΓöÇΓöÇΓöÇΓöÇΓöÇΓöÇΓöÇΓöÇΓöÇΓöÇΓöÇΓöÇΓöÇΓöÇΓöÇΓöÇΓöÇΓöÇΓöÇΓöÇΓöÇΓöÇΓöÇ
    test-results\responsive-admin-routes-x--07281-dmin-bulk-orders-quotations-chromium\test-failed-1.png
    ΓöÇΓöÇΓöÇΓöÇΓöÇΓöÇΓöÇΓöÇΓöÇΓöÇΓöÇΓöÇΓöÇΓöÇΓöÇΓöÇΓöÇΓöÇΓöÇΓöÇΓöÇΓöÇΓöÇΓöÇΓöÇΓöÇΓöÇΓöÇΓöÇΓöÇΓöÇΓöÇΓöÇΓöÇΓöÇΓöÇΓöÇΓöÇΓöÇΓöÇΓöÇΓöÇΓöÇΓöÇΓöÇΓöÇΓöÇΓöÇΓöÇΓöÇΓöÇΓöÇΓöÇΓöÇΓöÇΓöÇΓöÇΓöÇΓöÇΓöÇΓöÇΓöÇΓöÇΓöÇΓöÇΓöÇΓöÇΓöÇΓöÇΓöÇΓöÇΓöÇΓöÇΓöÇΓöÇΓöÇΓöÇΓöÇΓöÇΓöÇΓöÇΓöÇΓöÇΓöÇΓöÇΓöÇΓöÇΓöÇΓöÇΓöÇΓöÇΓöÇΓöÇΓöÇΓöÇΓöÇ

    Error Context: test-results\responsive-admin-routes-x--07281-dmin-bulk-orders-quotations-chromium\error-context.md

    attachment #9: trace (application/zip) ΓöÇΓöÇΓöÇΓöÇΓöÇΓöÇΓöÇΓöÇΓöÇΓöÇΓöÇΓöÇΓöÇΓöÇΓöÇΓöÇΓöÇΓöÇΓöÇΓöÇΓöÇΓöÇΓöÇΓöÇΓöÇΓöÇΓöÇΓöÇΓöÇΓöÇΓöÇΓöÇΓöÇΓöÇΓöÇΓöÇΓöÇΓöÇΓöÇΓöÇΓöÇΓöÇΓöÇΓöÇΓöÇΓöÇΓöÇΓöÇΓöÇΓöÇΓöÇΓöÇΓöÇΓöÇΓöÇΓöÇΓöÇ
    test-results\responsive-admin-routes-x--07281-dmin-bulk-orders-quotations-chromium\trace.zip
    Usage:

        npx playwright show-trace test-results\responsive-admin-routes-x--07281-dmin-bulk-orders-quotations-chromium\trace.zip

    ΓöÇΓöÇΓöÇΓöÇΓöÇΓöÇΓöÇΓöÇΓöÇΓöÇΓöÇΓöÇΓöÇΓöÇΓöÇΓöÇΓöÇΓöÇΓöÇΓöÇΓöÇΓöÇΓöÇΓöÇΓöÇΓöÇΓöÇΓöÇΓöÇΓöÇΓöÇΓöÇΓöÇΓöÇΓöÇΓöÇΓöÇΓöÇΓöÇΓöÇΓöÇΓöÇΓöÇΓöÇΓöÇΓöÇΓöÇΓöÇΓöÇΓöÇΓöÇΓöÇΓöÇΓöÇΓöÇΓöÇΓöÇΓöÇΓöÇΓöÇΓöÇΓöÇΓöÇΓöÇΓöÇΓöÇΓöÇΓöÇΓöÇΓöÇΓöÇΓöÇΓöÇΓöÇΓöÇΓöÇΓöÇΓöÇΓöÇΓöÇΓöÇΓöÇΓöÇΓöÇΓöÇΓöÇΓöÇΓöÇΓöÇΓöÇΓöÇΓöÇΓöÇΓöÇΓöÇΓöÇ

  22) [chromium] ΓÇ║ e2e\responsive.spec.mjs:19:5 ΓÇ║ admin routes x viewports ΓÇ║ /admin/bulk-orders/shipments 

    Error: /admin/bulk-orders/shipments
    @1600px:
      - navigation failed: page.goto: net::ERR_CONNECTION_REFUSED at http://localhost:3058/admin/bulk-orders/shipments
    @1200px:
      - navigation failed: page.goto: net::ERR_CONNECTION_REFUSED at http://localhost:3058/admin/bulk-orders/shipments
    @768px:
      - navigation failed: page.goto: net::ERR_CONNECTION_REFUSED at http://localhost:3058/admin/bulk-orders/shipments
    @480px:
      - navigation failed: page.goto: net::ERR_CONNECTION_REFUSED at http://localhost:3058/admin/bulk-orders/shipments
    @375px:
      - navigation failed: page.goto: net::ERR_CONNECTION_REFUSED at http://localhost:3058/admin/bulk-orders/shipments

    expect(received).toEqual(expected) // deep equality

    - Expected  -  1
    + Received  + 12

    - Array []
    + Array [
    +   "@1600px:
    +   - navigation failed: page.goto: net::ERR_CONNECTION_REFUSED at http://localhost:3058/admin/bulk-orders/shipments",
    +   "@1200px:
    +   - navigation failed: page.goto: net::ERR_CONNECTION_REFUSED at http://localhost:3058/admin/bulk-orders/shipments",
    +   "@768px:
    +   - navigation failed: page.goto: net::ERR_CONNECTION_REFUSED at http://localhost:3058/admin/bulk-orders/shipments",
    +   "@480px:
    +   - navigation failed: page.goto: net::ERR_CONNECTION_REFUSED at http://localhost:3058/admin/bulk-orders/shipments",
    +   "@375px:
    +   - navigation failed: page.goto: net::ERR_CONNECTION_REFUSED at http://localhost:3058/admin/bulk-orders/shipments",
    + ]

      12 |   await testInfo.attach("matrix", { body: JSON.stringify({ route, url, results }), contentType: "application/json" });
      13 |   const failed = results.filter((r) => r.issues.length).map((r) => `@${r.viewport}px:\n  - ${r.issues.join("\n  - ")}`);
    > 14 |   expect(failed, `${url}\n${failed.join("\n")}`).toEqual([]);
         |                                                  ^
      15 | }
      16 |
      17 | test.describe("admin routes x viewports", () => {
        at runMatrix (C:\Users\priyank\Desktop\Development\BharatAgrolink-admin\e2e\responsive.spec.mjs:14:50)
        at C:\Users\priyank\Desktop\Development\BharatAgrolink-admin\e2e\responsive.spec.mjs:20:7

    attachment #7: screenshot (image/png) ΓöÇΓöÇΓöÇΓöÇΓöÇΓöÇΓöÇΓöÇΓöÇΓöÇΓöÇΓöÇΓöÇΓöÇΓöÇΓöÇΓöÇΓöÇΓöÇΓöÇΓöÇΓöÇΓöÇΓöÇΓöÇΓöÇΓöÇΓöÇΓöÇΓöÇΓöÇΓöÇΓöÇΓöÇΓöÇΓöÇΓöÇΓöÇΓöÇΓöÇΓöÇΓöÇΓöÇΓöÇΓöÇΓöÇΓöÇΓöÇΓöÇΓöÇΓöÇΓöÇΓöÇΓöÇΓöÇΓöÇΓöÇΓöÇ
    test-results\responsive-admin-routes-x--ceca2-admin-bulk-orders-shipments-chromium\test-failed-1.png
    ΓöÇΓöÇΓöÇΓöÇΓöÇΓöÇΓöÇΓöÇΓöÇΓöÇΓöÇΓöÇΓöÇΓöÇΓöÇΓöÇΓöÇΓöÇΓöÇΓöÇΓöÇΓöÇΓöÇΓöÇΓöÇΓöÇΓöÇΓöÇΓöÇΓöÇΓöÇΓöÇΓöÇΓöÇΓöÇΓöÇΓöÇΓöÇΓöÇΓöÇΓöÇΓöÇΓöÇΓöÇΓöÇΓöÇΓöÇΓöÇΓöÇΓöÇΓöÇΓöÇΓöÇΓöÇΓöÇΓöÇΓöÇΓöÇΓöÇΓöÇΓöÇΓöÇΓöÇΓöÇΓöÇΓöÇΓöÇΓöÇΓöÇΓöÇΓöÇΓöÇΓöÇΓöÇΓöÇΓöÇΓöÇΓöÇΓöÇΓöÇΓöÇΓöÇΓöÇΓöÇΓöÇΓöÇΓöÇΓöÇΓöÇΓöÇΓöÇΓöÇΓöÇΓöÇΓöÇΓöÇ

    Error Context: test-results\responsive-admin-routes-x--ceca2-admin-bulk-orders-shipments-chromium\error-context.md

    attachment #9: trace (application/zip) ΓöÇΓöÇΓöÇΓöÇΓöÇΓöÇΓöÇΓöÇΓöÇΓöÇΓöÇΓöÇΓöÇΓöÇΓöÇΓöÇΓöÇΓöÇΓöÇΓöÇΓöÇΓöÇΓöÇΓöÇΓöÇΓöÇΓöÇΓöÇΓöÇΓöÇΓöÇΓöÇΓöÇΓöÇΓöÇΓöÇΓöÇΓöÇΓöÇΓöÇΓöÇΓöÇΓöÇΓöÇΓöÇΓöÇΓöÇΓöÇΓöÇΓöÇΓöÇΓöÇΓöÇΓöÇΓöÇΓöÇΓöÇ
    test-results\responsive-admin-routes-x--ceca2-admin-bulk-orders-shipments-chromium\trace.zip
    Usage:

        npx playwright show-trace test-results\responsive-admin-routes-x--ceca2-admin-bulk-orders-shipments-chromium\trace.zip

    ΓöÇΓöÇΓöÇΓöÇΓöÇΓöÇΓöÇΓöÇΓöÇΓöÇΓöÇΓöÇΓöÇΓöÇΓöÇΓöÇΓöÇΓöÇΓöÇΓöÇΓöÇΓöÇΓöÇΓöÇΓöÇΓöÇΓöÇΓöÇΓöÇΓöÇΓöÇΓöÇΓöÇΓöÇΓöÇΓöÇΓöÇΓöÇΓöÇΓöÇΓöÇΓöÇΓöÇΓöÇΓöÇΓöÇΓöÇΓöÇΓöÇΓöÇΓöÇΓöÇΓöÇΓöÇΓöÇΓöÇΓöÇΓöÇΓöÇΓöÇΓöÇΓöÇΓöÇΓöÇΓöÇΓöÇΓöÇΓöÇΓöÇΓöÇΓöÇΓöÇΓöÇΓöÇΓöÇΓöÇΓöÇΓöÇΓöÇΓöÇΓöÇΓöÇΓöÇΓöÇΓöÇΓöÇΓöÇΓöÇΓöÇΓöÇΓöÇΓöÇΓöÇΓöÇΓöÇΓöÇ

  23) [chromium] ΓÇ║ e2e\responsive.spec.mjs:19:5 ΓÇ║ admin routes x viewports ΓÇ║ /admin/bulk-orders/warehouses 

    Error: /admin/bulk-orders/warehouses
    @1600px:
      - navigation failed: page.goto: net::ERR_CONNECTION_REFUSED at http://localhost:3058/admin/bulk-orders/warehouses
    @1200px:
      - navigation failed: page.goto: net::ERR_CONNECTION_REFUSED at http://localhost:3058/admin/bulk-orders/warehouses
    @768px:
      - navigation failed: page.goto: net::ERR_CONNECTION_REFUSED at http://localhost:3058/admin/bulk-orders/warehouses
    @480px:
      - navigation failed: page.goto: net::ERR_CONNECTION_REFUSED at http://localhost:3058/admin/bulk-orders/warehouses
    @375px:
      - navigation failed: page.goto: net::ERR_CONNECTION_REFUSED at http://localhost:3058/admin/bulk-orders/warehouses

    expect(received).toEqual(expected) // deep equality

    - Expected  -  1
    + Received  + 12

    - Array []
    + Array [
    +   "@1600px:
    +   - navigation failed: page.goto: net::ERR_CONNECTION_REFUSED at http://localhost:3058/admin/bulk-orders/warehouses",
    +   "@1200px:
    +   - navigation failed: page.goto: net::ERR_CONNECTION_REFUSED at http://localhost:3058/admin/bulk-orders/warehouses",
    +   "@768px:
    +   - navigation failed: page.goto: net::ERR_CONNECTION_REFUSED at http://localhost:3058/admin/bulk-orders/warehouses",
    +   "@480px:
    +   - navigation failed: page.goto: net::ERR_CONNECTION_REFUSED at http://localhost:3058/admin/bulk-orders/warehouses",
    +   "@375px:
    +   - navigation failed: page.goto: net::ERR_CONNECTION_REFUSED at http://localhost:3058/admin/bulk-orders/warehouses",
    + ]

      12 |   await testInfo.attach("matrix", { body: JSON.stringify({ route, url, results }), contentType: "application/json" });
      13 |   const failed = results.filter((r) => r.issues.length).map((r) => `@${r.viewport}px:\n  - ${r.issues.join("\n  - ")}`);
    > 14 |   expect(failed, `${url}\n${failed.join("\n")}`).toEqual([]);
         |                                                  ^
      15 | }
      16 |
      17 | test.describe("admin routes x viewports", () => {
        at runMatrix (C:\Users\priyank\Desktop\Development\BharatAgrolink-admin\e2e\responsive.spec.mjs:14:50)
        at C:\Users\priyank\Desktop\Development\BharatAgrolink-admin\e2e\responsive.spec.mjs:20:7

    attachment #7: screenshot (image/png) ΓöÇΓöÇΓöÇΓöÇΓöÇΓöÇΓöÇΓöÇΓöÇΓöÇΓöÇΓöÇΓöÇΓöÇΓöÇΓöÇΓöÇΓöÇΓöÇΓöÇΓöÇΓöÇΓöÇΓöÇΓöÇΓöÇΓöÇΓöÇΓöÇΓöÇΓöÇΓöÇΓöÇΓöÇΓöÇΓöÇΓöÇΓöÇΓöÇΓöÇΓöÇΓöÇΓöÇΓöÇΓöÇΓöÇΓöÇΓöÇΓöÇΓöÇΓöÇΓöÇΓöÇΓöÇΓöÇΓöÇΓöÇΓöÇ
    test-results\responsive-admin-routes-x--341ae-dmin-bulk-orders-warehouses-chromium\test-failed-1.png
    ΓöÇΓöÇΓöÇΓöÇΓöÇΓöÇΓöÇΓöÇΓöÇΓöÇΓöÇΓöÇΓöÇΓöÇΓöÇΓöÇΓöÇΓöÇΓöÇΓöÇΓöÇΓöÇΓöÇΓöÇΓöÇΓöÇΓöÇΓöÇΓöÇΓöÇΓöÇΓöÇΓöÇΓöÇΓöÇΓöÇΓöÇΓöÇΓöÇΓöÇΓöÇΓöÇΓöÇΓöÇΓöÇΓöÇΓöÇΓöÇΓöÇΓöÇΓöÇΓöÇΓöÇΓöÇΓöÇΓöÇΓöÇΓöÇΓöÇΓöÇΓöÇΓöÇΓöÇΓöÇΓöÇΓöÇΓöÇΓöÇΓöÇΓöÇΓöÇΓöÇΓöÇΓöÇΓöÇΓöÇΓöÇΓöÇΓöÇΓöÇΓöÇΓöÇΓöÇΓöÇΓöÇΓöÇΓöÇΓöÇΓöÇΓöÇΓöÇΓöÇΓöÇΓöÇΓöÇΓöÇ

    Error Context: test-results\responsive-admin-routes-x--341ae-dmin-bulk-orders-warehouses-chromium\error-context.md

    attachment #9: trace (application/zip) ΓöÇΓöÇΓöÇΓöÇΓöÇΓöÇΓöÇΓöÇΓöÇΓöÇΓöÇΓöÇΓöÇΓöÇΓöÇΓöÇΓöÇΓöÇΓöÇΓöÇΓöÇΓöÇΓöÇΓöÇΓöÇΓöÇΓöÇΓöÇΓöÇΓöÇΓöÇΓöÇΓöÇΓöÇΓöÇΓöÇΓöÇΓöÇΓöÇΓöÇΓöÇΓöÇΓöÇΓöÇΓöÇΓöÇΓöÇΓöÇΓöÇΓöÇΓöÇΓöÇΓöÇΓöÇΓöÇΓöÇΓöÇ
    test-results\responsive-admin-routes-x--341ae-dmin-bulk-orders-warehouses-chromium\trace.zip
    Usage:

        npx playwright show-trace test-results\responsive-admin-routes-x--341ae-dmin-bulk-orders-warehouses-chromium\trace.zip

    ΓöÇΓöÇΓöÇΓöÇΓöÇΓöÇΓöÇΓöÇΓöÇΓöÇΓöÇΓöÇΓöÇΓöÇΓöÇΓöÇΓöÇΓöÇΓöÇΓöÇΓöÇΓöÇΓöÇΓöÇΓöÇΓöÇΓöÇΓöÇΓöÇΓöÇΓöÇΓöÇΓöÇΓöÇΓöÇΓöÇΓöÇΓöÇΓöÇΓöÇΓöÇΓöÇΓöÇΓöÇΓöÇΓöÇΓöÇΓöÇΓöÇΓöÇΓöÇΓöÇΓöÇΓöÇΓöÇΓöÇΓöÇΓöÇΓöÇΓöÇΓöÇΓöÇΓöÇΓöÇΓöÇΓöÇΓöÇΓöÇΓöÇΓöÇΓöÇΓöÇΓöÇΓöÇΓöÇΓöÇΓöÇΓöÇΓöÇΓöÇΓöÇΓöÇΓöÇΓöÇΓöÇΓöÇΓöÇΓöÇΓöÇΓöÇΓöÇΓöÇΓöÇΓöÇΓöÇΓöÇ

  24) [chromium] ΓÇ║ e2e\responsive.spec.mjs:19:5 ΓÇ║ admin routes x viewports ΓÇ║ /admin/catalog/attribute-sets/pending 

    Error: /admin/catalog/attribute-sets/pending
    @1600px:
      - navigation failed: page.goto: net::ERR_CONNECTION_REFUSED at http://localhost:3058/admin/catalog/attribute-sets/pending
    @1200px:
      - navigation failed: page.goto: net::ERR_CONNECTION_REFUSED at http://localhost:3058/admin/catalog/attribute-sets/pending
    @768px:
      - navigation failed: page.goto: net::ERR_CONNECTION_REFUSED at http://localhost:3058/admin/catalog/attribute-sets/pending
    @480px:
      - navigation failed: page.goto: net::ERR_CONNECTION_REFUSED at http://localhost:3058/admin/catalog/attribute-sets/pending
    @375px:
      - navigation failed: page.goto: net::ERR_CONNECTION_REFUSED at http://localhost:3058/admin/catalog/attribute-sets/pending

    expect(received).toEqual(expected) // deep equality

    - Expected  -  1
    + Received  + 12

    - Array []
    + Array [
    +   "@1600px:
    +   - navigation failed: page.goto: net::ERR_CONNECTION_REFUSED at http://localhost:3058/admin/catalog/attribute-sets/pending",
    +   "@1200px:
    +   - navigation failed: page.goto: net::ERR_CONNECTION_REFUSED at http://localhost:3058/admin/catalog/attribute-sets/pending",
    +   "@768px:
    +   - navigation failed: page.goto: net::ERR_CONNECTION_REFUSED at http://localhost:3058/admin/catalog/attribute-sets/pending",
    +   "@480px:
    +   - navigation failed: page.goto: net::ERR_CONNECTION_REFUSED at http://localhost:3058/admin/catalog/attribute-sets/pending",
    +   "@375px:
    +   - navigation failed: page.goto: net::ERR_CONNECTION_REFUSED at http://localhost:3058/admin/catalog/attribute-sets/pending",
    + ]

      12 |   await testInfo.attach("matrix", { body: JSON.stringify({ route, url, results }), contentType: "application/json" });
      13 |   const failed = results.filter((r) => r.issues.length).map((r) => `@${r.viewport}px:\n  - ${r.issues.join("\n  - ")}`);
    > 14 |   expect(failed, `${url}\n${failed.join("\n")}`).toEqual([]);
         |                                                  ^
      15 | }
      16 |
      17 | test.describe("admin routes x viewports", () => {
        at runMatrix (C:\Users\priyank\Desktop\Development\BharatAgrolink-admin\e2e\responsive.spec.mjs:14:50)
        at C:\Users\priyank\Desktop\Development\BharatAgrolink-admin\e2e\responsive.spec.mjs:20:7

    attachment #7: screenshot (image/png) ΓöÇΓöÇΓöÇΓöÇΓöÇΓöÇΓöÇΓöÇΓöÇΓöÇΓöÇΓöÇΓöÇΓöÇΓöÇΓöÇΓöÇΓöÇΓöÇΓöÇΓöÇΓöÇΓöÇΓöÇΓöÇΓöÇΓöÇΓöÇΓöÇΓöÇΓöÇΓöÇΓöÇΓöÇΓöÇΓöÇΓöÇΓöÇΓöÇΓöÇΓöÇΓöÇΓöÇΓöÇΓöÇΓöÇΓöÇΓöÇΓöÇΓöÇΓöÇΓöÇΓöÇΓöÇΓöÇΓöÇΓöÇΓöÇ
    test-results\responsive-admin-routes-x--98688-alog-attribute-sets-pending-chromium\test-failed-1.png
    ΓöÇΓöÇΓöÇΓöÇΓöÇΓöÇΓöÇΓöÇΓöÇΓöÇΓöÇΓöÇΓöÇΓöÇΓöÇΓöÇΓöÇΓöÇΓöÇΓöÇΓöÇΓöÇΓöÇΓöÇΓöÇΓöÇΓöÇΓöÇΓöÇΓöÇΓöÇΓöÇΓöÇΓöÇΓöÇΓöÇΓöÇΓöÇΓöÇΓöÇΓöÇΓöÇΓöÇΓöÇΓöÇΓöÇΓöÇΓöÇΓöÇΓöÇΓöÇΓöÇΓöÇΓöÇΓöÇΓöÇΓöÇΓöÇΓöÇΓöÇΓöÇΓöÇΓöÇΓöÇΓöÇΓöÇΓöÇΓöÇΓöÇΓöÇΓöÇΓöÇΓöÇΓöÇΓöÇΓöÇΓöÇΓöÇΓöÇΓöÇΓöÇΓöÇΓöÇΓöÇΓöÇΓöÇΓöÇΓöÇΓöÇΓöÇΓöÇΓöÇΓöÇΓöÇΓöÇΓöÇ

    Error Context: test-results\responsive-admin-routes-x--98688-alog-attribute-sets-pending-chromium\error-context.md

    attachment #9: trace (application/zip) ΓöÇΓöÇΓöÇΓöÇΓöÇΓöÇΓöÇΓöÇΓöÇΓöÇΓöÇΓöÇΓöÇΓöÇΓöÇΓöÇΓöÇΓöÇΓöÇΓöÇΓöÇΓöÇΓöÇΓöÇΓöÇΓöÇΓöÇΓöÇΓöÇΓöÇΓöÇΓöÇΓöÇΓöÇΓöÇΓöÇΓöÇΓöÇΓöÇΓöÇΓöÇΓöÇΓöÇΓöÇΓöÇΓöÇΓöÇΓöÇΓöÇΓöÇΓöÇΓöÇΓöÇΓöÇΓöÇΓöÇΓöÇ
    test-results\responsive-admin-routes-x--98688-alog-attribute-sets-pending-chromium\trace.zip
    Usage:

        npx playwright show-trace test-results\responsive-admin-routes-x--98688-alog-attribute-sets-pending-chromium\trace.zip

    ΓöÇΓöÇΓöÇΓöÇΓöÇΓöÇΓöÇΓöÇΓöÇΓöÇΓöÇΓöÇΓöÇΓöÇΓöÇΓöÇΓöÇΓöÇΓöÇΓöÇΓöÇΓöÇΓöÇΓöÇΓöÇΓöÇΓöÇΓöÇΓöÇΓöÇΓöÇΓöÇΓöÇΓöÇΓöÇΓöÇΓöÇΓöÇΓöÇΓöÇΓöÇΓöÇΓöÇΓöÇΓöÇΓöÇΓöÇΓöÇΓöÇΓöÇΓöÇΓöÇΓöÇΓöÇΓöÇΓöÇΓöÇΓöÇΓöÇΓöÇΓöÇΓöÇΓöÇΓöÇΓöÇΓöÇΓöÇΓöÇΓöÇΓöÇΓöÇΓöÇΓöÇΓöÇΓöÇΓöÇΓöÇΓöÇΓöÇΓöÇΓöÇΓöÇΓöÇΓöÇΓöÇΓöÇΓöÇΓöÇΓöÇΓöÇΓöÇΓöÇΓöÇΓöÇΓöÇΓöÇ

  25) [chromium] ΓÇ║ e2e\responsive.spec.mjs:19:5 ΓÇ║ admin routes x viewports ΓÇ║ /admin/catalog/attribute-values 

    Error: /admin/catalog/attribute-values
    @1600px:
      - navigation failed: page.goto: net::ERR_CONNECTION_REFUSED at http://localhost:3058/admin/catalog/attribute-values
    @1200px:
      - navigation failed: page.goto: net::ERR_CONNECTION_REFUSED at http://localhost:3058/admin/catalog/attribute-values
    @768px:
      - navigation failed: page.goto: net::ERR_CONNECTION_REFUSED at http://localhost:3058/admin/catalog/attribute-values
    @480px:
      - navigation failed: page.goto: net::ERR_CONNECTION_REFUSED at http://localhost:3058/admin/catalog/attribute-values
    @375px:
      - navigation failed: page.goto: net::ERR_CONNECTION_REFUSED at http://localhost:3058/admin/catalog/attribute-values

    expect(received).toEqual(expected) // deep equality

    - Expected  -  1
    + Received  + 12

    - Array []
    + Array [
    +   "@1600px:
    +   - navigation failed: page.goto: net::ERR_CONNECTION_REFUSED at http://localhost:3058/admin/catalog/attribute-values",
    +   "@1200px:
    +   - navigation failed: page.goto: net::ERR_CONNECTION_REFUSED at http://localhost:3058/admin/catalog/attribute-values",
    +   "@768px:
    +   - navigation failed: page.goto: net::ERR_CONNECTION_REFUSED at http://localhost:3058/admin/catalog/attribute-values",
    +   "@480px:
    +   - navigation failed: page.goto: net::ERR_CONNECTION_REFUSED at http://localhost:3058/admin/catalog/attribute-values",
    +   "@375px:
    +   - navigation failed: page.goto: net::ERR_CONNECTION_REFUSED at http://localhost:3058/admin/catalog/attribute-values",
    + ]

      12 |   await testInfo.attach("matrix", { body: JSON.stringify({ route, url, results }), contentType: "application/json" });
      13 |   const failed = results.filter((r) => r.issues.length).map((r) => `@${r.viewport}px:\n  - ${r.issues.join("\n  - ")}`);
    > 14 |   expect(failed, `${url}\n${failed.join("\n")}`).toEqual([]);
         |                                                  ^
      15 | }
      16 |
      17 | test.describe("admin routes x viewports", () => {
        at runMatrix (C:\Users\priyank\Desktop\Development\BharatAgrolink-admin\e2e\responsive.spec.mjs:14:50)
        at C:\Users\priyank\Desktop\Development\BharatAgrolink-admin\e2e\responsive.spec.mjs:20:7

    attachment #7: screenshot (image/png) ΓöÇΓöÇΓöÇΓöÇΓöÇΓöÇΓöÇΓöÇΓöÇΓöÇΓöÇΓöÇΓöÇΓöÇΓöÇΓöÇΓöÇΓöÇΓöÇΓöÇΓöÇΓöÇΓöÇΓöÇΓöÇΓöÇΓöÇΓöÇΓöÇΓöÇΓöÇΓöÇΓöÇΓöÇΓöÇΓöÇΓöÇΓöÇΓöÇΓöÇΓöÇΓöÇΓöÇΓöÇΓöÇΓöÇΓöÇΓöÇΓöÇΓöÇΓöÇΓöÇΓöÇΓöÇΓöÇΓöÇΓöÇΓöÇ
    test-results\responsive-admin-routes-x--ec0bd-in-catalog-attribute-values-chromium\test-failed-1.png
    ΓöÇΓöÇΓöÇΓöÇΓöÇΓöÇΓöÇΓöÇΓöÇΓöÇΓöÇΓöÇΓöÇΓöÇΓöÇΓöÇΓöÇΓöÇΓöÇΓöÇΓöÇΓöÇΓöÇΓöÇΓöÇΓöÇΓöÇΓöÇΓöÇΓöÇΓöÇΓöÇΓöÇΓöÇΓöÇΓöÇΓöÇΓöÇΓöÇΓöÇΓöÇΓöÇΓöÇΓöÇΓöÇΓöÇΓöÇΓöÇΓöÇΓöÇΓöÇΓöÇΓöÇΓöÇΓöÇΓöÇΓöÇΓöÇΓöÇΓöÇΓöÇΓöÇΓöÇΓöÇΓöÇΓöÇΓöÇΓöÇΓöÇΓöÇΓöÇΓöÇΓöÇΓöÇΓöÇΓöÇΓöÇΓöÇΓöÇΓöÇΓöÇΓöÇΓöÇΓöÇΓöÇΓöÇΓöÇΓöÇΓöÇΓöÇΓöÇΓöÇΓöÇΓöÇΓöÇΓöÇ

    Error Context: test-results\responsive-admin-routes-x--ec0bd-in-catalog-attribute-values-chromium\error-context.md

    attachment #9: trace (application/zip) ΓöÇΓöÇΓöÇΓöÇΓöÇΓöÇΓöÇΓöÇΓöÇΓöÇΓöÇΓöÇΓöÇΓöÇΓöÇΓöÇΓöÇΓöÇΓöÇΓöÇΓöÇΓöÇΓöÇΓöÇΓöÇΓöÇΓöÇΓöÇΓöÇΓöÇΓöÇΓöÇΓöÇΓöÇΓöÇΓöÇΓöÇΓöÇΓöÇΓöÇΓöÇΓöÇΓöÇΓöÇΓöÇΓöÇΓöÇΓöÇΓöÇΓöÇΓöÇΓöÇΓöÇΓöÇΓöÇΓöÇΓöÇ
    test-results\responsive-admin-routes-x--ec0bd-in-catalog-attribute-values-chromium\trace.zip
    Usage:

        npx playwright show-trace test-results\responsive-admin-routes-x--ec0bd-in-catalog-attribute-values-chromium\trace.zip

    ΓöÇΓöÇΓöÇΓöÇΓöÇΓöÇΓöÇΓöÇΓöÇΓöÇΓöÇΓöÇΓöÇΓöÇΓöÇΓöÇΓöÇΓöÇΓöÇΓöÇΓöÇΓöÇΓöÇΓöÇΓöÇΓöÇΓöÇΓöÇΓöÇΓöÇΓöÇΓöÇΓöÇΓöÇΓöÇΓöÇΓöÇΓöÇΓöÇΓöÇΓöÇΓöÇΓöÇΓöÇΓöÇΓöÇΓöÇΓöÇΓöÇΓöÇΓöÇΓöÇΓöÇΓöÇΓöÇΓöÇΓöÇΓöÇΓöÇΓöÇΓöÇΓöÇΓöÇΓöÇΓöÇΓöÇΓöÇΓöÇΓöÇΓöÇΓöÇΓöÇΓöÇΓöÇΓöÇΓöÇΓöÇΓöÇΓöÇΓöÇΓöÇΓöÇΓöÇΓöÇΓöÇΓöÇΓöÇΓöÇΓöÇΓöÇΓöÇΓöÇΓöÇΓöÇΓöÇΓöÇ

  26) [chromium] ΓÇ║ e2e\responsive.spec.mjs:19:5 ΓÇ║ admin routes x viewports ΓÇ║ /admin/catalog/attributes 

    Error: /admin/catalog/attributes
    @1600px:
      - navigation failed: page.goto: net::ERR_CONNECTION_REFUSED at http://localhost:3058/admin/catalog/attributes
    @1200px:
      - navigation failed: page.goto: net::ERR_CONNECTION_REFUSED at http://localhost:3058/admin/catalog/attributes
    @768px:
      - navigation failed: page.goto: net::ERR_CONNECTION_REFUSED at http://localhost:3058/admin/catalog/attributes
    @480px:
      - navigation failed: page.goto: net::ERR_CONNECTION_REFUSED at http://localhost:3058/admin/catalog/attributes
    @375px:
      - navigation failed: page.goto: net::ERR_CONNECTION_REFUSED at http://localhost:3058/admin/catalog/attributes

    expect(received).toEqual(expected) // deep equality

    - Expected  -  1
    + Received  + 12

    - Array []
    + Array [
    +   "@1600px:
    +   - navigation failed: page.goto: net::ERR_CONNECTION_REFUSED at http://localhost:3058/admin/catalog/attributes",
    +   "@1200px:
    +   - navigation failed: page.goto: net::ERR_CONNECTION_REFUSED at http://localhost:3058/admin/catalog/attributes",
    +   "@768px:
    +   - navigation failed: page.goto: net::ERR_CONNECTION_REFUSED at http://localhost:3058/admin/catalog/attributes",
    +   "@480px:
    +   - navigation failed: page.goto: net::ERR_CONNECTION_REFUSED at http://localhost:3058/admin/catalog/attributes",
    +   "@375px:
    +   - navigation failed: page.goto: net::ERR_CONNECTION_REFUSED at http://localhost:3058/admin/catalog/attributes",
    + ]

      12 |   await testInfo.attach("matrix", { body: JSON.stringify({ route, url, results }), contentType: "application/json" });
      13 |   const failed = results.filter((r) => r.issues.length).map((r) => `@${r.viewport}px:\n  - ${r.issues.join("\n  - ")}`);
    > 14 |   expect(failed, `${url}\n${failed.join("\n")}`).toEqual([]);
         |                                                  ^
      15 | }
      16 |
      17 | test.describe("admin routes x viewports", () => {
        at runMatrix (C:\Users\priyank\Desktop\Development\BharatAgrolink-admin\e2e\responsive.spec.mjs:14:50)
        at C:\Users\priyank\Desktop\Development\BharatAgrolink-admin\e2e\responsive.spec.mjs:20:7

    attachment #7: screenshot (image/png) ΓöÇΓöÇΓöÇΓöÇΓöÇΓöÇΓöÇΓöÇΓöÇΓöÇΓöÇΓöÇΓöÇΓöÇΓöÇΓöÇΓöÇΓöÇΓöÇΓöÇΓöÇΓöÇΓöÇΓöÇΓöÇΓöÇΓöÇΓöÇΓöÇΓöÇΓöÇΓöÇΓöÇΓöÇΓöÇΓöÇΓöÇΓöÇΓöÇΓöÇΓöÇΓöÇΓöÇΓöÇΓöÇΓöÇΓöÇΓöÇΓöÇΓöÇΓöÇΓöÇΓöÇΓöÇΓöÇΓöÇΓöÇΓöÇ
    test-results\responsive-admin-routes-x-viewports-admin-catalog-attributes-chromium\test-failed-1.png
    ΓöÇΓöÇΓöÇΓöÇΓöÇΓöÇΓöÇΓöÇΓöÇΓöÇΓöÇΓöÇΓöÇΓöÇΓöÇΓöÇΓöÇΓöÇΓöÇΓöÇΓöÇΓöÇΓöÇΓöÇΓöÇΓöÇΓöÇΓöÇΓöÇΓöÇΓöÇΓöÇΓöÇΓöÇΓöÇΓöÇΓöÇΓöÇΓöÇΓöÇΓöÇΓöÇΓöÇΓöÇΓöÇΓöÇΓöÇΓöÇΓöÇΓöÇΓöÇΓöÇΓöÇΓöÇΓöÇΓöÇΓöÇΓöÇΓöÇΓöÇΓöÇΓöÇΓöÇΓöÇΓöÇΓöÇΓöÇΓöÇΓöÇΓöÇΓöÇΓöÇΓöÇΓöÇΓöÇΓöÇΓöÇΓöÇΓöÇΓöÇΓöÇΓöÇΓöÇΓöÇΓöÇΓöÇΓöÇΓöÇΓöÇΓöÇΓöÇΓöÇΓöÇΓöÇΓöÇΓöÇ

    Error Context: test-results\responsive-admin-routes-x-viewports-admin-catalog-attributes-chromium\error-context.md

    attachment #9: trace (application/zip) ΓöÇΓöÇΓöÇΓöÇΓöÇΓöÇΓöÇΓöÇΓöÇΓöÇΓöÇΓöÇΓöÇΓöÇΓöÇΓöÇΓöÇΓöÇΓöÇΓöÇΓöÇΓöÇΓöÇΓöÇΓöÇΓöÇΓöÇΓöÇΓöÇΓöÇΓöÇΓöÇΓöÇΓöÇΓöÇΓöÇΓöÇΓöÇΓöÇΓöÇΓöÇΓöÇΓöÇΓöÇΓöÇΓöÇΓöÇΓöÇΓöÇΓöÇΓöÇΓöÇΓöÇΓöÇΓöÇΓöÇΓöÇ
    test-results\responsive-admin-routes-x-viewports-admin-catalog-attributes-chromium\trace.zip
    Usage:

        npx playwright show-trace test-results\responsive-admin-routes-x-viewports-admin-catalog-attributes-chromium\trace.zip

    ΓöÇΓöÇΓöÇΓöÇΓöÇΓöÇΓöÇΓöÇΓöÇΓöÇΓöÇΓöÇΓöÇΓöÇΓöÇΓöÇΓöÇΓöÇΓöÇΓöÇΓöÇΓöÇΓöÇΓöÇΓöÇΓöÇΓöÇΓöÇΓöÇΓöÇΓöÇΓöÇΓöÇΓöÇΓöÇΓöÇΓöÇΓöÇΓöÇΓöÇΓöÇΓöÇΓöÇΓöÇΓöÇΓöÇΓöÇΓöÇΓöÇΓöÇΓöÇΓöÇΓöÇΓöÇΓöÇΓöÇΓöÇΓöÇΓöÇΓöÇΓöÇΓöÇΓöÇΓöÇΓöÇΓöÇΓöÇΓöÇΓöÇΓöÇΓöÇΓöÇΓöÇΓöÇΓöÇΓöÇΓöÇΓöÇΓöÇΓöÇΓöÇΓöÇΓöÇΓöÇΓöÇΓöÇΓöÇΓöÇΓöÇΓöÇΓöÇΓöÇΓöÇΓöÇΓöÇΓöÇ

  27) [chromium] ΓÇ║ e2e\responsive.spec.mjs:19:5 ΓÇ║ admin routes x viewports ΓÇ║ /admin/catalog/attributes/pending 

    Error: /admin/catalog/attributes/pending
    @1600px:
      - navigation failed: page.goto: net::ERR_CONNECTION_REFUSED at http://localhost:3058/admin/catalog/attributes/pending
    @1200px:
      - navigation failed: page.goto: net::ERR_CONNECTION_REFUSED at http://localhost:3058/admin/catalog/attributes/pending
    @768px:
      - navigation failed: page.goto: net::ERR_CONNECTION_REFUSED at http://localhost:3058/admin/catalog/attributes/pending
    @480px:
      - navigation failed: page.goto: net::ERR_CONNECTION_REFUSED at http://localhost:3058/admin/catalog/attributes/pending
    @375px:
      - navigation failed: page.goto: net::ERR_CONNECTION_REFUSED at http://localhost:3058/admin/catalog/attributes/pending

    expect(received).toEqual(expected) // deep equality

    - Expected  -  1
    + Received  + 12

    - Array []
    + Array [
    +   "@1600px:
    +   - navigation failed: page.goto: net::ERR_CONNECTION_REFUSED at http://localhost:3058/admin/catalog/attributes/pending",
    +   "@1200px:
    +   - navigation failed: page.goto: net::ERR_CONNECTION_REFUSED at http://localhost:3058/admin/catalog/attributes/pending",
    +   "@768px:
    +   - navigation failed: page.goto: net::ERR_CONNECTION_REFUSED at http://localhost:3058/admin/catalog/attributes/pending",
    +   "@480px:
    +   - navigation failed: page.goto: net::ERR_CONNECTION_REFUSED at http://localhost:3058/admin/catalog/attributes/pending",
    +   "@375px:
    +   - navigation failed: page.goto: net::ERR_CONNECTION_REFUSED at http://localhost:3058/admin/catalog/attributes/pending",
    + ]

      12 |   await testInfo.attach("matrix", { body: JSON.stringify({ route, url, results }), contentType: "application/json" });
      13 |   const failed = results.filter((r) => r.issues.length).map((r) => `@${r.viewport}px:\n  - ${r.issues.join("\n  - ")}`);
    > 14 |   expect(failed, `${url}\n${failed.join("\n")}`).toEqual([]);
         |                                                  ^
      15 | }
      16 |
      17 | test.describe("admin routes x viewports", () => {
        at runMatrix (C:\Users\priyank\Desktop\Development\BharatAgrolink-admin\e2e\responsive.spec.mjs:14:50)
        at C:\Users\priyank\Desktop\Development\BharatAgrolink-admin\e2e\responsive.spec.mjs:20:7

    attachment #7: screenshot (image/png) ΓöÇΓöÇΓöÇΓöÇΓöÇΓöÇΓöÇΓöÇΓöÇΓöÇΓöÇΓöÇΓöÇΓöÇΓöÇΓöÇΓöÇΓöÇΓöÇΓöÇΓöÇΓöÇΓöÇΓöÇΓöÇΓöÇΓöÇΓöÇΓöÇΓöÇΓöÇΓöÇΓöÇΓöÇΓöÇΓöÇΓöÇΓöÇΓöÇΓöÇΓöÇΓöÇΓöÇΓöÇΓöÇΓöÇΓöÇΓöÇΓöÇΓöÇΓöÇΓöÇΓöÇΓöÇΓöÇΓöÇΓöÇΓöÇ
    test-results\responsive-admin-routes-x--0cc29--catalog-attributes-pending-chromium\test-failed-1.png
    ΓöÇΓöÇΓöÇΓöÇΓöÇΓöÇΓöÇΓöÇΓöÇΓöÇΓöÇΓöÇΓöÇΓöÇΓöÇΓöÇΓöÇΓöÇΓöÇΓöÇΓöÇΓöÇΓöÇΓöÇΓöÇΓöÇΓöÇΓöÇΓöÇΓöÇΓöÇΓöÇΓöÇΓöÇΓöÇΓöÇΓöÇΓöÇΓöÇΓöÇΓöÇΓöÇΓöÇΓöÇΓöÇΓöÇΓöÇΓöÇΓöÇΓöÇΓöÇΓöÇΓöÇΓöÇΓöÇΓöÇΓöÇΓöÇΓöÇΓöÇΓöÇΓöÇΓöÇΓöÇΓöÇΓöÇΓöÇΓöÇΓöÇΓöÇΓöÇΓöÇΓöÇΓöÇΓöÇΓöÇΓöÇΓöÇΓöÇΓöÇΓöÇΓöÇΓöÇΓöÇΓöÇΓöÇΓöÇΓöÇΓöÇΓöÇΓöÇΓöÇΓöÇΓöÇΓöÇΓöÇ

    Error Context: test-results\responsive-admin-routes-x--0cc29--catalog-attributes-pending-chromium\error-context.md

    attachment #9: trace (application/zip) ΓöÇΓöÇΓöÇΓöÇΓöÇΓöÇΓöÇΓöÇΓöÇΓöÇΓöÇΓöÇΓöÇΓöÇΓöÇΓöÇΓöÇΓöÇΓöÇΓöÇΓöÇΓöÇΓöÇΓöÇΓöÇΓöÇΓöÇΓöÇΓöÇΓöÇΓöÇΓöÇΓöÇΓöÇΓöÇΓöÇΓöÇΓöÇΓöÇΓöÇΓöÇΓöÇΓöÇΓöÇΓöÇΓöÇΓöÇΓöÇΓöÇΓöÇΓöÇΓöÇΓöÇΓöÇΓöÇΓöÇΓöÇ
    test-results\responsive-admin-routes-x--0cc29--catalog-attributes-pending-chromium\trace.zip
    Usage:

        npx playwright show-trace test-results\responsive-admin-routes-x--0cc29--catalog-attributes-pending-chromium\trace.zip

    ΓöÇΓöÇΓöÇΓöÇΓöÇΓöÇΓöÇΓöÇΓöÇΓöÇΓöÇΓöÇΓöÇΓöÇΓöÇΓöÇΓöÇΓöÇΓöÇΓöÇΓöÇΓöÇΓöÇΓöÇΓöÇΓöÇΓöÇΓöÇΓöÇΓöÇΓöÇΓöÇΓöÇΓöÇΓöÇΓöÇΓöÇΓöÇΓöÇΓöÇΓöÇΓöÇΓöÇΓöÇΓöÇΓöÇΓöÇΓöÇΓöÇΓöÇΓöÇΓöÇΓöÇΓöÇΓöÇΓöÇΓöÇΓöÇΓöÇΓöÇΓöÇΓöÇΓöÇΓöÇΓöÇΓöÇΓöÇΓöÇΓöÇΓöÇΓöÇΓöÇΓöÇΓöÇΓöÇΓöÇΓöÇΓöÇΓöÇΓöÇΓöÇΓöÇΓöÇΓöÇΓöÇΓöÇΓöÇΓöÇΓöÇΓöÇΓöÇΓöÇΓöÇΓöÇΓöÇΓöÇ

  28) [chromium] ΓÇ║ e2e\responsive.spec.mjs:19:5 ΓÇ║ admin routes x viewports ΓÇ║ /admin/catalog/brands ΓöÇ

    Error: /admin/catalog/brands
    @1600px:
      - navigation failed: page.goto: net::ERR_CONNECTION_REFUSED at http://localhost:3058/admin/catalog/brands
    @1200px:
      - navigation failed: page.goto: net::ERR_CONNECTION_REFUSED at http://localhost:3058/admin/catalog/brands
    @768px:
      - navigation failed: page.goto: net::ERR_CONNECTION_REFUSED at http://localhost:3058/admin/catalog/brands
    @480px:
      - navigation failed: page.goto: net::ERR_CONNECTION_REFUSED at http://localhost:3058/admin/catalog/brands
    @375px:
      - navigation failed: page.goto: net::ERR_CONNECTION_REFUSED at http://localhost:3058/admin/catalog/brands

    expect(received).toEqual(expected) // deep equality

    - Expected  -  1
    + Received  + 12

    - Array []
    + Array [
    +   "@1600px:
    +   - navigation failed: page.goto: net::ERR_CONNECTION_REFUSED at http://localhost:3058/admin/catalog/brands",
    +   "@1200px:
    +   - navigation failed: page.goto: net::ERR_CONNECTION_REFUSED at http://localhost:3058/admin/catalog/brands",
    +   "@768px:
    +   - navigation failed: page.goto: net::ERR_CONNECTION_REFUSED at http://localhost:3058/admin/catalog/brands",
    +   "@480px:
    +   - navigation failed: page.goto: net::ERR_CONNECTION_REFUSED at http://localhost:3058/admin/catalog/brands",
    +   "@375px:
    +   - navigation failed: page.goto: net::ERR_CONNECTION_REFUSED at http://localhost:3058/admin/catalog/brands",
    + ]

      12 |   await testInfo.attach("matrix", { body: JSON.stringify({ route, url, results }), contentType: "application/json" });
      13 |   const failed = results.filter((r) => r.issues.length).map((r) => `@${r.viewport}px:\n  - ${r.issues.join("\n  - ")}`);
    > 14 |   expect(failed, `${url}\n${failed.join("\n")}`).toEqual([]);
         |                                                  ^
      15 | }
      16 |
      17 | test.describe("admin routes x viewports", () => {
        at runMatrix (C:\Users\priyank\Desktop\Development\BharatAgrolink-admin\e2e\responsive.spec.mjs:14:50)
        at C:\Users\priyank\Desktop\Development\BharatAgrolink-admin\e2e\responsive.spec.mjs:20:7

    attachment #7: screenshot (image/png) ΓöÇΓöÇΓöÇΓöÇΓöÇΓöÇΓöÇΓöÇΓöÇΓöÇΓöÇΓöÇΓöÇΓöÇΓöÇΓöÇΓöÇΓöÇΓöÇΓöÇΓöÇΓöÇΓöÇΓöÇΓöÇΓöÇΓöÇΓöÇΓöÇΓöÇΓöÇΓöÇΓöÇΓöÇΓöÇΓöÇΓöÇΓöÇΓöÇΓöÇΓöÇΓöÇΓöÇΓöÇΓöÇΓöÇΓöÇΓöÇΓöÇΓöÇΓöÇΓöÇΓöÇΓöÇΓöÇΓöÇΓöÇΓöÇ
    test-results\responsive-admin-routes-x-viewports-admin-catalog-brands-chromium\test-failed-1.png
    ΓöÇΓöÇΓöÇΓöÇΓöÇΓöÇΓöÇΓöÇΓöÇΓöÇΓöÇΓöÇΓöÇΓöÇΓöÇΓöÇΓöÇΓöÇΓöÇΓöÇΓöÇΓöÇΓöÇΓöÇΓöÇΓöÇΓöÇΓöÇΓöÇΓöÇΓöÇΓöÇΓöÇΓöÇΓöÇΓöÇΓöÇΓöÇΓöÇΓöÇΓöÇΓöÇΓöÇΓöÇΓöÇΓöÇΓöÇΓöÇΓöÇΓöÇΓöÇΓöÇΓöÇΓöÇΓöÇΓöÇΓöÇΓöÇΓöÇΓöÇΓöÇΓöÇΓöÇΓöÇΓöÇΓöÇΓöÇΓöÇΓöÇΓöÇΓöÇΓöÇΓöÇΓöÇΓöÇΓöÇΓöÇΓöÇΓöÇΓöÇΓöÇΓöÇΓöÇΓöÇΓöÇΓöÇΓöÇΓöÇΓöÇΓöÇΓöÇΓöÇΓöÇΓöÇΓöÇΓöÇ

    Error Context: test-results\responsive-admin-routes-x-viewports-admin-catalog-brands-chromium\error-context.md

    attachment #9: trace (application/zip) ΓöÇΓöÇΓöÇΓöÇΓöÇΓöÇΓöÇΓöÇΓöÇΓöÇΓöÇΓöÇΓöÇΓöÇΓöÇΓöÇΓöÇΓöÇΓöÇΓöÇΓöÇΓöÇΓöÇΓöÇΓöÇΓöÇΓöÇΓöÇΓöÇΓöÇΓöÇΓöÇΓöÇΓöÇΓöÇΓöÇΓöÇΓöÇΓöÇΓöÇΓöÇΓöÇΓöÇΓöÇΓöÇΓöÇΓöÇΓöÇΓöÇΓöÇΓöÇΓöÇΓöÇΓöÇΓöÇΓöÇΓöÇ
    test-results\responsive-admin-routes-x-viewports-admin-catalog-brands-chromium\trace.zip
    Usage:

        npx playwright show-trace test-results\responsive-admin-routes-x-viewports-admin-catalog-brands-chromium\trace.zip

    ΓöÇΓöÇΓöÇΓöÇΓöÇΓöÇΓöÇΓöÇΓöÇΓöÇΓöÇΓöÇΓöÇΓöÇΓöÇΓöÇΓöÇΓöÇΓöÇΓöÇΓöÇΓöÇΓöÇΓöÇΓöÇΓöÇΓöÇΓöÇΓöÇΓöÇΓöÇΓöÇΓöÇΓöÇΓöÇΓöÇΓöÇΓöÇΓöÇΓöÇΓöÇΓöÇΓöÇΓöÇΓöÇΓöÇΓöÇΓöÇΓöÇΓöÇΓöÇΓöÇΓöÇΓöÇΓöÇΓöÇΓöÇΓöÇΓöÇΓöÇΓöÇΓöÇΓöÇΓöÇΓöÇΓöÇΓöÇΓöÇΓöÇΓöÇΓöÇΓöÇΓöÇΓöÇΓöÇΓöÇΓöÇΓöÇΓöÇΓöÇΓöÇΓöÇΓöÇΓöÇΓöÇΓöÇΓöÇΓöÇΓöÇΓöÇΓöÇΓöÇΓöÇΓöÇΓöÇΓöÇ

  29) [chromium] ΓÇ║ e2e\responsive.spec.mjs:19:5 ΓÇ║ admin routes x viewports ΓÇ║ /admin/catalog/brands/pending 

    Error: /admin/catalog/brands/pending
    @1600px:
      - navigation failed: page.goto: net::ERR_CONNECTION_REFUSED at http://localhost:3058/admin/catalog/brands/pending
    @1200px:
      - navigation failed: page.goto: net::ERR_CONNECTION_REFUSED at http://localhost:3058/admin/catalog/brands/pending
    @768px:
      - navigation failed: page.goto: net::ERR_CONNECTION_REFUSED at http://localhost:3058/admin/catalog/brands/pending
    @480px:
      - navigation failed: page.goto: net::ERR_CONNECTION_REFUSED at http://localhost:3058/admin/catalog/brands/pending
    @375px:
      - navigation failed: page.goto: net::ERR_CONNECTION_REFUSED at http://localhost:3058/admin/catalog/brands/pending

    expect(received).toEqual(expected) // deep equality

    - Expected  -  1
    + Received  + 12

    - Array []
    + Array [
    +   "@1600px:
    +   - navigation failed: page.goto: net::ERR_CONNECTION_REFUSED at http://localhost:3058/admin/catalog/brands/pending",
    +   "@1200px:
    +   - navigation failed: page.goto: net::ERR_CONNECTION_REFUSED at http://localhost:3058/admin/catalog/brands/pending",
    +   "@768px:
    +   - navigation failed: page.goto: net::ERR_CONNECTION_REFUSED at http://localhost:3058/admin/catalog/brands/pending",
    +   "@480px:
    +   - navigation failed: page.goto: net::ERR_CONNECTION_REFUSED at http://localhost:3058/admin/catalog/brands/pending",
    +   "@375px:
    +   - navigation failed: page.goto: net::ERR_CONNECTION_REFUSED at http://localhost:3058/admin/catalog/brands/pending",
    + ]

      12 |   await testInfo.attach("matrix", { body: JSON.stringify({ route, url, results }), contentType: "application/json" });
      13 |   const failed = results.filter((r) => r.issues.length).map((r) => `@${r.viewport}px:\n  - ${r.issues.join("\n  - ")}`);
    > 14 |   expect(failed, `${url}\n${failed.join("\n")}`).toEqual([]);
         |                                                  ^
      15 | }
      16 |
      17 | test.describe("admin routes x viewports", () => {
        at runMatrix (C:\Users\priyank\Desktop\Development\BharatAgrolink-admin\e2e\responsive.spec.mjs:14:50)
        at C:\Users\priyank\Desktop\Development\BharatAgrolink-admin\e2e\responsive.spec.mjs:20:7

    attachment #7: screenshot (image/png) ΓöÇΓöÇΓöÇΓöÇΓöÇΓöÇΓöÇΓöÇΓöÇΓöÇΓöÇΓöÇΓöÇΓöÇΓöÇΓöÇΓöÇΓöÇΓöÇΓöÇΓöÇΓöÇΓöÇΓöÇΓöÇΓöÇΓöÇΓöÇΓöÇΓöÇΓöÇΓöÇΓöÇΓöÇΓöÇΓöÇΓöÇΓöÇΓöÇΓöÇΓöÇΓöÇΓöÇΓöÇΓöÇΓöÇΓöÇΓöÇΓöÇΓöÇΓöÇΓöÇΓöÇΓöÇΓöÇΓöÇΓöÇΓöÇ
    test-results\responsive-admin-routes-x--777c5-dmin-catalog-brands-pending-chromium\test-failed-1.png
    ΓöÇΓöÇΓöÇΓöÇΓöÇΓöÇΓöÇΓöÇΓöÇΓöÇΓöÇΓöÇΓöÇΓöÇΓöÇΓöÇΓöÇΓöÇΓöÇΓöÇΓöÇΓöÇΓöÇΓöÇΓöÇΓöÇΓöÇΓöÇΓöÇΓöÇΓöÇΓöÇΓöÇΓöÇΓöÇΓöÇΓöÇΓöÇΓöÇΓöÇΓöÇΓöÇΓöÇΓöÇΓöÇΓöÇΓöÇΓöÇΓöÇΓöÇΓöÇΓöÇΓöÇΓöÇΓöÇΓöÇΓöÇΓöÇΓöÇΓöÇΓöÇΓöÇΓöÇΓöÇΓöÇΓöÇΓöÇΓöÇΓöÇΓöÇΓöÇΓöÇΓöÇΓöÇΓöÇΓöÇΓöÇΓöÇΓöÇΓöÇΓöÇΓöÇΓöÇΓöÇΓöÇΓöÇΓöÇΓöÇΓöÇΓöÇΓöÇΓöÇΓöÇΓöÇΓöÇΓöÇ

    Error Context: test-results\responsive-admin-routes-x--777c5-dmin-catalog-brands-pending-chromium\error-context.md

    attachment #9: trace (application/zip) ΓöÇΓöÇΓöÇΓöÇΓöÇΓöÇΓöÇΓöÇΓöÇΓöÇΓöÇΓöÇΓöÇΓöÇΓöÇΓöÇΓöÇΓöÇΓöÇΓöÇΓöÇΓöÇΓöÇΓöÇΓöÇΓöÇΓöÇΓöÇΓöÇΓöÇΓöÇΓöÇΓöÇΓöÇΓöÇΓöÇΓöÇΓöÇΓöÇΓöÇΓöÇΓöÇΓöÇΓöÇΓöÇΓöÇΓöÇΓöÇΓöÇΓöÇΓöÇΓöÇΓöÇΓöÇΓöÇΓöÇΓöÇ
    test-results\responsive-admin-routes-x--777c5-dmin-catalog-brands-pending-chromium\trace.zip
    Usage:

        npx playwright show-trace test-results\responsive-admin-routes-x--777c5-dmin-catalog-brands-pending-chromium\trace.zip

    ΓöÇΓöÇΓöÇΓöÇΓöÇΓöÇΓöÇΓöÇΓöÇΓöÇΓöÇΓöÇΓöÇΓöÇΓöÇΓöÇΓöÇΓöÇΓöÇΓöÇΓöÇΓöÇΓöÇΓöÇΓöÇΓöÇΓöÇΓöÇΓöÇΓöÇΓöÇΓöÇΓöÇΓöÇΓöÇΓöÇΓöÇΓöÇΓöÇΓöÇΓöÇΓöÇΓöÇΓöÇΓöÇΓöÇΓöÇΓöÇΓöÇΓöÇΓöÇΓöÇΓöÇΓöÇΓöÇΓöÇΓöÇΓöÇΓöÇΓöÇΓöÇΓöÇΓöÇΓöÇΓöÇΓöÇΓöÇΓöÇΓöÇΓöÇΓöÇΓöÇΓöÇΓöÇΓöÇΓöÇΓöÇΓöÇΓöÇΓöÇΓöÇΓöÇΓöÇΓöÇΓöÇΓöÇΓöÇΓöÇΓöÇΓöÇΓöÇΓöÇΓöÇΓöÇΓöÇΓöÇ

  30) [chromium] ΓÇ║ e2e\responsive.spec.mjs:19:5 ΓÇ║ admin routes x viewports ΓÇ║ /admin/catalog/categories 

    Error: /admin/catalog/categories
    @1600px:
      - navigation failed: page.goto: net::ERR_CONNECTION_REFUSED at http://localhost:3058/admin/catalog/categories
    @1200px:
      - navigation failed: page.goto: net::ERR_CONNECTION_REFUSED at http://localhost:3058/admin/catalog/categories
    @768px:
      - navigation failed: page.goto: net::ERR_CONNECTION_REFUSED at http://localhost:3058/admin/catalog/categories
    @480px:
      - navigation failed: page.goto: net::ERR_CONNECTION_REFUSED at http://localhost:3058/admin/catalog/categories
    @375px:
      - navigation failed: page.goto: net::ERR_CONNECTION_REFUSED at http://localhost:3058/admin/catalog/categories

    expect(received).toEqual(expected) // deep equality

    - Expected  -  1
    + Received  + 12

    - Array []
    + Array [
    +   "@1600px:
    +   - navigation failed: page.goto: net::ERR_CONNECTION_REFUSED at http://localhost:3058/admin/catalog/categories",
    +   "@1200px:
    +   - navigation failed: page.goto: net::ERR_CONNECTION_REFUSED at http://localhost:3058/admin/catalog/categories",
    +   "@768px:
    +   - navigation failed: page.goto: net::ERR_CONNECTION_REFUSED at http://localhost:3058/admin/catalog/categories",
    +   "@480px:
    +   - navigation failed: page.goto: net::ERR_CONNECTION_REFUSED at http://localhost:3058/admin/catalog/categories",
    +   "@375px:
    +   - navigation failed: page.goto: net::ERR_CONNECTION_REFUSED at http://localhost:3058/admin/catalog/categories",
    + ]

      12 |   await testInfo.attach("matrix", { body: JSON.stringify({ route, url, results }), contentType: "application/json" });
      13 |   const failed = results.filter((r) => r.issues.length).map((r) => `@${r.viewport}px:\n  - ${r.issues.join("\n  - ")}`);
    > 14 |   expect(failed, `${url}\n${failed.join("\n")}`).toEqual([]);
         |                                                  ^
      15 | }
      16 |
      17 | test.describe("admin routes x viewports", () => {
        at runMatrix (C:\Users\priyank\Desktop\Development\BharatAgrolink-admin\e2e\responsive.spec.mjs:14:50)
        at C:\Users\priyank\Desktop\Development\BharatAgrolink-admin\e2e\responsive.spec.mjs:20:7

    attachment #7: screenshot (image/png) ΓöÇΓöÇΓöÇΓöÇΓöÇΓöÇΓöÇΓöÇΓöÇΓöÇΓöÇΓöÇΓöÇΓöÇΓöÇΓöÇΓöÇΓöÇΓöÇΓöÇΓöÇΓöÇΓöÇΓöÇΓöÇΓöÇΓöÇΓöÇΓöÇΓöÇΓöÇΓöÇΓöÇΓöÇΓöÇΓöÇΓöÇΓöÇΓöÇΓöÇΓöÇΓöÇΓöÇΓöÇΓöÇΓöÇΓöÇΓöÇΓöÇΓöÇΓöÇΓöÇΓöÇΓöÇΓöÇΓöÇΓöÇΓöÇ
    test-results\responsive-admin-routes-x-viewports-admin-catalog-categories-chromium\test-failed-1.png
    ΓöÇΓöÇΓöÇΓöÇΓöÇΓöÇΓöÇΓöÇΓöÇΓöÇΓöÇΓöÇΓöÇΓöÇΓöÇΓöÇΓöÇΓöÇΓöÇΓöÇΓöÇΓöÇΓöÇΓöÇΓöÇΓöÇΓöÇΓöÇΓöÇΓöÇΓöÇΓöÇΓöÇΓöÇΓöÇΓöÇΓöÇΓöÇΓöÇΓöÇΓöÇΓöÇΓöÇΓöÇΓöÇΓöÇΓöÇΓöÇΓöÇΓöÇΓöÇΓöÇΓöÇΓöÇΓöÇΓöÇΓöÇΓöÇΓöÇΓöÇΓöÇΓöÇΓöÇΓöÇΓöÇΓöÇΓöÇΓöÇΓöÇΓöÇΓöÇΓöÇΓöÇΓöÇΓöÇΓöÇΓöÇΓöÇΓöÇΓöÇΓöÇΓöÇΓöÇΓöÇΓöÇΓöÇΓöÇΓöÇΓöÇΓöÇΓöÇΓöÇΓöÇΓöÇΓöÇΓöÇ

    Error Context: test-results\responsive-admin-routes-x-viewports-admin-catalog-categories-chromium\error-context.md

    attachment #9: trace (application/zip) ΓöÇΓöÇΓöÇΓöÇΓöÇΓöÇΓöÇΓöÇΓöÇΓöÇΓöÇΓöÇΓöÇΓöÇΓöÇΓöÇΓöÇΓöÇΓöÇΓöÇΓöÇΓöÇΓöÇΓöÇΓöÇΓöÇΓöÇΓöÇΓöÇΓöÇΓöÇΓöÇΓöÇΓöÇΓöÇΓöÇΓöÇΓöÇΓöÇΓöÇΓöÇΓöÇΓöÇΓöÇΓöÇΓöÇΓöÇΓöÇΓöÇΓöÇΓöÇΓöÇΓöÇΓöÇΓöÇΓöÇΓöÇ
    test-results\responsive-admin-routes-x-viewports-admin-catalog-categories-chromium\trace.zip
    Usage:

        npx playwright show-trace test-results\responsive-admin-routes-x-viewports-admin-catalog-categories-chromium\trace.zip

    ΓöÇΓöÇΓöÇΓöÇΓöÇΓöÇΓöÇΓöÇΓöÇΓöÇΓöÇΓöÇΓöÇΓöÇΓöÇΓöÇΓöÇΓöÇΓöÇΓöÇΓöÇΓöÇΓöÇΓöÇΓöÇΓöÇΓöÇΓöÇΓöÇΓöÇΓöÇΓöÇΓöÇΓöÇΓöÇΓöÇΓöÇΓöÇΓöÇΓöÇΓöÇΓöÇΓöÇΓöÇΓöÇΓöÇΓöÇΓöÇΓöÇΓöÇΓöÇΓöÇΓöÇΓöÇΓöÇΓöÇΓöÇΓöÇΓöÇΓöÇΓöÇΓöÇΓöÇΓöÇΓöÇΓöÇΓöÇΓöÇΓöÇΓöÇΓöÇΓöÇΓöÇΓöÇΓöÇΓöÇΓöÇΓöÇΓöÇΓöÇΓöÇΓöÇΓöÇΓöÇΓöÇΓöÇΓöÇΓöÇΓöÇΓöÇΓöÇΓöÇΓöÇΓöÇΓöÇΓöÇ

  31) [chromium] ΓÇ║ e2e\responsive.spec.mjs:19:5 ΓÇ║ admin routes x viewports ΓÇ║ /admin/catalog/categories/pending 

    Error: /admin/catalog/categories/pending
    @1600px:
      - navigation failed: page.goto: net::ERR_CONNECTION_REFUSED at http://localhost:3058/admin/catalog/categories/pending
    @1200px:
      - navigation failed: page.goto: net::ERR_CONNECTION_REFUSED at http://localhost:3058/admin/catalog/categories/pending
    @768px:
      - navigation failed: page.goto: net::ERR_CONNECTION_REFUSED at http://localhost:3058/admin/catalog/categories/pending
    @480px:
      - navigation failed: page.goto: net::ERR_CONNECTION_REFUSED at http://localhost:3058/admin/catalog/categories/pending
    @375px:
      - navigation failed: page.goto: net::ERR_CONNECTION_REFUSED at http://localhost:3058/admin/catalog/categories/pending

    expect(received).toEqual(expected) // deep equality

    - Expected  -  1
    + Received  + 12

    - Array []
    + Array [
    +   "@1600px:
    +   - navigation failed: page.goto: net::ERR_CONNECTION_REFUSED at http://localhost:3058/admin/catalog/categories/pending",
    +   "@1200px:
    +   - navigation failed: page.goto: net::ERR_CONNECTION_REFUSED at http://localhost:3058/admin/catalog/categories/pending",
    +   "@768px:
    +   - navigation failed: page.goto: net::ERR_CONNECTION_REFUSED at http://localhost:3058/admin/catalog/categories/pending",
    +   "@480px:
    +   - navigation failed: page.goto: net::ERR_CONNECTION_REFUSED at http://localhost:3058/admin/catalog/categories/pending",
    +   "@375px:
    +   - navigation failed: page.goto: net::ERR_CONNECTION_REFUSED at http://localhost:3058/admin/catalog/categories/pending",
    + ]

      12 |   await testInfo.attach("matrix", { body: JSON.stringify({ route, url, results }), contentType: "application/json" });
      13 |   const failed = results.filter((r) => r.issues.length).map((r) => `@${r.viewport}px:\n  - ${r.issues.join("\n  - ")}`);
    > 14 |   expect(failed, `${url}\n${failed.join("\n")}`).toEqual([]);
         |                                                  ^
      15 | }
      16 |
      17 | test.describe("admin routes x viewports", () => {
        at runMatrix (C:\Users\priyank\Desktop\Development\BharatAgrolink-admin\e2e\responsive.spec.mjs:14:50)
        at C:\Users\priyank\Desktop\Development\BharatAgrolink-admin\e2e\responsive.spec.mjs:20:7

    attachment #7: screenshot (image/png) ΓöÇΓöÇΓöÇΓöÇΓöÇΓöÇΓöÇΓöÇΓöÇΓöÇΓöÇΓöÇΓöÇΓöÇΓöÇΓöÇΓöÇΓöÇΓöÇΓöÇΓöÇΓöÇΓöÇΓöÇΓöÇΓöÇΓöÇΓöÇΓöÇΓöÇΓöÇΓöÇΓöÇΓöÇΓöÇΓöÇΓöÇΓöÇΓöÇΓöÇΓöÇΓöÇΓöÇΓöÇΓöÇΓöÇΓöÇΓöÇΓöÇΓöÇΓöÇΓöÇΓöÇΓöÇΓöÇΓöÇΓöÇΓöÇ
    test-results\responsive-admin-routes-x--ddd1d--catalog-categories-pending-chromium\test-failed-1.png
    ΓöÇΓöÇΓöÇΓöÇΓöÇΓöÇΓöÇΓöÇΓöÇΓöÇΓöÇΓöÇΓöÇΓöÇΓöÇΓöÇΓöÇΓöÇΓöÇΓöÇΓöÇΓöÇΓöÇΓöÇΓöÇΓöÇΓöÇΓöÇΓöÇΓöÇΓöÇΓöÇΓöÇΓöÇΓöÇΓöÇΓöÇΓöÇΓöÇΓöÇΓöÇΓöÇΓöÇΓöÇΓöÇΓöÇΓöÇΓöÇΓöÇΓöÇΓöÇΓöÇΓöÇΓöÇΓöÇΓöÇΓöÇΓöÇΓöÇΓöÇΓöÇΓöÇΓöÇΓöÇΓöÇΓöÇΓöÇΓöÇΓöÇΓöÇΓöÇΓöÇΓöÇΓöÇΓöÇΓöÇΓöÇΓöÇΓöÇΓöÇΓöÇΓöÇΓöÇΓöÇΓöÇΓöÇΓöÇΓöÇΓöÇΓöÇΓöÇΓöÇΓöÇΓöÇΓöÇΓöÇ

    Error Context: test-results\responsive-admin-routes-x--ddd1d--catalog-categories-pending-chromium\error-context.md

    attachment #9: trace (application/zip) ΓöÇΓöÇΓöÇΓöÇΓöÇΓöÇΓöÇΓöÇΓöÇΓöÇΓöÇΓöÇΓöÇΓöÇΓöÇΓöÇΓöÇΓöÇΓöÇΓöÇΓöÇΓöÇΓöÇΓöÇΓöÇΓöÇΓöÇΓöÇΓöÇΓöÇΓöÇΓöÇΓöÇΓöÇΓöÇΓöÇΓöÇΓöÇΓöÇΓöÇΓöÇΓöÇΓöÇΓöÇΓöÇΓöÇΓöÇΓöÇΓöÇΓöÇΓöÇΓöÇΓöÇΓöÇΓöÇΓöÇΓöÇ
    test-results\responsive-admin-routes-x--ddd1d--catalog-categories-pending-chromium\trace.zip
    Usage:

        npx playwright show-trace test-results\responsive-admin-routes-x--ddd1d--catalog-categories-pending-chromium\trace.zip

    ΓöÇΓöÇΓöÇΓöÇΓöÇΓöÇΓöÇΓöÇΓöÇΓöÇΓöÇΓöÇΓöÇΓöÇΓöÇΓöÇΓöÇΓöÇΓöÇΓöÇΓöÇΓöÇΓöÇΓöÇΓöÇΓöÇΓöÇΓöÇΓöÇΓöÇΓöÇΓöÇΓöÇΓöÇΓöÇΓöÇΓöÇΓöÇΓöÇΓöÇΓöÇΓöÇΓöÇΓöÇΓöÇΓöÇΓöÇΓöÇΓöÇΓöÇΓöÇΓöÇΓöÇΓöÇΓöÇΓöÇΓöÇΓöÇΓöÇΓöÇΓöÇΓöÇΓöÇΓöÇΓöÇΓöÇΓöÇΓöÇΓöÇΓöÇΓöÇΓöÇΓöÇΓöÇΓöÇΓöÇΓöÇΓöÇΓöÇΓöÇΓöÇΓöÇΓöÇΓöÇΓöÇΓöÇΓöÇΓöÇΓöÇΓöÇΓöÇΓöÇΓöÇΓöÇΓöÇΓöÇ

  32) [chromium] ΓÇ║ e2e\responsive.spec.mjs:19:5 ΓÇ║ admin routes x viewports ΓÇ║ /admin/catalog/categories/timeline 

    Error: /admin/catalog/categories/timeline
    @1600px:
      - navigation failed: page.goto: net::ERR_CONNECTION_REFUSED at http://localhost:3058/admin/catalog/categories/timeline
    @1200px:
      - navigation failed: page.goto: net::ERR_CONNECTION_REFUSED at http://localhost:3058/admin/catalog/categories/timeline
    @768px:
      - navigation failed: page.goto: net::ERR_CONNECTION_REFUSED at http://localhost:3058/admin/catalog/categories/timeline
    @480px:
      - navigation failed: page.goto: net::ERR_CONNECTION_REFUSED at http://localhost:3058/admin/catalog/categories/timeline
    @375px:
      - navigation failed: page.goto: net::ERR_CONNECTION_REFUSED at http://localhost:3058/admin/catalog/categories/timeline

    expect(received).toEqual(expected) // deep equality

    - Expected  -  1
    + Received  + 12

    - Array []
    + Array [
    +   "@1600px:
    +   - navigation failed: page.goto: net::ERR_CONNECTION_REFUSED at http://localhost:3058/admin/catalog/categories/timeline",
    +   "@1200px:
    +   - navigation failed: page.goto: net::ERR_CONNECTION_REFUSED at http://localhost:3058/admin/catalog/categories/timeline",
    +   "@768px:
    +   - navigation failed: page.goto: net::ERR_CONNECTION_REFUSED at http://localhost:3058/admin/catalog/categories/timeline",
    +   "@480px:
    +   - navigation failed: page.goto: net::ERR_CONNECTION_REFUSED at http://localhost:3058/admin/catalog/categories/timeline",
    +   "@375px:
    +   - navigation failed: page.goto: net::ERR_CONNECTION_REFUSED at http://localhost:3058/admin/catalog/categories/timeline",
    + ]

      12 |   await testInfo.attach("matrix", { body: JSON.stringify({ route, url, results }), contentType: "application/json" });
      13 |   const failed = results.filter((r) => r.issues.length).map((r) => `@${r.viewport}px:\n  - ${r.issues.join("\n  - ")}`);
    > 14 |   expect(failed, `${url}\n${failed.join("\n")}`).toEqual([]);
         |                                                  ^
      15 | }
      16 |
      17 | test.describe("admin routes x viewports", () => {
        at runMatrix (C:\Users\priyank\Desktop\Development\BharatAgrolink-admin\e2e\responsive.spec.mjs:14:50)
        at C:\Users\priyank\Desktop\Development\BharatAgrolink-admin\e2e\responsive.spec.mjs:20:7

    attachment #7: screenshot (image/png) ΓöÇΓöÇΓöÇΓöÇΓöÇΓöÇΓöÇΓöÇΓöÇΓöÇΓöÇΓöÇΓöÇΓöÇΓöÇΓöÇΓöÇΓöÇΓöÇΓöÇΓöÇΓöÇΓöÇΓöÇΓöÇΓöÇΓöÇΓöÇΓöÇΓöÇΓöÇΓöÇΓöÇΓöÇΓöÇΓöÇΓöÇΓöÇΓöÇΓöÇΓöÇΓöÇΓöÇΓöÇΓöÇΓöÇΓöÇΓöÇΓöÇΓöÇΓöÇΓöÇΓöÇΓöÇΓöÇΓöÇΓöÇΓöÇ
    test-results\responsive-admin-routes-x--80caa-catalog-categories-timeline-chromium\test-failed-1.png
    ΓöÇΓöÇΓöÇΓöÇΓöÇΓöÇΓöÇΓöÇΓöÇΓöÇΓöÇΓöÇΓöÇΓöÇΓöÇΓöÇΓöÇΓöÇΓöÇΓöÇΓöÇΓöÇΓöÇΓöÇΓöÇΓöÇΓöÇΓöÇΓöÇΓöÇΓöÇΓöÇΓöÇΓöÇΓöÇΓöÇΓöÇΓöÇΓöÇΓöÇΓöÇΓöÇΓöÇΓöÇΓöÇΓöÇΓöÇΓöÇΓöÇΓöÇΓöÇΓöÇΓöÇΓöÇΓöÇΓöÇΓöÇΓöÇΓöÇΓöÇΓöÇΓöÇΓöÇΓöÇΓöÇΓöÇΓöÇΓöÇΓöÇΓöÇΓöÇΓöÇΓöÇΓöÇΓöÇΓöÇΓöÇΓöÇΓöÇΓöÇΓöÇΓöÇΓöÇΓöÇΓöÇΓöÇΓöÇΓöÇΓöÇΓöÇΓöÇΓöÇΓöÇΓöÇΓöÇΓöÇ

    Error Context: test-results\responsive-admin-routes-x--80caa-catalog-categories-timeline-chromium\error-context.md

    attachment #9: trace (application/zip) ΓöÇΓöÇΓöÇΓöÇΓöÇΓöÇΓöÇΓöÇΓöÇΓöÇΓöÇΓöÇΓöÇΓöÇΓöÇΓöÇΓöÇΓöÇΓöÇΓöÇΓöÇΓöÇΓöÇΓöÇΓöÇΓöÇΓöÇΓöÇΓöÇΓöÇΓöÇΓöÇΓöÇΓöÇΓöÇΓöÇΓöÇΓöÇΓöÇΓöÇΓöÇΓöÇΓöÇΓöÇΓöÇΓöÇΓöÇΓöÇΓöÇΓöÇΓöÇΓöÇΓöÇΓöÇΓöÇΓöÇΓöÇ
    test-results\responsive-admin-routes-x--80caa-catalog-categories-timeline-chromium\trace.zip
    Usage:

        npx playwright show-trace test-results\responsive-admin-routes-x--80caa-catalog-categories-timeline-chromium\trace.zip

    ΓöÇΓöÇΓöÇΓöÇΓöÇΓöÇΓöÇΓöÇΓöÇΓöÇΓöÇΓöÇΓöÇΓöÇΓöÇΓöÇΓöÇΓöÇΓöÇΓöÇΓöÇΓöÇΓöÇΓöÇΓöÇΓöÇΓöÇΓöÇΓöÇΓöÇΓöÇΓöÇΓöÇΓöÇΓöÇΓöÇΓöÇΓöÇΓöÇΓöÇΓöÇΓöÇΓöÇΓöÇΓöÇΓöÇΓöÇΓöÇΓöÇΓöÇΓöÇΓöÇΓöÇΓöÇΓöÇΓöÇΓöÇΓöÇΓöÇΓöÇΓöÇΓöÇΓöÇΓöÇΓöÇΓöÇΓöÇΓöÇΓöÇΓöÇΓöÇΓöÇΓöÇΓöÇΓöÇΓöÇΓöÇΓöÇΓöÇΓöÇΓöÇΓöÇΓöÇΓöÇΓöÇΓöÇΓöÇΓöÇΓöÇΓöÇΓöÇΓöÇΓöÇΓöÇΓöÇΓöÇ

  33) [chromium] ΓÇ║ e2e\responsive.spec.mjs:19:5 ΓÇ║ admin routes x viewports ΓÇ║ /admin/catalog/category-commission 

    Error: /admin/catalog/category-commission
    @1600px:
      - navigation failed: page.goto: net::ERR_CONNECTION_REFUSED at http://localhost:3058/admin/catalog/category-commission
    @1200px:
      - navigation failed: page.goto: net::ERR_CONNECTION_REFUSED at http://localhost:3058/admin/catalog/category-commission
    @768px:
      - navigation failed: page.goto: net::ERR_CONNECTION_REFUSED at http://localhost:3058/admin/catalog/category-commission
    @480px:
      - navigation failed: page.goto: net::ERR_CONNECTION_REFUSED at http://localhost:3058/admin/catalog/category-commission
    @375px:
      - navigation failed: page.goto: net::ERR_CONNECTION_REFUSED at http://localhost:3058/admin/catalog/category-commission

    expect(received).toEqual(expected) // deep equality

    - Expected  -  1
    + Received  + 12

    - Array []
    + Array [
    +   "@1600px:
    +   - navigation failed: page.goto: net::ERR_CONNECTION_REFUSED at http://localhost:3058/admin/catalog/category-commission",
    +   "@1200px:
    +   - navigation failed: page.goto: net::ERR_CONNECTION_REFUSED at http://localhost:3058/admin/catalog/category-commission",
    +   "@768px:
    +   - navigation failed: page.goto: net::ERR_CONNECTION_REFUSED at http://localhost:3058/admin/catalog/category-commission",
    +   "@480px:
    +   - navigation failed: page.goto: net::ERR_CONNECTION_REFUSED at http://localhost:3058/admin/catalog/category-commission",
    +   "@375px:
    +   - navigation failed: page.goto: net::ERR_CONNECTION_REFUSED at http://localhost:3058/admin/catalog/category-commission",
    + ]

      12 |   await testInfo.attach("matrix", { body: JSON.stringify({ route, url, results }), contentType: "application/json" });
      13 |   const failed = results.filter((r) => r.issues.length).map((r) => `@${r.viewport}px:\n  - ${r.issues.join("\n  - ")}`);
    > 14 |   expect(failed, `${url}\n${failed.join("\n")}`).toEqual([]);
         |                                                  ^
      15 | }
      16 |
      17 | test.describe("admin routes x viewports", () => {
        at runMatrix (C:\Users\priyank\Desktop\Development\BharatAgrolink-admin\e2e\responsive.spec.mjs:14:50)
        at C:\Users\priyank\Desktop\Development\BharatAgrolink-admin\e2e\responsive.spec.mjs:20:7

    attachment #7: screenshot (image/png) ΓöÇΓöÇΓöÇΓöÇΓöÇΓöÇΓöÇΓöÇΓöÇΓöÇΓöÇΓöÇΓöÇΓöÇΓöÇΓöÇΓöÇΓöÇΓöÇΓöÇΓöÇΓöÇΓöÇΓöÇΓöÇΓöÇΓöÇΓöÇΓöÇΓöÇΓöÇΓöÇΓöÇΓöÇΓöÇΓöÇΓöÇΓöÇΓöÇΓöÇΓöÇΓöÇΓöÇΓöÇΓöÇΓöÇΓöÇΓöÇΓöÇΓöÇΓöÇΓöÇΓöÇΓöÇΓöÇΓöÇΓöÇΓöÇ
    test-results\responsive-admin-routes-x--dd87b-catalog-category-commission-chromium\test-failed-1.png
    ΓöÇΓöÇΓöÇΓöÇΓöÇΓöÇΓöÇΓöÇΓöÇΓöÇΓöÇΓöÇΓöÇΓöÇΓöÇΓöÇΓöÇΓöÇΓöÇΓöÇΓöÇΓöÇΓöÇΓöÇΓöÇΓöÇΓöÇΓöÇΓöÇΓöÇΓöÇΓöÇΓöÇΓöÇΓöÇΓöÇΓöÇΓöÇΓöÇΓöÇΓöÇΓöÇΓöÇΓöÇΓöÇΓöÇΓöÇΓöÇΓöÇΓöÇΓöÇΓöÇΓöÇΓöÇΓöÇΓöÇΓöÇΓöÇΓöÇΓöÇΓöÇΓöÇΓöÇΓöÇΓöÇΓöÇΓöÇΓöÇΓöÇΓöÇΓöÇΓöÇΓöÇΓöÇΓöÇΓöÇΓöÇΓöÇΓöÇΓöÇΓöÇΓöÇΓöÇΓöÇΓöÇΓöÇΓöÇΓöÇΓöÇΓöÇΓöÇΓöÇΓöÇΓöÇΓöÇΓöÇ

    Error Context: test-results\responsive-admin-routes-x--dd87b-catalog-category-commission-chromium\error-context.md

    attachment #9: trace (application/zip) ΓöÇΓöÇΓöÇΓöÇΓöÇΓöÇΓöÇΓöÇΓöÇΓöÇΓöÇΓöÇΓöÇΓöÇΓöÇΓöÇΓöÇΓöÇΓöÇΓöÇΓöÇΓöÇΓöÇΓöÇΓöÇΓöÇΓöÇΓöÇΓöÇΓöÇΓöÇΓöÇΓöÇΓöÇΓöÇΓöÇΓöÇΓöÇΓöÇΓöÇΓöÇΓöÇΓöÇΓöÇΓöÇΓöÇΓöÇΓöÇΓöÇΓöÇΓöÇΓöÇΓöÇΓöÇΓöÇΓöÇΓöÇ
    test-results\responsive-admin-routes-x--dd87b-catalog-category-commission-chromium\trace.zip
    Usage:

        npx playwright show-trace test-results\responsive-admin-routes-x--dd87b-catalog-category-commission-chromium\trace.zip

    ΓöÇΓöÇΓöÇΓöÇΓöÇΓöÇΓöÇΓöÇΓöÇΓöÇΓöÇΓöÇΓöÇΓöÇΓöÇΓöÇΓöÇΓöÇΓöÇΓöÇΓöÇΓöÇΓöÇΓöÇΓöÇΓöÇΓöÇΓöÇΓöÇΓöÇΓöÇΓöÇΓöÇΓöÇΓöÇΓöÇΓöÇΓöÇΓöÇΓöÇΓöÇΓöÇΓöÇΓöÇΓöÇΓöÇΓöÇΓöÇΓöÇΓöÇΓöÇΓöÇΓöÇΓöÇΓöÇΓöÇΓöÇΓöÇΓöÇΓöÇΓöÇΓöÇΓöÇΓöÇΓöÇΓöÇΓöÇΓöÇΓöÇΓöÇΓöÇΓöÇΓöÇΓöÇΓöÇΓöÇΓöÇΓöÇΓöÇΓöÇΓöÇΓöÇΓöÇΓöÇΓöÇΓöÇΓöÇΓöÇΓöÇΓöÇΓöÇΓöÇΓöÇΓöÇΓöÇΓöÇ

  34) [chromium] ΓÇ║ e2e\responsive.spec.mjs:19:5 ΓÇ║ admin routes x viewports ΓÇ║ /admin/catalog/crop-menu 

    Error: /admin/catalog/crop-menu
    @1600px:
      - navigation failed: page.goto: net::ERR_CONNECTION_REFUSED at http://localhost:3058/admin/catalog/crop-menu
    @1200px:
      - navigation failed: page.goto: net::ERR_CONNECTION_REFUSED at http://localhost:3058/admin/catalog/crop-menu
    @768px:
      - navigation failed: page.goto: net::ERR_CONNECTION_REFUSED at http://localhost:3058/admin/catalog/crop-menu
    @480px:
      - navigation failed: page.goto: net::ERR_CONNECTION_REFUSED at http://localhost:3058/admin/catalog/crop-menu
    @375px:
      - navigation failed: page.goto: net::ERR_CONNECTION_REFUSED at http://localhost:3058/admin/catalog/crop-menu

    expect(received).toEqual(expected) // deep equality

    - Expected  -  1
    + Received  + 12

    - Array []
    + Array [
    +   "@1600px:
    +   - navigation failed: page.goto: net::ERR_CONNECTION_REFUSED at http://localhost:3058/admin/catalog/crop-menu",
    +   "@1200px:
    +   - navigation failed: page.goto: net::ERR_CONNECTION_REFUSED at http://localhost:3058/admin/catalog/crop-menu",
    +   "@768px:
    +   - navigation failed: page.goto: net::ERR_CONNECTION_REFUSED at http://localhost:3058/admin/catalog/crop-menu",
    +   "@480px:
    +   - navigation failed: page.goto: net::ERR_CONNECTION_REFUSED at http://localhost:3058/admin/catalog/crop-menu",
    +   "@375px:
    +   - navigation failed: page.goto: net::ERR_CONNECTION_REFUSED at http://localhost:3058/admin/catalog/crop-menu",
    + ]

      12 |   await testInfo.attach("matrix", { body: JSON.stringify({ route, url, results }), contentType: "application/json" });
      13 |   const failed = results.filter((r) => r.issues.length).map((r) => `@${r.viewport}px:\n  - ${r.issues.join("\n  - ")}`);
    > 14 |   expect(failed, `${url}\n${failed.join("\n")}`).toEqual([]);
         |                                                  ^
      15 | }
      16 |
      17 | test.describe("admin routes x viewports", () => {
        at runMatrix (C:\Users\priyank\Desktop\Development\BharatAgrolink-admin\e2e\responsive.spec.mjs:14:50)
        at C:\Users\priyank\Desktop\Development\BharatAgrolink-admin\e2e\responsive.spec.mjs:20:7

    attachment #7: screenshot (image/png) ΓöÇΓöÇΓöÇΓöÇΓöÇΓöÇΓöÇΓöÇΓöÇΓöÇΓöÇΓöÇΓöÇΓöÇΓöÇΓöÇΓöÇΓöÇΓöÇΓöÇΓöÇΓöÇΓöÇΓöÇΓöÇΓöÇΓöÇΓöÇΓöÇΓöÇΓöÇΓöÇΓöÇΓöÇΓöÇΓöÇΓöÇΓöÇΓöÇΓöÇΓöÇΓöÇΓöÇΓöÇΓöÇΓöÇΓöÇΓöÇΓöÇΓöÇΓöÇΓöÇΓöÇΓöÇΓöÇΓöÇΓöÇΓöÇ
    test-results\responsive-admin-routes-x-viewports-admin-catalog-crop-menu-chromium\test-failed-1.png
    ΓöÇΓöÇΓöÇΓöÇΓöÇΓöÇΓöÇΓöÇΓöÇΓöÇΓöÇΓöÇΓöÇΓöÇΓöÇΓöÇΓöÇΓöÇΓöÇΓöÇΓöÇΓöÇΓöÇΓöÇΓöÇΓöÇΓöÇΓöÇΓöÇΓöÇΓöÇΓöÇΓöÇΓöÇΓöÇΓöÇΓöÇΓöÇΓöÇΓöÇΓöÇΓöÇΓöÇΓöÇΓöÇΓöÇΓöÇΓöÇΓöÇΓöÇΓöÇΓöÇΓöÇΓöÇΓöÇΓöÇΓöÇΓöÇΓöÇΓöÇΓöÇΓöÇΓöÇΓöÇΓöÇΓöÇΓöÇΓöÇΓöÇΓöÇΓöÇΓöÇΓöÇΓöÇΓöÇΓöÇΓöÇΓöÇΓöÇΓöÇΓöÇΓöÇΓöÇΓöÇΓöÇΓöÇΓöÇΓöÇΓöÇΓöÇΓöÇΓöÇΓöÇΓöÇΓöÇΓöÇ

    Error Context: test-results\responsive-admin-routes-x-viewports-admin-catalog-crop-menu-chromium\error-context.md

    attachment #9: trace (application/zip) ΓöÇΓöÇΓöÇΓöÇΓöÇΓöÇΓöÇΓöÇΓöÇΓöÇΓöÇΓöÇΓöÇΓöÇΓöÇΓöÇΓöÇΓöÇΓöÇΓöÇΓöÇΓöÇΓöÇΓöÇΓöÇΓöÇΓöÇΓöÇΓöÇΓöÇΓöÇΓöÇΓöÇΓöÇΓöÇΓöÇΓöÇΓöÇΓöÇΓöÇΓöÇΓöÇΓöÇΓöÇΓöÇΓöÇΓöÇΓöÇΓöÇΓöÇΓöÇΓöÇΓöÇΓöÇΓöÇΓöÇΓöÇ
    test-results\responsive-admin-routes-x-viewports-admin-catalog-crop-menu-chromium\trace.zip
    Usage:

        npx playwright show-trace test-results\responsive-admin-routes-x-viewports-admin-catalog-crop-menu-chromium\trace.zip

    ΓöÇΓöÇΓöÇΓöÇΓöÇΓöÇΓöÇΓöÇΓöÇΓöÇΓöÇΓöÇΓöÇΓöÇΓöÇΓöÇΓöÇΓöÇΓöÇΓöÇΓöÇΓöÇΓöÇΓöÇΓöÇΓöÇΓöÇΓöÇΓöÇΓöÇΓöÇΓöÇΓöÇΓöÇΓöÇΓöÇΓöÇΓöÇΓöÇΓöÇΓöÇΓöÇΓöÇΓöÇΓöÇΓöÇΓöÇΓöÇΓöÇΓöÇΓöÇΓöÇΓöÇΓöÇΓöÇΓöÇΓöÇΓöÇΓöÇΓöÇΓöÇΓöÇΓöÇΓöÇΓöÇΓöÇΓöÇΓöÇΓöÇΓöÇΓöÇΓöÇΓöÇΓöÇΓöÇΓöÇΓöÇΓöÇΓöÇΓöÇΓöÇΓöÇΓöÇΓöÇΓöÇΓöÇΓöÇΓöÇΓöÇΓöÇΓöÇΓöÇΓöÇΓöÇΓöÇΓöÇ

  35) [chromium] ΓÇ║ e2e\responsive.spec.mjs:19:5 ΓÇ║ admin routes x viewports ΓÇ║ /admin/catalog/feature-categories 

    Error: /admin/catalog/feature-categories
    @1600px:
      - navigation failed: page.goto: net::ERR_CONNECTION_REFUSED at http://localhost:3058/admin/catalog/feature-categories
    @1200px:
      - navigation failed: page.goto: net::ERR_CONNECTION_REFUSED at http://localhost:3058/admin/catalog/feature-categories
    @768px:
      - navigation failed: page.goto: net::ERR_CONNECTION_REFUSED at http://localhost:3058/admin/catalog/feature-categories
    @480px:
      - navigation failed: page.goto: net::ERR_CONNECTION_REFUSED at http://localhost:3058/admin/catalog/feature-categories
    @375px:
      - navigation failed: page.goto: net::ERR_CONNECTION_REFUSED at http://localhost:3058/admin/catalog/feature-categories

    expect(received).toEqual(expected) // deep equality

    - Expected  -  1
    + Received  + 12

    - Array []
    + Array [
    +   "@1600px:
    +   - navigation failed: page.goto: net::ERR_CONNECTION_REFUSED at http://localhost:3058/admin/catalog/feature-categories",
    +   "@1200px:
    +   - navigation failed: page.goto: net::ERR_CONNECTION_REFUSED at http://localhost:3058/admin/catalog/feature-categories",
    +   "@768px:
    +   - navigation failed: page.goto: net::ERR_CONNECTION_REFUSED at http://localhost:3058/admin/catalog/feature-categories",
    +   "@480px:
    +   - navigation failed: page.goto: net::ERR_CONNECTION_REFUSED at http://localhost:3058/admin/catalog/feature-categories",
    +   "@375px:
    +   - navigation failed: page.goto: net::ERR_CONNECTION_REFUSED at http://localhost:3058/admin/catalog/feature-categories",
    + ]

      12 |   await testInfo.attach("matrix", { body: JSON.stringify({ route, url, results }), contentType: "application/json" });
      13 |   const failed = results.filter((r) => r.issues.length).map((r) => `@${r.viewport}px:\n  - ${r.issues.join("\n  - ")}`);
    > 14 |   expect(failed, `${url}\n${failed.join("\n")}`).toEqual([]);
         |                                                  ^
      15 | }
      16 |
      17 | test.describe("admin routes x viewports", () => {
        at runMatrix (C:\Users\priyank\Desktop\Development\BharatAgrolink-admin\e2e\responsive.spec.mjs:14:50)
        at C:\Users\priyank\Desktop\Development\BharatAgrolink-admin\e2e\responsive.spec.mjs:20:7

    attachment #7: screenshot (image/png) ΓöÇΓöÇΓöÇΓöÇΓöÇΓöÇΓöÇΓöÇΓöÇΓöÇΓöÇΓöÇΓöÇΓöÇΓöÇΓöÇΓöÇΓöÇΓöÇΓöÇΓöÇΓöÇΓöÇΓöÇΓöÇΓöÇΓöÇΓöÇΓöÇΓöÇΓöÇΓöÇΓöÇΓöÇΓöÇΓöÇΓöÇΓöÇΓöÇΓöÇΓöÇΓöÇΓöÇΓöÇΓöÇΓöÇΓöÇΓöÇΓöÇΓöÇΓöÇΓöÇΓöÇΓöÇΓöÇΓöÇΓöÇΓöÇ
    test-results\responsive-admin-routes-x--da878--catalog-feature-categories-chromium\test-failed-1.png
    ΓöÇΓöÇΓöÇΓöÇΓöÇΓöÇΓöÇΓöÇΓöÇΓöÇΓöÇΓöÇΓöÇΓöÇΓöÇΓöÇΓöÇΓöÇΓöÇΓöÇΓöÇΓöÇΓöÇΓöÇΓöÇΓöÇΓöÇΓöÇΓöÇΓöÇΓöÇΓöÇΓöÇΓöÇΓöÇΓöÇΓöÇΓöÇΓöÇΓöÇΓöÇΓöÇΓöÇΓöÇΓöÇΓöÇΓöÇΓöÇΓöÇΓöÇΓöÇΓöÇΓöÇΓöÇΓöÇΓöÇΓöÇΓöÇΓöÇΓöÇΓöÇΓöÇΓöÇΓöÇΓöÇΓöÇΓöÇΓöÇΓöÇΓöÇΓöÇΓöÇΓöÇΓöÇΓöÇΓöÇΓöÇΓöÇΓöÇΓöÇΓöÇΓöÇΓöÇΓöÇΓöÇΓöÇΓöÇΓöÇΓöÇΓöÇΓöÇΓöÇΓöÇΓöÇΓöÇΓöÇ

    Error Context: test-results\responsive-admin-routes-x--da878--catalog-feature-categories-chromium\error-context.md

    attachment #9: trace (application/zip) ΓöÇΓöÇΓöÇΓöÇΓöÇΓöÇΓöÇΓöÇΓöÇΓöÇΓöÇΓöÇΓöÇΓöÇΓöÇΓöÇΓöÇΓöÇΓöÇΓöÇΓöÇΓöÇΓöÇΓöÇΓöÇΓöÇΓöÇΓöÇΓöÇΓöÇΓöÇΓöÇΓöÇΓöÇΓöÇΓöÇΓöÇΓöÇΓöÇΓöÇΓöÇΓöÇΓöÇΓöÇΓöÇΓöÇΓöÇΓöÇΓöÇΓöÇΓöÇΓöÇΓöÇΓöÇΓöÇΓöÇΓöÇ
    test-results\responsive-admin-routes-x--da878--catalog-feature-categories-chromium\trace.zip
    Usage:

        npx playwright show-trace test-results\responsive-admin-routes-x--da878--catalog-feature-categories-chromium\trace.zip

    ΓöÇΓöÇΓöÇΓöÇΓöÇΓöÇΓöÇΓöÇΓöÇΓöÇΓöÇΓöÇΓöÇΓöÇΓöÇΓöÇΓöÇΓöÇΓöÇΓöÇΓöÇΓöÇΓöÇΓöÇΓöÇΓöÇΓöÇΓöÇΓöÇΓöÇΓöÇΓöÇΓöÇΓöÇΓöÇΓöÇΓöÇΓöÇΓöÇΓöÇΓöÇΓöÇΓöÇΓöÇΓöÇΓöÇΓöÇΓöÇΓöÇΓöÇΓöÇΓöÇΓöÇΓöÇΓöÇΓöÇΓöÇΓöÇΓöÇΓöÇΓöÇΓöÇΓöÇΓöÇΓöÇΓöÇΓöÇΓöÇΓöÇΓöÇΓöÇΓöÇΓöÇΓöÇΓöÇΓöÇΓöÇΓöÇΓöÇΓöÇΓöÇΓöÇΓöÇΓöÇΓöÇΓöÇΓöÇΓöÇΓöÇΓöÇΓöÇΓöÇΓöÇΓöÇΓöÇΓöÇ

  36) [chromium] ΓÇ║ e2e\responsive.spec.mjs:19:5 ΓÇ║ admin routes x viewports ΓÇ║ /admin/catalog/hsn-codes 

    Error: /admin/catalog/hsn-codes
    @1600px:
      - navigation failed: page.goto: net::ERR_CONNECTION_REFUSED at http://localhost:3058/admin/catalog/hsn-codes
    @1200px:
      - navigation failed: page.goto: net::ERR_CONNECTION_REFUSED at http://localhost:3058/admin/catalog/hsn-codes
    @768px:
      - navigation failed: page.goto: net::ERR_CONNECTION_REFUSED at http://localhost:3058/admin/catalog/hsn-codes
    @480px:
      - navigation failed: page.goto: net::ERR_CONNECTION_REFUSED at http://localhost:3058/admin/catalog/hsn-codes
    @375px:
      - navigation failed: page.goto: net::ERR_CONNECTION_REFUSED at http://localhost:3058/admin/catalog/hsn-codes

    expect(received).toEqual(expected) // deep equality

    - Expected  -  1
    + Received  + 12

    - Array []
    + Array [
    +   "@1600px:
    +   - navigation failed: page.goto: net::ERR_CONNECTION_REFUSED at http://localhost:3058/admin/catalog/hsn-codes",
    +   "@1200px:
    +   - navigation failed: page.goto: net::ERR_CONNECTION_REFUSED at http://localhost:3058/admin/catalog/hsn-codes",
    +   "@768px:
    +   - navigation failed: page.goto: net::ERR_CONNECTION_REFUSED at http://localhost:3058/admin/catalog/hsn-codes",
    +   "@480px:
    +   - navigation failed: page.goto: net::ERR_CONNECTION_REFUSED at http://localhost:3058/admin/catalog/hsn-codes",
    +   "@375px:
    +   - navigation failed: page.goto: net::ERR_CONNECTION_REFUSED at http://localhost:3058/admin/catalog/hsn-codes",
    + ]

      12 |   await testInfo.attach("matrix", { body: JSON.stringify({ route, url, results }), contentType: "application/json" });
      13 |   const failed = results.filter((r) => r.issues.length).map((r) => `@${r.viewport}px:\n  - ${r.issues.join("\n  - ")}`);
    > 14 |   expect(failed, `${url}\n${failed.join("\n")}`).toEqual([]);
         |                                                  ^
      15 | }
      16 |
      17 | test.describe("admin routes x viewports", () => {
        at runMatrix (C:\Users\priyank\Desktop\Development\BharatAgrolink-admin\e2e\responsive.spec.mjs:14:50)
        at C:\Users\priyank\Desktop\Development\BharatAgrolink-admin\e2e\responsive.spec.mjs:20:7

    attachment #7: screenshot (image/png) ΓöÇΓöÇΓöÇΓöÇΓöÇΓöÇΓöÇΓöÇΓöÇΓöÇΓöÇΓöÇΓöÇΓöÇΓöÇΓöÇΓöÇΓöÇΓöÇΓöÇΓöÇΓöÇΓöÇΓöÇΓöÇΓöÇΓöÇΓöÇΓöÇΓöÇΓöÇΓöÇΓöÇΓöÇΓöÇΓöÇΓöÇΓöÇΓöÇΓöÇΓöÇΓöÇΓöÇΓöÇΓöÇΓöÇΓöÇΓöÇΓöÇΓöÇΓöÇΓöÇΓöÇΓöÇΓöÇΓöÇΓöÇΓöÇ
    test-results\responsive-admin-routes-x-viewports-admin-catalog-hsn-codes-chromium\test-failed-1.png
    ΓöÇΓöÇΓöÇΓöÇΓöÇΓöÇΓöÇΓöÇΓöÇΓöÇΓöÇΓöÇΓöÇΓöÇΓöÇΓöÇΓöÇΓöÇΓöÇΓöÇΓöÇΓöÇΓöÇΓöÇΓöÇΓöÇΓöÇΓöÇΓöÇΓöÇΓöÇΓöÇΓöÇΓöÇΓöÇΓöÇΓöÇΓöÇΓöÇΓöÇΓöÇΓöÇΓöÇΓöÇΓöÇΓöÇΓöÇΓöÇΓöÇΓöÇΓöÇΓöÇΓöÇΓöÇΓöÇΓöÇΓöÇΓöÇΓöÇΓöÇΓöÇΓöÇΓöÇΓöÇΓöÇΓöÇΓöÇΓöÇΓöÇΓöÇΓöÇΓöÇΓöÇΓöÇΓöÇΓöÇΓöÇΓöÇΓöÇΓöÇΓöÇΓöÇΓöÇΓöÇΓöÇΓöÇΓöÇΓöÇΓöÇΓöÇΓöÇΓöÇΓöÇΓöÇΓöÇΓöÇ

    Error Context: test-results\responsive-admin-routes-x-viewports-admin-catalog-hsn-codes-chromium\error-context.md

    attachment #9: trace (application/zip) ΓöÇΓöÇΓöÇΓöÇΓöÇΓöÇΓöÇΓöÇΓöÇΓöÇΓöÇΓöÇΓöÇΓöÇΓöÇΓöÇΓöÇΓöÇΓöÇΓöÇΓöÇΓöÇΓöÇΓöÇΓöÇΓöÇΓöÇΓöÇΓöÇΓöÇΓöÇΓöÇΓöÇΓöÇΓöÇΓöÇΓöÇΓöÇΓöÇΓöÇΓöÇΓöÇΓöÇΓöÇΓöÇΓöÇΓöÇΓöÇΓöÇΓöÇΓöÇΓöÇΓöÇΓöÇΓöÇΓöÇΓöÇ
    test-results\responsive-admin-routes-x-viewports-admin-catalog-hsn-codes-chromium\trace.zip
    Usage:

        npx playwright show-trace test-results\responsive-admin-routes-x-viewports-admin-catalog-hsn-codes-chromium\trace.zip

    ΓöÇΓöÇΓöÇΓöÇΓöÇΓöÇΓöÇΓöÇΓöÇΓöÇΓöÇΓöÇΓöÇΓöÇΓöÇΓöÇΓöÇΓöÇΓöÇΓöÇΓöÇΓöÇΓöÇΓöÇΓöÇΓöÇΓöÇΓöÇΓöÇΓöÇΓöÇΓöÇΓöÇΓöÇΓöÇΓöÇΓöÇΓöÇΓöÇΓöÇΓöÇΓöÇΓöÇΓöÇΓöÇΓöÇΓöÇΓöÇΓöÇΓöÇΓöÇΓöÇΓöÇΓöÇΓöÇΓöÇΓöÇΓöÇΓöÇΓöÇΓöÇΓöÇΓöÇΓöÇΓöÇΓöÇΓöÇΓöÇΓöÇΓöÇΓöÇΓöÇΓöÇΓöÇΓöÇΓöÇΓöÇΓöÇΓöÇΓöÇΓöÇΓöÇΓöÇΓöÇΓöÇΓöÇΓöÇΓöÇΓöÇΓöÇΓöÇΓöÇΓöÇΓöÇΓöÇΓöÇ

  37) [chromium] ΓÇ║ e2e\responsive.spec.mjs:19:5 ΓÇ║ admin routes x viewports ΓÇ║ /admin/catalog/return-policies 

    Error: /admin/catalog/return-policies
    @1600px:
      - navigation failed: page.goto: net::ERR_CONNECTION_REFUSED at http://localhost:3058/admin/catalog/return-policies
    @1200px:
      - navigation failed: page.goto: net::ERR_CONNECTION_REFUSED at http://localhost:3058/admin/catalog/return-policies
    @768px:
      - navigation failed: page.goto: net::ERR_CONNECTION_REFUSED at http://localhost:3058/admin/catalog/return-policies
    @480px:
      - navigation failed: page.goto: net::ERR_CONNECTION_REFUSED at http://localhost:3058/admin/catalog/return-policies
    @375px:
      - navigation failed: page.goto: net::ERR_CONNECTION_REFUSED at http://localhost:3058/admin/catalog/return-policies

    expect(received).toEqual(expected) // deep equality

    - Expected  -  1
    + Received  + 12

    - Array []
    + Array [
    +   "@1600px:
    +   - navigation failed: page.goto: net::ERR_CONNECTION_REFUSED at http://localhost:3058/admin/catalog/return-policies",
    +   "@1200px:
    +   - navigation failed: page.goto: net::ERR_CONNECTION_REFUSED at http://localhost:3058/admin/catalog/return-policies",
    +   "@768px:
    +   - navigation failed: page.goto: net::ERR_CONNECTION_REFUSED at http://localhost:3058/admin/catalog/return-policies",
    +   "@480px:
    +   - navigation failed: page.goto: net::ERR_CONNECTION_REFUSED at http://localhost:3058/admin/catalog/return-policies",
    +   "@375px:
    +   - navigation failed: page.goto: net::ERR_CONNECTION_REFUSED at http://localhost:3058/admin/catalog/return-policies",
    + ]

      12 |   await testInfo.attach("matrix", { body: JSON.stringify({ route, url, results }), contentType: "application/json" });
      13 |   const failed = results.filter((r) => r.issues.length).map((r) => `@${r.viewport}px:\n  - ${r.issues.join("\n  - ")}`);
    > 14 |   expect(failed, `${url}\n${failed.join("\n")}`).toEqual([]);
         |                                                  ^
      15 | }
      16 |
      17 | test.describe("admin routes x viewports", () => {
        at runMatrix (C:\Users\priyank\Desktop\Development\BharatAgrolink-admin\e2e\responsive.spec.mjs:14:50)
        at C:\Users\priyank\Desktop\Development\BharatAgrolink-admin\e2e\responsive.spec.mjs:20:7

    attachment #7: screenshot (image/png) ΓöÇΓöÇΓöÇΓöÇΓöÇΓöÇΓöÇΓöÇΓöÇΓöÇΓöÇΓöÇΓöÇΓöÇΓöÇΓöÇΓöÇΓöÇΓöÇΓöÇΓöÇΓöÇΓöÇΓöÇΓöÇΓöÇΓöÇΓöÇΓöÇΓöÇΓöÇΓöÇΓöÇΓöÇΓöÇΓöÇΓöÇΓöÇΓöÇΓöÇΓöÇΓöÇΓöÇΓöÇΓöÇΓöÇΓöÇΓöÇΓöÇΓöÇΓöÇΓöÇΓöÇΓöÇΓöÇΓöÇΓöÇΓöÇ
    test-results\responsive-admin-routes-x--5f07c-min-catalog-return-policies-chromium\test-failed-1.png
    ΓöÇΓöÇΓöÇΓöÇΓöÇΓöÇΓöÇΓöÇΓöÇΓöÇΓöÇΓöÇΓöÇΓöÇΓöÇΓöÇΓöÇΓöÇΓöÇΓöÇΓöÇΓöÇΓöÇΓöÇΓöÇΓöÇΓöÇΓöÇΓöÇΓöÇΓöÇΓöÇΓöÇΓöÇΓöÇΓöÇΓöÇΓöÇΓöÇΓöÇΓöÇΓöÇΓöÇΓöÇΓöÇΓöÇΓöÇΓöÇΓöÇΓöÇΓöÇΓöÇΓöÇΓöÇΓöÇΓöÇΓöÇΓöÇΓöÇΓöÇΓöÇΓöÇΓöÇΓöÇΓöÇΓöÇΓöÇΓöÇΓöÇΓöÇΓöÇΓöÇΓöÇΓöÇΓöÇΓöÇΓöÇΓöÇΓöÇΓöÇΓöÇΓöÇΓöÇΓöÇΓöÇΓöÇΓöÇΓöÇΓöÇΓöÇΓöÇΓöÇΓöÇΓöÇΓöÇΓöÇ

    Error Context: test-results\responsive-admin-routes-x--5f07c-min-catalog-return-policies-chromium\error-context.md

    attachment #9: trace (application/zip) ΓöÇΓöÇΓöÇΓöÇΓöÇΓöÇΓöÇΓöÇΓöÇΓöÇΓöÇΓöÇΓöÇΓöÇΓöÇΓöÇΓöÇΓöÇΓöÇΓöÇΓöÇΓöÇΓöÇΓöÇΓöÇΓöÇΓöÇΓöÇΓöÇΓöÇΓöÇΓöÇΓöÇΓöÇΓöÇΓöÇΓöÇΓöÇΓöÇΓöÇΓöÇΓöÇΓöÇΓöÇΓöÇΓöÇΓöÇΓöÇΓöÇΓöÇΓöÇΓöÇΓöÇΓöÇΓöÇΓöÇΓöÇ
    test-results\responsive-admin-routes-x--5f07c-min-catalog-return-policies-chromium\trace.zip
    Usage:

        npx playwright show-trace test-results\responsive-admin-routes-x--5f07c-min-catalog-return-policies-chromium\trace.zip

    ΓöÇΓöÇΓöÇΓöÇΓöÇΓöÇΓöÇΓöÇΓöÇΓöÇΓöÇΓöÇΓöÇΓöÇΓöÇΓöÇΓöÇΓöÇΓöÇΓöÇΓöÇΓöÇΓöÇΓöÇΓöÇΓöÇΓöÇΓöÇΓöÇΓöÇΓöÇΓöÇΓöÇΓöÇΓöÇΓöÇΓöÇΓöÇΓöÇΓöÇΓöÇΓöÇΓöÇΓöÇΓöÇΓöÇΓöÇΓöÇΓöÇΓöÇΓöÇΓöÇΓöÇΓöÇΓöÇΓöÇΓöÇΓöÇΓöÇΓöÇΓöÇΓöÇΓöÇΓöÇΓöÇΓöÇΓöÇΓöÇΓöÇΓöÇΓöÇΓöÇΓöÇΓöÇΓöÇΓöÇΓöÇΓöÇΓöÇΓöÇΓöÇΓöÇΓöÇΓöÇΓöÇΓöÇΓöÇΓöÇΓöÇΓöÇΓöÇΓöÇΓöÇΓöÇΓöÇΓöÇ

  38) [chromium] ΓÇ║ e2e\responsive.spec.mjs:19:5 ΓÇ║ admin routes x viewports ΓÇ║ /admin/catalog/return-policies/pending 

    Error: /admin/catalog/return-policies/pending
    @1600px:
      - navigation failed: page.goto: net::ERR_CONNECTION_REFUSED at http://localhost:3058/admin/catalog/return-policies/pending
    @1200px:
      - navigation failed: page.goto: net::ERR_CONNECTION_REFUSED at http://localhost:3058/admin/catalog/return-policies/pending
    @768px:
      - navigation failed: page.goto: net::ERR_CONNECTION_REFUSED at http://localhost:3058/admin/catalog/return-policies/pending
    @480px:
      - navigation failed: page.goto: net::ERR_CONNECTION_REFUSED at http://localhost:3058/admin/catalog/return-policies/pending
    @375px:
      - navigation failed: page.goto: net::ERR_CONNECTION_REFUSED at http://localhost:3058/admin/catalog/return-policies/pending

    expect(received).toEqual(expected) // deep equality

    - Expected  -  1
    + Received  + 12

    - Array []
    + Array [
    +   "@1600px:
    +   - navigation failed: page.goto: net::ERR_CONNECTION_REFUSED at http://localhost:3058/admin/catalog/return-policies/pending",
    +   "@1200px:
    +   - navigation failed: page.goto: net::ERR_CONNECTION_REFUSED at http://localhost:3058/admin/catalog/return-policies/pending",
    +   "@768px:
    +   - navigation failed: page.goto: net::ERR_CONNECTION_REFUSED at http://localhost:3058/admin/catalog/return-policies/pending",
    +   "@480px:
    +   - navigation failed: page.goto: net::ERR_CONNECTION_REFUSED at http://localhost:3058/admin/catalog/return-policies/pending",
    +   "@375px:
    +   - navigation failed: page.goto: net::ERR_CONNECTION_REFUSED at http://localhost:3058/admin/catalog/return-policies/pending",
    + ]

      12 |   await testInfo.attach("matrix", { body: JSON.stringify({ route, url, results }), contentType: "application/json" });
      13 |   const failed = results.filter((r) => r.issues.length).map((r) => `@${r.viewport}px:\n  - ${r.issues.join("\n  - ")}`);
    > 14 |   expect(failed, `${url}\n${failed.join("\n")}`).toEqual([]);
         |                                                  ^
      15 | }
      16 |
      17 | test.describe("admin routes x viewports", () => {
        at runMatrix (C:\Users\priyank\Desktop\Development\BharatAgrolink-admin\e2e\responsive.spec.mjs:14:50)
        at C:\Users\priyank\Desktop\Development\BharatAgrolink-admin\e2e\responsive.spec.mjs:20:7

    attachment #7: screenshot (image/png) ΓöÇΓöÇΓöÇΓöÇΓöÇΓöÇΓöÇΓöÇΓöÇΓöÇΓöÇΓöÇΓöÇΓöÇΓöÇΓöÇΓöÇΓöÇΓöÇΓöÇΓöÇΓöÇΓöÇΓöÇΓöÇΓöÇΓöÇΓöÇΓöÇΓöÇΓöÇΓöÇΓöÇΓöÇΓöÇΓöÇΓöÇΓöÇΓöÇΓöÇΓöÇΓöÇΓöÇΓöÇΓöÇΓöÇΓöÇΓöÇΓöÇΓöÇΓöÇΓöÇΓöÇΓöÇΓöÇΓöÇΓöÇΓöÇ
    test-results\responsive-admin-routes-x--c6126-log-return-policies-pending-chromium\test-failed-1.png
    ΓöÇΓöÇΓöÇΓöÇΓöÇΓöÇΓöÇΓöÇΓöÇΓöÇΓöÇΓöÇΓöÇΓöÇΓöÇΓöÇΓöÇΓöÇΓöÇΓöÇΓöÇΓöÇΓöÇΓöÇΓöÇΓöÇΓöÇΓöÇΓöÇΓöÇΓöÇΓöÇΓöÇΓöÇΓöÇΓöÇΓöÇΓöÇΓöÇΓöÇΓöÇΓöÇΓöÇΓöÇΓöÇΓöÇΓöÇΓöÇΓöÇΓöÇΓöÇΓöÇΓöÇΓöÇΓöÇΓöÇΓöÇΓöÇΓöÇΓöÇΓöÇΓöÇΓöÇΓöÇΓöÇΓöÇΓöÇΓöÇΓöÇΓöÇΓöÇΓöÇΓöÇΓöÇΓöÇΓöÇΓöÇΓöÇΓöÇΓöÇΓöÇΓöÇΓöÇΓöÇΓöÇΓöÇΓöÇΓöÇΓöÇΓöÇΓöÇΓöÇΓöÇΓöÇΓöÇΓöÇ

    Error Context: test-results\responsive-admin-routes-x--c6126-log-return-policies-pending-chromium\error-context.md

    attachment #9: trace (application/zip) ΓöÇΓöÇΓöÇΓöÇΓöÇΓöÇΓöÇΓöÇΓöÇΓöÇΓöÇΓöÇΓöÇΓöÇΓöÇΓöÇΓöÇΓöÇΓöÇΓöÇΓöÇΓöÇΓöÇΓöÇΓöÇΓöÇΓöÇΓöÇΓöÇΓöÇΓöÇΓöÇΓöÇΓöÇΓöÇΓöÇΓöÇΓöÇΓöÇΓöÇΓöÇΓöÇΓöÇΓöÇΓöÇΓöÇΓöÇΓöÇΓöÇΓöÇΓöÇΓöÇΓöÇΓöÇΓöÇΓöÇΓöÇ
    test-results\responsive-admin-routes-x--c6126-log-return-policies-pending-chromium\trace.zip
    Usage:

        npx playwright show-trace test-results\responsive-admin-routes-x--c6126-log-return-policies-pending-chromium\trace.zip

    ΓöÇΓöÇΓöÇΓöÇΓöÇΓöÇΓöÇΓöÇΓöÇΓöÇΓöÇΓöÇΓöÇΓöÇΓöÇΓöÇΓöÇΓöÇΓöÇΓöÇΓöÇΓöÇΓöÇΓöÇΓöÇΓöÇΓöÇΓöÇΓöÇΓöÇΓöÇΓöÇΓöÇΓöÇΓöÇΓöÇΓöÇΓöÇΓöÇΓöÇΓöÇΓöÇΓöÇΓöÇΓöÇΓöÇΓöÇΓöÇΓöÇΓöÇΓöÇΓöÇΓöÇΓöÇΓöÇΓöÇΓöÇΓöÇΓöÇΓöÇΓöÇΓöÇΓöÇΓöÇΓöÇΓöÇΓöÇΓöÇΓöÇΓöÇΓöÇΓöÇΓöÇΓöÇΓöÇΓöÇΓöÇΓöÇΓöÇΓöÇΓöÇΓöÇΓöÇΓöÇΓöÇΓöÇΓöÇΓöÇΓöÇΓöÇΓöÇΓöÇΓöÇΓöÇΓöÇΓöÇ

  39) [chromium] ΓÇ║ e2e\responsive.spec.mjs:19:5 ΓÇ║ admin routes x viewports ΓÇ║ /admin/catalog/tax-classes 

    Error: /admin/catalog/tax-classes
    @1600px:
      - navigation failed: page.goto: net::ERR_CONNECTION_REFUSED at http://localhost:3058/admin/catalog/tax-classes
    @1200px:
      - navigation failed: page.goto: net::ERR_CONNECTION_REFUSED at http://localhost:3058/admin/catalog/tax-classes
    @768px:
      - navigation failed: page.goto: net::ERR_CONNECTION_REFUSED at http://localhost:3058/admin/catalog/tax-classes
    @480px:
      - navigation failed: page.goto: net::ERR_CONNECTION_REFUSED at http://localhost:3058/admin/catalog/tax-classes
    @375px:
      - navigation failed: page.goto: net::ERR_CONNECTION_REFUSED at http://localhost:3058/admin/catalog/tax-classes

    expect(received).toEqual(expected) // deep equality

    - Expected  -  1
    + Received  + 12

    - Array []
    + Array [
    +   "@1600px:
    +   - navigation failed: page.goto: net::ERR_CONNECTION_REFUSED at http://localhost:3058/admin/catalog/tax-classes",
    +   "@1200px:
    +   - navigation failed: page.goto: net::ERR_CONNECTION_REFUSED at http://localhost:3058/admin/catalog/tax-classes",
    +   "@768px:
    +   - navigation failed: page.goto: net::ERR_CONNECTION_REFUSED at http://localhost:3058/admin/catalog/tax-classes",
    +   "@480px:
    +   - navigation failed: page.goto: net::ERR_CONNECTION_REFUSED at http://localhost:3058/admin/catalog/tax-classes",
    +   "@375px:
    +   - navigation failed: page.goto: net::ERR_CONNECTION_REFUSED at http://localhost:3058/admin/catalog/tax-classes",
    + ]

      12 |   await testInfo.attach("matrix", { body: JSON.stringify({ route, url, results }), contentType: "application/json" });
      13 |   const failed = results.filter((r) => r.issues.length).map((r) => `@${r.viewport}px:\n  - ${r.issues.join("\n  - ")}`);
    > 14 |   expect(failed, `${url}\n${failed.join("\n")}`).toEqual([]);
         |                                                  ^
      15 | }
      16 |
      17 | test.describe("admin routes x viewports", () => {
        at runMatrix (C:\Users\priyank\Desktop\Development\BharatAgrolink-admin\e2e\responsive.spec.mjs:14:50)
        at C:\Users\priyank\Desktop\Development\BharatAgrolink-admin\e2e\responsive.spec.mjs:20:7

    attachment #7: screenshot (image/png) ΓöÇΓöÇΓöÇΓöÇΓöÇΓöÇΓöÇΓöÇΓöÇΓöÇΓöÇΓöÇΓöÇΓöÇΓöÇΓöÇΓöÇΓöÇΓöÇΓöÇΓöÇΓöÇΓöÇΓöÇΓöÇΓöÇΓöÇΓöÇΓöÇΓöÇΓöÇΓöÇΓöÇΓöÇΓöÇΓöÇΓöÇΓöÇΓöÇΓöÇΓöÇΓöÇΓöÇΓöÇΓöÇΓöÇΓöÇΓöÇΓöÇΓöÇΓöÇΓöÇΓöÇΓöÇΓöÇΓöÇΓöÇΓöÇ
    test-results\responsive-admin-routes-x--6ddb1-s-admin-catalog-tax-classes-chromium\test-failed-1.png
    ΓöÇΓöÇΓöÇΓöÇΓöÇΓöÇΓöÇΓöÇΓöÇΓöÇΓöÇΓöÇΓöÇΓöÇΓöÇΓöÇΓöÇΓöÇΓöÇΓöÇΓöÇΓöÇΓöÇΓöÇΓöÇΓöÇΓöÇΓöÇΓöÇΓöÇΓöÇΓöÇΓöÇΓöÇΓöÇΓöÇΓöÇΓöÇΓöÇΓöÇΓöÇΓöÇΓöÇΓöÇΓöÇΓöÇΓöÇΓöÇΓöÇΓöÇΓöÇΓöÇΓöÇΓöÇΓöÇΓöÇΓöÇΓöÇΓöÇΓöÇΓöÇΓöÇΓöÇΓöÇΓöÇΓöÇΓöÇΓöÇΓöÇΓöÇΓöÇΓöÇΓöÇΓöÇΓöÇΓöÇΓöÇΓöÇΓöÇΓöÇΓöÇΓöÇΓöÇΓöÇΓöÇΓöÇΓöÇΓöÇΓöÇΓöÇΓöÇΓöÇΓöÇΓöÇΓöÇΓöÇ

    Error Context: test-results\responsive-admin-routes-x--6ddb1-s-admin-catalog-tax-classes-chromium\error-context.md

    attachment #9: trace (application/zip) ΓöÇΓöÇΓöÇΓöÇΓöÇΓöÇΓöÇΓöÇΓöÇΓöÇΓöÇΓöÇΓöÇΓöÇΓöÇΓöÇΓöÇΓöÇΓöÇΓöÇΓöÇΓöÇΓöÇΓöÇΓöÇΓöÇΓöÇΓöÇΓöÇΓöÇΓöÇΓöÇΓöÇΓöÇΓöÇΓöÇΓöÇΓöÇΓöÇΓöÇΓöÇΓöÇΓöÇΓöÇΓöÇΓöÇΓöÇΓöÇΓöÇΓöÇΓöÇΓöÇΓöÇΓöÇΓöÇΓöÇΓöÇ
    test-results\responsive-admin-routes-x--6ddb1-s-admin-catalog-tax-classes-chromium\trace.zip
    Usage:

        npx playwright show-trace test-results\responsive-admin-routes-x--6ddb1-s-admin-catalog-tax-classes-chromium\trace.zip

    ΓöÇΓöÇΓöÇΓöÇΓöÇΓöÇΓöÇΓöÇΓöÇΓöÇΓöÇΓöÇΓöÇΓöÇΓöÇΓöÇΓöÇΓöÇΓöÇΓöÇΓöÇΓöÇΓöÇΓöÇΓöÇΓöÇΓöÇΓöÇΓöÇΓöÇΓöÇΓöÇΓöÇΓöÇΓöÇΓöÇΓöÇΓöÇΓöÇΓöÇΓöÇΓöÇΓöÇΓöÇΓöÇΓöÇΓöÇΓöÇΓöÇΓöÇΓöÇΓöÇΓöÇΓöÇΓöÇΓöÇΓöÇΓöÇΓöÇΓöÇΓöÇΓöÇΓöÇΓöÇΓöÇΓöÇΓöÇΓöÇΓöÇΓöÇΓöÇΓöÇΓöÇΓöÇΓöÇΓöÇΓöÇΓöÇΓöÇΓöÇΓöÇΓöÇΓöÇΓöÇΓöÇΓöÇΓöÇΓöÇΓöÇΓöÇΓöÇΓöÇΓöÇΓöÇΓöÇΓöÇ

  40) [chromium] ΓÇ║ e2e\responsive.spec.mjs:19:5 ΓÇ║ admin routes x viewports ΓÇ║ /admin/catalog/tax-classes/pending 

    Error: /admin/catalog/tax-classes/pending
    @1600px:
      - navigation failed: page.goto: net::ERR_CONNECTION_REFUSED at http://localhost:3058/admin/catalog/tax-classes/pending
    @1200px:
      - navigation failed: page.goto: net::ERR_CONNECTION_REFUSED at http://localhost:3058/admin/catalog/tax-classes/pending
    @768px:
      - navigation failed: page.goto: net::ERR_CONNECTION_REFUSED at http://localhost:3058/admin/catalog/tax-classes/pending
    @480px:
      - navigation failed: page.goto: net::ERR_CONNECTION_REFUSED at http://localhost:3058/admin/catalog/tax-classes/pending
    @375px:
      - navigation failed: page.goto: net::ERR_CONNECTION_REFUSED at http://localhost:3058/admin/catalog/tax-classes/pending

    expect(received).toEqual(expected) // deep equality

    - Expected  -  1
    + Received  + 12

    - Array []
    + Array [
    +   "@1600px:
    +   - navigation failed: page.goto: net::ERR_CONNECTION_REFUSED at http://localhost:3058/admin/catalog/tax-classes/pending",
    +   "@1200px:
    +   - navigation failed: page.goto: net::ERR_CONNECTION_REFUSED at http://localhost:3058/admin/catalog/tax-classes/pending",
    +   "@768px:
    +   - navigation failed: page.goto: net::ERR_CONNECTION_REFUSED at http://localhost:3058/admin/catalog/tax-classes/pending",
    +   "@480px:
    +   - navigation failed: page.goto: net::ERR_CONNECTION_REFUSED at http://localhost:3058/admin/catalog/tax-classes/pending",
    +   "@375px:
    +   - navigation failed: page.goto: net::ERR_CONNECTION_REFUSED at http://localhost:3058/admin/catalog/tax-classes/pending",
    + ]

      12 |   await testInfo.attach("matrix", { body: JSON.stringify({ route, url, results }), contentType: "application/json" });
      13 |   const failed = results.filter((r) => r.issues.length).map((r) => `@${r.viewport}px:\n  - ${r.issues.join("\n  - ")}`);
    > 14 |   expect(failed, `${url}\n${failed.join("\n")}`).toEqual([]);
         |                                                  ^
      15 | }
      16 |
      17 | test.describe("admin routes x viewports", () => {
        at runMatrix (C:\Users\priyank\Desktop\Development\BharatAgrolink-admin\e2e\responsive.spec.mjs:14:50)
        at C:\Users\priyank\Desktop\Development\BharatAgrolink-admin\e2e\responsive.spec.mjs:20:7

    attachment #7: screenshot (image/png) ΓöÇΓöÇΓöÇΓöÇΓöÇΓöÇΓöÇΓöÇΓöÇΓöÇΓöÇΓöÇΓöÇΓöÇΓöÇΓöÇΓöÇΓöÇΓöÇΓöÇΓöÇΓöÇΓöÇΓöÇΓöÇΓöÇΓöÇΓöÇΓöÇΓöÇΓöÇΓöÇΓöÇΓöÇΓöÇΓöÇΓöÇΓöÇΓöÇΓöÇΓöÇΓöÇΓöÇΓöÇΓöÇΓöÇΓöÇΓöÇΓöÇΓöÇΓöÇΓöÇΓöÇΓöÇΓöÇΓöÇΓöÇΓöÇ
    test-results\responsive-admin-routes-x--39925-catalog-tax-classes-pending-chromium\test-failed-1.png
    ΓöÇΓöÇΓöÇΓöÇΓöÇΓöÇΓöÇΓöÇΓöÇΓöÇΓöÇΓöÇΓöÇΓöÇΓöÇΓöÇΓöÇΓöÇΓöÇΓöÇΓöÇΓöÇΓöÇΓöÇΓöÇΓöÇΓöÇΓöÇΓöÇΓöÇΓöÇΓöÇΓöÇΓöÇΓöÇΓöÇΓöÇΓöÇΓöÇΓöÇΓöÇΓöÇΓöÇΓöÇΓöÇΓöÇΓöÇΓöÇΓöÇΓöÇΓöÇΓöÇΓöÇΓöÇΓöÇΓöÇΓöÇΓöÇΓöÇΓöÇΓöÇΓöÇΓöÇΓöÇΓöÇΓöÇΓöÇΓöÇΓöÇΓöÇΓöÇΓöÇΓöÇΓöÇΓöÇΓöÇΓöÇΓöÇΓöÇΓöÇΓöÇΓöÇΓöÇΓöÇΓöÇΓöÇΓöÇΓöÇΓöÇΓöÇΓöÇΓöÇΓöÇΓöÇΓöÇΓöÇ

    Error Context: test-results\responsive-admin-routes-x--39925-catalog-tax-classes-pending-chromium\error-context.md

    attachment #9: trace (application/zip) ΓöÇΓöÇΓöÇΓöÇΓöÇΓöÇΓöÇΓöÇΓöÇΓöÇΓöÇΓöÇΓöÇΓöÇΓöÇΓöÇΓöÇΓöÇΓöÇΓöÇΓöÇΓöÇΓöÇΓöÇΓöÇΓöÇΓöÇΓöÇΓöÇΓöÇΓöÇΓöÇΓöÇΓöÇΓöÇΓöÇΓöÇΓöÇΓöÇΓöÇΓöÇΓöÇΓöÇΓöÇΓöÇΓöÇΓöÇΓöÇΓöÇΓöÇΓöÇΓöÇΓöÇΓöÇΓöÇΓöÇΓöÇ
    test-results\responsive-admin-routes-x--39925-catalog-tax-classes-pending-chromium\trace.zip
    Usage:

        npx playwright show-trace test-results\responsive-admin-routes-x--39925-catalog-tax-classes-pending-chromium\trace.zip

    ΓöÇΓöÇΓöÇΓöÇΓöÇΓöÇΓöÇΓöÇΓöÇΓöÇΓöÇΓöÇΓöÇΓöÇΓöÇΓöÇΓöÇΓöÇΓöÇΓöÇΓöÇΓöÇΓöÇΓöÇΓöÇΓöÇΓöÇΓöÇΓöÇΓöÇΓöÇΓöÇΓöÇΓöÇΓöÇΓöÇΓöÇΓöÇΓöÇΓöÇΓöÇΓöÇΓöÇΓöÇΓöÇΓöÇΓöÇΓöÇΓöÇΓöÇΓöÇΓöÇΓöÇΓöÇΓöÇΓöÇΓöÇΓöÇΓöÇΓöÇΓöÇΓöÇΓöÇΓöÇΓöÇΓöÇΓöÇΓöÇΓöÇΓöÇΓöÇΓöÇΓöÇΓöÇΓöÇΓöÇΓöÇΓöÇΓöÇΓöÇΓöÇΓöÇΓöÇΓöÇΓöÇΓöÇΓöÇΓöÇΓöÇΓöÇΓöÇΓöÇΓöÇΓöÇΓöÇΓöÇ

  41) [chromium] ΓÇ║ e2e\responsive.spec.mjs:19:5 ΓÇ║ admin routes x viewports ΓÇ║ /admin/ceo-matrix ΓöÇΓöÇΓöÇΓöÇΓöÇ

    Error: /admin/ceo-matrix
    @1600px:
      - navigation failed: page.goto: net::ERR_CONNECTION_REFUSED at http://localhost:3058/admin/ceo-matrix
    @1200px:
      - navigation failed: page.goto: net::ERR_CONNECTION_REFUSED at http://localhost:3058/admin/ceo-matrix
    @768px:
      - navigation failed: page.goto: net::ERR_CONNECTION_REFUSED at http://localhost:3058/admin/ceo-matrix
    @480px:
      - navigation failed: page.goto: net::ERR_CONNECTION_REFUSED at http://localhost:3058/admin/ceo-matrix
    @375px:
      - navigation failed: page.goto: net::ERR_CONNECTION_REFUSED at http://localhost:3058/admin/ceo-matrix

    expect(received).toEqual(expected) // deep equality

    - Expected  -  1
    + Received  + 12

    - Array []
    + Array [
    +   "@1600px:
    +   - navigation failed: page.goto: net::ERR_CONNECTION_REFUSED at http://localhost:3058/admin/ceo-matrix",
    +   "@1200px:
    +   - navigation failed: page.goto: net::ERR_CONNECTION_REFUSED at http://localhost:3058/admin/ceo-matrix",
    +   "@768px:
    +   - navigation failed: page.goto: net::ERR_CONNECTION_REFUSED at http://localhost:3058/admin/ceo-matrix",
    +   "@480px:
    +   - navigation failed: page.goto: net::ERR_CONNECTION_REFUSED at http://localhost:3058/admin/ceo-matrix",
    +   "@375px:
    +   - navigation failed: page.goto: net::ERR_CONNECTION_REFUSED at http://localhost:3058/admin/ceo-matrix",
    + ]

      12 |   await testInfo.attach("matrix", { body: JSON.stringify({ route, url, results }), contentType: "application/json" });
      13 |   const failed = results.filter((r) => r.issues.length).map((r) => `@${r.viewport}px:\n  - ${r.issues.join("\n  - ")}`);
    > 14 |   expect(failed, `${url}\n${failed.join("\n")}`).toEqual([]);
         |                                                  ^
      15 | }
      16 |
      17 | test.describe("admin routes x viewports", () => {
        at runMatrix (C:\Users\priyank\Desktop\Development\BharatAgrolink-admin\e2e\responsive.spec.mjs:14:50)
        at C:\Users\priyank\Desktop\Development\BharatAgrolink-admin\e2e\responsive.spec.mjs:20:7

    attachment #7: screenshot (image/png) ΓöÇΓöÇΓöÇΓöÇΓöÇΓöÇΓöÇΓöÇΓöÇΓöÇΓöÇΓöÇΓöÇΓöÇΓöÇΓöÇΓöÇΓöÇΓöÇΓöÇΓöÇΓöÇΓöÇΓöÇΓöÇΓöÇΓöÇΓöÇΓöÇΓöÇΓöÇΓöÇΓöÇΓöÇΓöÇΓöÇΓöÇΓöÇΓöÇΓöÇΓöÇΓöÇΓöÇΓöÇΓöÇΓöÇΓöÇΓöÇΓöÇΓöÇΓöÇΓöÇΓöÇΓöÇΓöÇΓöÇΓöÇΓöÇ
    test-results\responsive-admin-routes-x-viewports-admin-ceo-matrix-chromium\test-failed-1.png
    ΓöÇΓöÇΓöÇΓöÇΓöÇΓöÇΓöÇΓöÇΓöÇΓöÇΓöÇΓöÇΓöÇΓöÇΓöÇΓöÇΓöÇΓöÇΓöÇΓöÇΓöÇΓöÇΓöÇΓöÇΓöÇΓöÇΓöÇΓöÇΓöÇΓöÇΓöÇΓöÇΓöÇΓöÇΓöÇΓöÇΓöÇΓöÇΓöÇΓöÇΓöÇΓöÇΓöÇΓöÇΓöÇΓöÇΓöÇΓöÇΓöÇΓöÇΓöÇΓöÇΓöÇΓöÇΓöÇΓöÇΓöÇΓöÇΓöÇΓöÇΓöÇΓöÇΓöÇΓöÇΓöÇΓöÇΓöÇΓöÇΓöÇΓöÇΓöÇΓöÇΓöÇΓöÇΓöÇΓöÇΓöÇΓöÇΓöÇΓöÇΓöÇΓöÇΓöÇΓöÇΓöÇΓöÇΓöÇΓöÇΓöÇΓöÇΓöÇΓöÇΓöÇΓöÇΓöÇΓöÇ

    Error Context: test-results\responsive-admin-routes-x-viewports-admin-ceo-matrix-chromium\error-context.md

    attachment #9: trace (application/zip) ΓöÇΓöÇΓöÇΓöÇΓöÇΓöÇΓöÇΓöÇΓöÇΓöÇΓöÇΓöÇΓöÇΓöÇΓöÇΓöÇΓöÇΓöÇΓöÇΓöÇΓöÇΓöÇΓöÇΓöÇΓöÇΓöÇΓöÇΓöÇΓöÇΓöÇΓöÇΓöÇΓöÇΓöÇΓöÇΓöÇΓöÇΓöÇΓöÇΓöÇΓöÇΓöÇΓöÇΓöÇΓöÇΓöÇΓöÇΓöÇΓöÇΓöÇΓöÇΓöÇΓöÇΓöÇΓöÇΓöÇΓöÇ
    test-results\responsive-admin-routes-x-viewports-admin-ceo-matrix-chromium\trace.zip
    Usage:

        npx playwright show-trace test-results\responsive-admin-routes-x-viewports-admin-ceo-matrix-chromium\trace.zip

    ΓöÇΓöÇΓöÇΓöÇΓöÇΓöÇΓöÇΓöÇΓöÇΓöÇΓöÇΓöÇΓöÇΓöÇΓöÇΓöÇΓöÇΓöÇΓöÇΓöÇΓöÇΓöÇΓöÇΓöÇΓöÇΓöÇΓöÇΓöÇΓöÇΓöÇΓöÇΓöÇΓöÇΓöÇΓöÇΓöÇΓöÇΓöÇΓöÇΓöÇΓöÇΓöÇΓöÇΓöÇΓöÇΓöÇΓöÇΓöÇΓöÇΓöÇΓöÇΓöÇΓöÇΓöÇΓöÇΓöÇΓöÇΓöÇΓöÇΓöÇΓöÇΓöÇΓöÇΓöÇΓöÇΓöÇΓöÇΓöÇΓöÇΓöÇΓöÇΓöÇΓöÇΓöÇΓöÇΓöÇΓöÇΓöÇΓöÇΓöÇΓöÇΓöÇΓöÇΓöÇΓöÇΓöÇΓöÇΓöÇΓöÇΓöÇΓöÇΓöÇΓöÇΓöÇΓöÇΓöÇ

  42) [chromium] ΓÇ║ e2e\responsive.spec.mjs:19:5 ΓÇ║ admin routes x viewports ΓÇ║ /admin/cms/banners ΓöÇΓöÇΓöÇΓöÇ

    Error: /admin/cms/banners
    @1600px:
      - navigation failed: page.goto: net::ERR_CONNECTION_REFUSED at http://localhost:3058/admin/cms/banners
    @1200px:
      - navigation failed: page.goto: net::ERR_CONNECTION_REFUSED at http://localhost:3058/admin/cms/banners
    @768px:
      - navigation failed: page.goto: net::ERR_CONNECTION_REFUSED at http://localhost:3058/admin/cms/banners
    @480px:
      - navigation failed: page.goto: net::ERR_CONNECTION_REFUSED at http://localhost:3058/admin/cms/banners
    @375px:
      - navigation failed: page.goto: net::ERR_CONNECTION_REFUSED at http://localhost:3058/admin/cms/banners

    expect(received).toEqual(expected) // deep equality

    - Expected  -  1
    + Received  + 12

    - Array []
    + Array [
    +   "@1600px:
    +   - navigation failed: page.goto: net::ERR_CONNECTION_REFUSED at http://localhost:3058/admin/cms/banners",
    +   "@1200px:
    +   - navigation failed: page.goto: net::ERR_CONNECTION_REFUSED at http://localhost:3058/admin/cms/banners",
    +   "@768px:
    +   - navigation failed: page.goto: net::ERR_CONNECTION_REFUSED at http://localhost:3058/admin/cms/banners",
    +   "@480px:
    +   - navigation failed: page.goto: net::ERR_CONNECTION_REFUSED at http://localhost:3058/admin/cms/banners",
    +   "@375px:
    +   - navigation failed: page.goto: net::ERR_CONNECTION_REFUSED at http://localhost:3058/admin/cms/banners",
    + ]

      12 |   await testInfo.attach("matrix", { body: JSON.stringify({ route, url, results }), contentType: "application/json" });
      13 |   const failed = results.filter((r) => r.issues.length).map((r) => `@${r.viewport}px:\n  - ${r.issues.join("\n  - ")}`);
    > 14 |   expect(failed, `${url}\n${failed.join("\n")}`).toEqual([]);
         |                                                  ^
      15 | }
      16 |
      17 | test.describe("admin routes x viewports", () => {
        at runMatrix (C:\Users\priyank\Desktop\Development\BharatAgrolink-admin\e2e\responsive.spec.mjs:14:50)
        at C:\Users\priyank\Desktop\Development\BharatAgrolink-admin\e2e\responsive.spec.mjs:20:7

    attachment #7: screenshot (image/png) ΓöÇΓöÇΓöÇΓöÇΓöÇΓöÇΓöÇΓöÇΓöÇΓöÇΓöÇΓöÇΓöÇΓöÇΓöÇΓöÇΓöÇΓöÇΓöÇΓöÇΓöÇΓöÇΓöÇΓöÇΓöÇΓöÇΓöÇΓöÇΓöÇΓöÇΓöÇΓöÇΓöÇΓöÇΓöÇΓöÇΓöÇΓöÇΓöÇΓöÇΓöÇΓöÇΓöÇΓöÇΓöÇΓöÇΓöÇΓöÇΓöÇΓöÇΓöÇΓöÇΓöÇΓöÇΓöÇΓöÇΓöÇΓöÇ
    test-results\responsive-admin-routes-x-viewports-admin-cms-banners-chromium\test-failed-1.png
    ΓöÇΓöÇΓöÇΓöÇΓöÇΓöÇΓöÇΓöÇΓöÇΓöÇΓöÇΓöÇΓöÇΓöÇΓöÇΓöÇΓöÇΓöÇΓöÇΓöÇΓöÇΓöÇΓöÇΓöÇΓöÇΓöÇΓöÇΓöÇΓöÇΓöÇΓöÇΓöÇΓöÇΓöÇΓöÇΓöÇΓöÇΓöÇΓöÇΓöÇΓöÇΓöÇΓöÇΓöÇΓöÇΓöÇΓöÇΓöÇΓöÇΓöÇΓöÇΓöÇΓöÇΓöÇΓöÇΓöÇΓöÇΓöÇΓöÇΓöÇΓöÇΓöÇΓöÇΓöÇΓöÇΓöÇΓöÇΓöÇΓöÇΓöÇΓöÇΓöÇΓöÇΓöÇΓöÇΓöÇΓöÇΓöÇΓöÇΓöÇΓöÇΓöÇΓöÇΓöÇΓöÇΓöÇΓöÇΓöÇΓöÇΓöÇΓöÇΓöÇΓöÇΓöÇΓöÇΓöÇ

    Error Context: test-results\responsive-admin-routes-x-viewports-admin-cms-banners-chromium\error-context.md

    attachment #9: trace (application/zip) ΓöÇΓöÇΓöÇΓöÇΓöÇΓöÇΓöÇΓöÇΓöÇΓöÇΓöÇΓöÇΓöÇΓöÇΓöÇΓöÇΓöÇΓöÇΓöÇΓöÇΓöÇΓöÇΓöÇΓöÇΓöÇΓöÇΓöÇΓöÇΓöÇΓöÇΓöÇΓöÇΓöÇΓöÇΓöÇΓöÇΓöÇΓöÇΓöÇΓöÇΓöÇΓöÇΓöÇΓöÇΓöÇΓöÇΓöÇΓöÇΓöÇΓöÇΓöÇΓöÇΓöÇΓöÇΓöÇΓöÇΓöÇ
    test-results\responsive-admin-routes-x-viewports-admin-cms-banners-chromium\trace.zip
    Usage:

        npx playwright show-trace test-results\responsive-admin-routes-x-viewports-admin-cms-banners-chromium\trace.zip

    ΓöÇΓöÇΓöÇΓöÇΓöÇΓöÇΓöÇΓöÇΓöÇΓöÇΓöÇΓöÇΓöÇΓöÇΓöÇΓöÇΓöÇΓöÇΓöÇΓöÇΓöÇΓöÇΓöÇΓöÇΓöÇΓöÇΓöÇΓöÇΓöÇΓöÇΓöÇΓöÇΓöÇΓöÇΓöÇΓöÇΓöÇΓöÇΓöÇΓöÇΓöÇΓöÇΓöÇΓöÇΓöÇΓöÇΓöÇΓöÇΓöÇΓöÇΓöÇΓöÇΓöÇΓöÇΓöÇΓöÇΓöÇΓöÇΓöÇΓöÇΓöÇΓöÇΓöÇΓöÇΓöÇΓöÇΓöÇΓöÇΓöÇΓöÇΓöÇΓöÇΓöÇΓöÇΓöÇΓöÇΓöÇΓöÇΓöÇΓöÇΓöÇΓöÇΓöÇΓöÇΓöÇΓöÇΓöÇΓöÇΓöÇΓöÇΓöÇΓöÇΓöÇΓöÇΓöÇΓöÇ

  43) [chromium] ΓÇ║ e2e\responsive.spec.mjs:19:5 ΓÇ║ admin routes x viewports ΓÇ║ /admin/cms/blogs ΓöÇΓöÇΓöÇΓöÇΓöÇΓöÇ

    Error: /admin/cms/blogs
    @1600px:
      - navigation failed: page.goto: net::ERR_CONNECTION_REFUSED at http://localhost:3058/admin/cms/blogs
    @1200px:
      - navigation failed: page.goto: net::ERR_CONNECTION_REFUSED at http://localhost:3058/admin/cms/blogs
    @768px:
      - navigation failed: page.goto: net::ERR_CONNECTION_REFUSED at http://localhost:3058/admin/cms/blogs
    @480px:
      - navigation failed: page.goto: net::ERR_CONNECTION_REFUSED at http://localhost:3058/admin/cms/blogs
    @375px:
      - navigation failed: page.goto: net::ERR_CONNECTION_REFUSED at http://localhost:3058/admin/cms/blogs

    expect(received).toEqual(expected) // deep equality

    - Expected  -  1
    + Received  + 12

    - Array []
    + Array [
    +   "@1600px:
    +   - navigation failed: page.goto: net::ERR_CONNECTION_REFUSED at http://localhost:3058/admin/cms/blogs",
    +   "@1200px:
    +   - navigation failed: page.goto: net::ERR_CONNECTION_REFUSED at http://localhost:3058/admin/cms/blogs",
    +   "@768px:
    +   - navigation failed: page.goto: net::ERR_CONNECTION_REFUSED at http://localhost:3058/admin/cms/blogs",
    +   "@480px:
    +   - navigation failed: page.goto: net::ERR_CONNECTION_REFUSED at http://localhost:3058/admin/cms/blogs",
    +   "@375px:
    +   - navigation failed: page.goto: net::ERR_CONNECTION_REFUSED at http://localhost:3058/admin/cms/blogs",
    + ]

      12 |   await testInfo.attach("matrix", { body: JSON.stringify({ route, url, results }), contentType: "application/json" });
      13 |   const failed = results.filter((r) => r.issues.length).map((r) => `@${r.viewport}px:\n  - ${r.issues.join("\n  - ")}`);
    > 14 |   expect(failed, `${url}\n${failed.join("\n")}`).toEqual([]);
         |                                                  ^
      15 | }
      16 |
      17 | test.describe("admin routes x viewports", () => {
        at runMatrix (C:\Users\priyank\Desktop\Development\BharatAgrolink-admin\e2e\responsive.spec.mjs:14:50)
        at C:\Users\priyank\Desktop\Development\BharatAgrolink-admin\e2e\responsive.spec.mjs:20:7

    attachment #7: screenshot (image/png) ΓöÇΓöÇΓöÇΓöÇΓöÇΓöÇΓöÇΓöÇΓöÇΓöÇΓöÇΓöÇΓöÇΓöÇΓöÇΓöÇΓöÇΓöÇΓöÇΓöÇΓöÇΓöÇΓöÇΓöÇΓöÇΓöÇΓöÇΓöÇΓöÇΓöÇΓöÇΓöÇΓöÇΓöÇΓöÇΓöÇΓöÇΓöÇΓöÇΓöÇΓöÇΓöÇΓöÇΓöÇΓöÇΓöÇΓöÇΓöÇΓöÇΓöÇΓöÇΓöÇΓöÇΓöÇΓöÇΓöÇΓöÇΓöÇ
    test-results\responsive-admin-routes-x-viewports-admin-cms-blogs-chromium\test-failed-1.png
    ΓöÇΓöÇΓöÇΓöÇΓöÇΓöÇΓöÇΓöÇΓöÇΓöÇΓöÇΓöÇΓöÇΓöÇΓöÇΓöÇΓöÇΓöÇΓöÇΓöÇΓöÇΓöÇΓöÇΓöÇΓöÇΓöÇΓöÇΓöÇΓöÇΓöÇΓöÇΓöÇΓöÇΓöÇΓöÇΓöÇΓöÇΓöÇΓöÇΓöÇΓöÇΓöÇΓöÇΓöÇΓöÇΓöÇΓöÇΓöÇΓöÇΓöÇΓöÇΓöÇΓöÇΓöÇΓöÇΓöÇΓöÇΓöÇΓöÇΓöÇΓöÇΓöÇΓöÇΓöÇΓöÇΓöÇΓöÇΓöÇΓöÇΓöÇΓöÇΓöÇΓöÇΓöÇΓöÇΓöÇΓöÇΓöÇΓöÇΓöÇΓöÇΓöÇΓöÇΓöÇΓöÇΓöÇΓöÇΓöÇΓöÇΓöÇΓöÇΓöÇΓöÇΓöÇΓöÇΓöÇ

    Error Context: test-results\responsive-admin-routes-x-viewports-admin-cms-blogs-chromium\error-context.md

    attachment #9: trace (application/zip) ΓöÇΓöÇΓöÇΓöÇΓöÇΓöÇΓöÇΓöÇΓöÇΓöÇΓöÇΓöÇΓöÇΓöÇΓöÇΓöÇΓöÇΓöÇΓöÇΓöÇΓöÇΓöÇΓöÇΓöÇΓöÇΓöÇΓöÇΓöÇΓöÇΓöÇΓöÇΓöÇΓöÇΓöÇΓöÇΓöÇΓöÇΓöÇΓöÇΓöÇΓöÇΓöÇΓöÇΓöÇΓöÇΓöÇΓöÇΓöÇΓöÇΓöÇΓöÇΓöÇΓöÇΓöÇΓöÇΓöÇΓöÇ
    test-results\responsive-admin-routes-x-viewports-admin-cms-blogs-chromium\trace.zip
    Usage:

        npx playwright show-trace test-results\responsive-admin-routes-x-viewports-admin-cms-blogs-chromium\trace.zip

    ΓöÇΓöÇΓöÇΓöÇΓöÇΓöÇΓöÇΓöÇΓöÇΓöÇΓöÇΓöÇΓöÇΓöÇΓöÇΓöÇΓöÇΓöÇΓöÇΓöÇΓöÇΓöÇΓöÇΓöÇΓöÇΓöÇΓöÇΓöÇΓöÇΓöÇΓöÇΓöÇΓöÇΓöÇΓöÇΓöÇΓöÇΓöÇΓöÇΓöÇΓöÇΓöÇΓöÇΓöÇΓöÇΓöÇΓöÇΓöÇΓöÇΓöÇΓöÇΓöÇΓöÇΓöÇΓöÇΓöÇΓöÇΓöÇΓöÇΓöÇΓöÇΓöÇΓöÇΓöÇΓöÇΓöÇΓöÇΓöÇΓöÇΓöÇΓöÇΓöÇΓöÇΓöÇΓöÇΓöÇΓöÇΓöÇΓöÇΓöÇΓöÇΓöÇΓöÇΓöÇΓöÇΓöÇΓöÇΓöÇΓöÇΓöÇΓöÇΓöÇΓöÇΓöÇΓöÇΓöÇ

  44) [chromium] ΓÇ║ e2e\responsive.spec.mjs:19:5 ΓÇ║ admin routes x viewports ΓÇ║ /admin/cms/events ΓöÇΓöÇΓöÇΓöÇΓöÇ

    Error: /admin/cms/events
    @1600px:
      - navigation failed: page.goto: net::ERR_CONNECTION_REFUSED at http://localhost:3058/admin/cms/events
    @1200px:
      - navigation failed: page.goto: net::ERR_CONNECTION_REFUSED at http://localhost:3058/admin/cms/events
    @768px:
      - navigation failed: page.goto: net::ERR_CONNECTION_REFUSED at http://localhost:3058/admin/cms/events
    @480px:
      - navigation failed: page.goto: net::ERR_CONNECTION_REFUSED at http://localhost:3058/admin/cms/events
    @375px:
      - navigation failed: page.goto: net::ERR_CONNECTION_REFUSED at http://localhost:3058/admin/cms/events

    expect(received).toEqual(expected) // deep equality

    - Expected  -  1
    + Received  + 12

    - Array []
    + Array [
    +   "@1600px:
    +   - navigation failed: page.goto: net::ERR_CONNECTION_REFUSED at http://localhost:3058/admin/cms/events",
    +   "@1200px:
    +   - navigation failed: page.goto: net::ERR_CONNECTION_REFUSED at http://localhost:3058/admin/cms/events",
    +   "@768px:
    +   - navigation failed: page.goto: net::ERR_CONNECTION_REFUSED at http://localhost:3058/admin/cms/events",
    +   "@480px:
    +   - navigation failed: page.goto: net::ERR_CONNECTION_REFUSED at http://localhost:3058/admin/cms/events",
    +   "@375px:
    +   - navigation failed: page.goto: net::ERR_CONNECTION_REFUSED at http://localhost:3058/admin/cms/events",
    + ]

      12 |   await testInfo.attach("matrix", { body: JSON.stringify({ route, url, results }), contentType: "application/json" });
      13 |   const failed = results.filter((r) => r.issues.length).map((r) => `@${r.viewport}px:\n  - ${r.issues.join("\n  - ")}`);
    > 14 |   expect(failed, `${url}\n${failed.join("\n")}`).toEqual([]);
         |                                                  ^
      15 | }
      16 |
      17 | test.describe("admin routes x viewports", () => {
        at runMatrix (C:\Users\priyank\Desktop\Development\BharatAgrolink-admin\e2e\responsive.spec.mjs:14:50)
        at C:\Users\priyank\Desktop\Development\BharatAgrolink-admin\e2e\responsive.spec.mjs:20:7

    attachment #7: screenshot (image/png) ΓöÇΓöÇΓöÇΓöÇΓöÇΓöÇΓöÇΓöÇΓöÇΓöÇΓöÇΓöÇΓöÇΓöÇΓöÇΓöÇΓöÇΓöÇΓöÇΓöÇΓöÇΓöÇΓöÇΓöÇΓöÇΓöÇΓöÇΓöÇΓöÇΓöÇΓöÇΓöÇΓöÇΓöÇΓöÇΓöÇΓöÇΓöÇΓöÇΓöÇΓöÇΓöÇΓöÇΓöÇΓöÇΓöÇΓöÇΓöÇΓöÇΓöÇΓöÇΓöÇΓöÇΓöÇΓöÇΓöÇΓöÇΓöÇ
    test-results\responsive-admin-routes-x-viewports-admin-cms-events-chromium\test-failed-1.png
    ΓöÇΓöÇΓöÇΓöÇΓöÇΓöÇΓöÇΓöÇΓöÇΓöÇΓöÇΓöÇΓöÇΓöÇΓöÇΓöÇΓöÇΓöÇΓöÇΓöÇΓöÇΓöÇΓöÇΓöÇΓöÇΓöÇΓöÇΓöÇΓöÇΓöÇΓöÇΓöÇΓöÇΓöÇΓöÇΓöÇΓöÇΓöÇΓöÇΓöÇΓöÇΓöÇΓöÇΓöÇΓöÇΓöÇΓöÇΓöÇΓöÇΓöÇΓöÇΓöÇΓöÇΓöÇΓöÇΓöÇΓöÇΓöÇΓöÇΓöÇΓöÇΓöÇΓöÇΓöÇΓöÇΓöÇΓöÇΓöÇΓöÇΓöÇΓöÇΓöÇΓöÇΓöÇΓöÇΓöÇΓöÇΓöÇΓöÇΓöÇΓöÇΓöÇΓöÇΓöÇΓöÇΓöÇΓöÇΓöÇΓöÇΓöÇΓöÇΓöÇΓöÇΓöÇΓöÇΓöÇ

    Error Context: test-results\responsive-admin-routes-x-viewports-admin-cms-events-chromium\error-context.md

    attachment #9: trace (application/zip) ΓöÇΓöÇΓöÇΓöÇΓöÇΓöÇΓöÇΓöÇΓöÇΓöÇΓöÇΓöÇΓöÇΓöÇΓöÇΓöÇΓöÇΓöÇΓöÇΓöÇΓöÇΓöÇΓöÇΓöÇΓöÇΓöÇΓöÇΓöÇΓöÇΓöÇΓöÇΓöÇΓöÇΓöÇΓöÇΓöÇΓöÇΓöÇΓöÇΓöÇΓöÇΓöÇΓöÇΓöÇΓöÇΓöÇΓöÇΓöÇΓöÇΓöÇΓöÇΓöÇΓöÇΓöÇΓöÇΓöÇΓöÇ
    test-results\responsive-admin-routes-x-viewports-admin-cms-events-chromium\trace.zip
    Usage:

        npx playwright show-trace test-results\responsive-admin-routes-x-viewports-admin-cms-events-chromium\trace.zip

    ΓöÇΓöÇΓöÇΓöÇΓöÇΓöÇΓöÇΓöÇΓöÇΓöÇΓöÇΓöÇΓöÇΓöÇΓöÇΓöÇΓöÇΓöÇΓöÇΓöÇΓöÇΓöÇΓöÇΓöÇΓöÇΓöÇΓöÇΓöÇΓöÇΓöÇΓöÇΓöÇΓöÇΓöÇΓöÇΓöÇΓöÇΓöÇΓöÇΓöÇΓöÇΓöÇΓöÇΓöÇΓöÇΓöÇΓöÇΓöÇΓöÇΓöÇΓöÇΓöÇΓöÇΓöÇΓöÇΓöÇΓöÇΓöÇΓöÇΓöÇΓöÇΓöÇΓöÇΓöÇΓöÇΓöÇΓöÇΓöÇΓöÇΓöÇΓöÇΓöÇΓöÇΓöÇΓöÇΓöÇΓöÇΓöÇΓöÇΓöÇΓöÇΓöÇΓöÇΓöÇΓöÇΓöÇΓöÇΓöÇΓöÇΓöÇΓöÇΓöÇΓöÇΓöÇΓöÇΓöÇ

  45) [chromium] ΓÇ║ e2e\responsive.spec.mjs:19:5 ΓÇ║ admin routes x viewports ΓÇ║ /admin/cms/faqs ΓöÇΓöÇΓöÇΓöÇΓöÇΓöÇΓöÇ

    Error: /admin/cms/faqs
    @1600px:
      - navigation failed: page.goto: net::ERR_CONNECTION_REFUSED at http://localhost:3058/admin/cms/faqs
    @1200px:
      - navigation failed: page.goto: net::ERR_CONNECTION_REFUSED at http://localhost:3058/admin/cms/faqs
    @768px:
      - navigation failed: page.goto: net::ERR_CONNECTION_REFUSED at http://localhost:3058/admin/cms/faqs
    @480px:
      - navigation failed: page.goto: net::ERR_CONNECTION_REFUSED at http://localhost:3058/admin/cms/faqs
    @375px:
      - navigation failed: page.goto: net::ERR_CONNECTION_REFUSED at http://localhost:3058/admin/cms/faqs

    expect(received).toEqual(expected) // deep equality

    - Expected  -  1
    + Received  + 12

    - Array []
    + Array [
    +   "@1600px:
    +   - navigation failed: page.goto: net::ERR_CONNECTION_REFUSED at http://localhost:3058/admin/cms/faqs",
    +   "@1200px:
    +   - navigation failed: page.goto: net::ERR_CONNECTION_REFUSED at http://localhost:3058/admin/cms/faqs",
    +   "@768px:
    +   - navigation failed: page.goto: net::ERR_CONNECTION_REFUSED at http://localhost:3058/admin/cms/faqs",
    +   "@480px:
    +   - navigation failed: page.goto: net::ERR_CONNECTION_REFUSED at http://localhost:3058/admin/cms/faqs",
    +   "@375px:
    +   - navigation failed: page.goto: net::ERR_CONNECTION_REFUSED at http://localhost:3058/admin/cms/faqs",
    + ]

      12 |   await testInfo.attach("matrix", { body: JSON.stringify({ route, url, results }), contentType: "application/json" });
      13 |   const failed = results.filter((r) => r.issues.length).map((r) => `@${r.viewport}px:\n  - ${r.issues.join("\n  - ")}`);
    > 14 |   expect(failed, `${url}\n${failed.join("\n")}`).toEqual([]);
         |                                                  ^
      15 | }
      16 |
      17 | test.describe("admin routes x viewports", () => {
        at runMatrix (C:\Users\priyank\Desktop\Development\BharatAgrolink-admin\e2e\responsive.spec.mjs:14:50)
        at C:\Users\priyank\Desktop\Development\BharatAgrolink-admin\e2e\responsive.spec.mjs:20:7

    attachment #7: screenshot (image/png) ΓöÇΓöÇΓöÇΓöÇΓöÇΓöÇΓöÇΓöÇΓöÇΓöÇΓöÇΓöÇΓöÇΓöÇΓöÇΓöÇΓöÇΓöÇΓöÇΓöÇΓöÇΓöÇΓöÇΓöÇΓöÇΓöÇΓöÇΓöÇΓöÇΓöÇΓöÇΓöÇΓöÇΓöÇΓöÇΓöÇΓöÇΓöÇΓöÇΓöÇΓöÇΓöÇΓöÇΓöÇΓöÇΓöÇΓöÇΓöÇΓöÇΓöÇΓöÇΓöÇΓöÇΓöÇΓöÇΓöÇΓöÇΓöÇ
    test-results\responsive-admin-routes-x-viewports-admin-cms-faqs-chromium\test-failed-1.png
    ΓöÇΓöÇΓöÇΓöÇΓöÇΓöÇΓöÇΓöÇΓöÇΓöÇΓöÇΓöÇΓöÇΓöÇΓöÇΓöÇΓöÇΓöÇΓöÇΓöÇΓöÇΓöÇΓöÇΓöÇΓöÇΓöÇΓöÇΓöÇΓöÇΓöÇΓöÇΓöÇΓöÇΓöÇΓöÇΓöÇΓöÇΓöÇΓöÇΓöÇΓöÇΓöÇΓöÇΓöÇΓöÇΓöÇΓöÇΓöÇΓöÇΓöÇΓöÇΓöÇΓöÇΓöÇΓöÇΓöÇΓöÇΓöÇΓöÇΓöÇΓöÇΓöÇΓöÇΓöÇΓöÇΓöÇΓöÇΓöÇΓöÇΓöÇΓöÇΓöÇΓöÇΓöÇΓöÇΓöÇΓöÇΓöÇΓöÇΓöÇΓöÇΓöÇΓöÇΓöÇΓöÇΓöÇΓöÇΓöÇΓöÇΓöÇΓöÇΓöÇΓöÇΓöÇΓöÇΓöÇ

    Error Context: test-results\responsive-admin-routes-x-viewports-admin-cms-faqs-chromium\error-context.md

    attachment #9: trace (application/zip) ΓöÇΓöÇΓöÇΓöÇΓöÇΓöÇΓöÇΓöÇΓöÇΓöÇΓöÇΓöÇΓöÇΓöÇΓöÇΓöÇΓöÇΓöÇΓöÇΓöÇΓöÇΓöÇΓöÇΓöÇΓöÇΓöÇΓöÇΓöÇΓöÇΓöÇΓöÇΓöÇΓöÇΓöÇΓöÇΓöÇΓöÇΓöÇΓöÇΓöÇΓöÇΓöÇΓöÇΓöÇΓöÇΓöÇΓöÇΓöÇΓöÇΓöÇΓöÇΓöÇΓöÇΓöÇΓöÇΓöÇΓöÇ
    test-results\responsive-admin-routes-x-viewports-admin-cms-faqs-chromium\trace.zip
    Usage:

        npx playwright show-trace test-results\responsive-admin-routes-x-viewports-admin-cms-faqs-chromium\trace.zip

    ΓöÇΓöÇΓöÇΓöÇΓöÇΓöÇΓöÇΓöÇΓöÇΓöÇΓöÇΓöÇΓöÇΓöÇΓöÇΓöÇΓöÇΓöÇΓöÇΓöÇΓöÇΓöÇΓöÇΓöÇΓöÇΓöÇΓöÇΓöÇΓöÇΓöÇΓöÇΓöÇΓöÇΓöÇΓöÇΓöÇΓöÇΓöÇΓöÇΓöÇΓöÇΓöÇΓöÇΓöÇΓöÇΓöÇΓöÇΓöÇΓöÇΓöÇΓöÇΓöÇΓöÇΓöÇΓöÇΓöÇΓöÇΓöÇΓöÇΓöÇΓöÇΓöÇΓöÇΓöÇΓöÇΓöÇΓöÇΓöÇΓöÇΓöÇΓöÇΓöÇΓöÇΓöÇΓöÇΓöÇΓöÇΓöÇΓöÇΓöÇΓöÇΓöÇΓöÇΓöÇΓöÇΓöÇΓöÇΓöÇΓöÇΓöÇΓöÇΓöÇΓöÇΓöÇΓöÇΓöÇ

  46) [chromium] ΓÇ║ e2e\responsive.spec.mjs:19:5 ΓÇ║ admin routes x viewports ΓÇ║ /admin/cms/footer ΓöÇΓöÇΓöÇΓöÇΓöÇ

    Error: /admin/cms/footer
    @1600px:
      - navigation failed: page.goto: net::ERR_CONNECTION_REFUSED at http://localhost:3058/admin/cms/footer
    @1200px:
      - navigation failed: page.goto: net::ERR_CONNECTION_REFUSED at http://localhost:3058/admin/cms/footer
    @768px:
      - navigation failed: page.goto: net::ERR_CONNECTION_REFUSED at http://localhost:3058/admin/cms/footer
    @480px:
      - navigation failed: page.goto: net::ERR_CONNECTION_REFUSED at http://localhost:3058/admin/cms/footer
    @375px:
      - navigation failed: page.goto: net::ERR_CONNECTION_REFUSED at http://localhost:3058/admin/cms/footer

    expect(received).toEqual(expected) // deep equality

    - Expected  -  1
    + Received  + 12

    - Array []
    + Array [
    +   "@1600px:
    +   - navigation failed: page.goto: net::ERR_CONNECTION_REFUSED at http://localhost:3058/admin/cms/footer",
    +   "@1200px:
    +   - navigation failed: page.goto: net::ERR_CONNECTION_REFUSED at http://localhost:3058/admin/cms/footer",
    +   "@768px:
    +   - navigation failed: page.goto: net::ERR_CONNECTION_REFUSED at http://localhost:3058/admin/cms/footer",
    +   "@480px:
    +   - navigation failed: page.goto: net::ERR_CONNECTION_REFUSED at http://localhost:3058/admin/cms/footer",
    +   "@375px:
    +   - navigation failed: page.goto: net::ERR_CONNECTION_REFUSED at http://localhost:3058/admin/cms/footer",
    + ]

      12 |   await testInfo.attach("matrix", { body: JSON.stringify({ route, url, results }), contentType: "application/json" });
      13 |   const failed = results.filter((r) => r.issues.length).map((r) => `@${r.viewport}px:\n  - ${r.issues.join("\n  - ")}`);
    > 14 |   expect(failed, `${url}\n${failed.join("\n")}`).toEqual([]);
         |                                                  ^
      15 | }
      16 |
      17 | test.describe("admin routes x viewports", () => {
        at runMatrix (C:\Users\priyank\Desktop\Development\BharatAgrolink-admin\e2e\responsive.spec.mjs:14:50)
        at C:\Users\priyank\Desktop\Development\BharatAgrolink-admin\e2e\responsive.spec.mjs:20:7

    attachment #7: screenshot (image/png) ΓöÇΓöÇΓöÇΓöÇΓöÇΓöÇΓöÇΓöÇΓöÇΓöÇΓöÇΓöÇΓöÇΓöÇΓöÇΓöÇΓöÇΓöÇΓöÇΓöÇΓöÇΓöÇΓöÇΓöÇΓöÇΓöÇΓöÇΓöÇΓöÇΓöÇΓöÇΓöÇΓöÇΓöÇΓöÇΓöÇΓöÇΓöÇΓöÇΓöÇΓöÇΓöÇΓöÇΓöÇΓöÇΓöÇΓöÇΓöÇΓöÇΓöÇΓöÇΓöÇΓöÇΓöÇΓöÇΓöÇΓöÇΓöÇ
    test-results\responsive-admin-routes-x-viewports-admin-cms-footer-chromium\test-failed-1.png
    ΓöÇΓöÇΓöÇΓöÇΓöÇΓöÇΓöÇΓöÇΓöÇΓöÇΓöÇΓöÇΓöÇΓöÇΓöÇΓöÇΓöÇΓöÇΓöÇΓöÇΓöÇΓöÇΓöÇΓöÇΓöÇΓöÇΓöÇΓöÇΓöÇΓöÇΓöÇΓöÇΓöÇΓöÇΓöÇΓöÇΓöÇΓöÇΓöÇΓöÇΓöÇΓöÇΓöÇΓöÇΓöÇΓöÇΓöÇΓöÇΓöÇΓöÇΓöÇΓöÇΓöÇΓöÇΓöÇΓöÇΓöÇΓöÇΓöÇΓöÇΓöÇΓöÇΓöÇΓöÇΓöÇΓöÇΓöÇΓöÇΓöÇΓöÇΓöÇΓöÇΓöÇΓöÇΓöÇΓöÇΓöÇΓöÇΓöÇΓöÇΓöÇΓöÇΓöÇΓöÇΓöÇΓöÇΓöÇΓöÇΓöÇΓöÇΓöÇΓöÇΓöÇΓöÇΓöÇΓöÇ

    Error Context: test-results\responsive-admin-routes-x-viewports-admin-cms-footer-chromium\error-context.md

    attachment #9: trace (application/zip) ΓöÇΓöÇΓöÇΓöÇΓöÇΓöÇΓöÇΓöÇΓöÇΓöÇΓöÇΓöÇΓöÇΓöÇΓöÇΓöÇΓöÇΓöÇΓöÇΓöÇΓöÇΓöÇΓöÇΓöÇΓöÇΓöÇΓöÇΓöÇΓöÇΓöÇΓöÇΓöÇΓöÇΓöÇΓöÇΓöÇΓöÇΓöÇΓöÇΓöÇΓöÇΓöÇΓöÇΓöÇΓöÇΓöÇΓöÇΓöÇΓöÇΓöÇΓöÇΓöÇΓöÇΓöÇΓöÇΓöÇΓöÇ
    test-results\responsive-admin-routes-x-viewports-admin-cms-footer-chromium\trace.zip
    Usage:

        npx playwright show-trace test-results\responsive-admin-routes-x-viewports-admin-cms-footer-chromium\trace.zip

    ΓöÇΓöÇΓöÇΓöÇΓöÇΓöÇΓöÇΓöÇΓöÇΓöÇΓöÇΓöÇΓöÇΓöÇΓöÇΓöÇΓöÇΓöÇΓöÇΓöÇΓöÇΓöÇΓöÇΓöÇΓöÇΓöÇΓöÇΓöÇΓöÇΓöÇΓöÇΓöÇΓöÇΓöÇΓöÇΓöÇΓöÇΓöÇΓöÇΓöÇΓöÇΓöÇΓöÇΓöÇΓöÇΓöÇΓöÇΓöÇΓöÇΓöÇΓöÇΓöÇΓöÇΓöÇΓöÇΓöÇΓöÇΓöÇΓöÇΓöÇΓöÇΓöÇΓöÇΓöÇΓöÇΓöÇΓöÇΓöÇΓöÇΓöÇΓöÇΓöÇΓöÇΓöÇΓöÇΓöÇΓöÇΓöÇΓöÇΓöÇΓöÇΓöÇΓöÇΓöÇΓöÇΓöÇΓöÇΓöÇΓöÇΓöÇΓöÇΓöÇΓöÇΓöÇΓöÇΓöÇ

  47) [chromium] ΓÇ║ e2e\responsive.spec.mjs:19:5 ΓÇ║ admin routes x viewports ΓÇ║ /admin/cms/home-sections 

    Error: /admin/cms/home-sections
    @1600px:
      - navigation failed: page.goto: net::ERR_CONNECTION_REFUSED at http://localhost:3058/admin/cms/home-sections
    @1200px:
      - navigation failed: page.goto: net::ERR_CONNECTION_REFUSED at http://localhost:3058/admin/cms/home-sections
    @768px:
      - navigation failed: page.goto: net::ERR_CONNECTION_REFUSED at http://localhost:3058/admin/cms/home-sections
    @480px:
      - navigation failed: page.goto: net::ERR_CONNECTION_REFUSED at http://localhost:3058/admin/cms/home-sections
    @375px:
      - navigation failed: page.goto: net::ERR_CONNECTION_REFUSED at http://localhost:3058/admin/cms/home-sections

    expect(received).toEqual(expected) // deep equality

    - Expected  -  1
    + Received  + 12

    - Array []
    + Array [
    +   "@1600px:
    +   - navigation failed: page.goto: net::ERR_CONNECTION_REFUSED at http://localhost:3058/admin/cms/home-sections",
    +   "@1200px:
    +   - navigation failed: page.goto: net::ERR_CONNECTION_REFUSED at http://localhost:3058/admin/cms/home-sections",
    +   "@768px:
    +   - navigation failed: page.goto: net::ERR_CONNECTION_REFUSED at http://localhost:3058/admin/cms/home-sections",
    +   "@480px:
    +   - navigation failed: page.goto: net::ERR_CONNECTION_REFUSED at http://localhost:3058/admin/cms/home-sections",
    +   "@375px:
    +   - navigation failed: page.goto: net::ERR_CONNECTION_REFUSED at http://localhost:3058/admin/cms/home-sections",
    + ]

      12 |   await testInfo.attach("matrix", { body: JSON.stringify({ route, url, results }), contentType: "application/json" });
      13 |   const failed = results.filter((r) => r.issues.length).map((r) => `@${r.viewport}px:\n  - ${r.issues.join("\n  - ")}`);
    > 14 |   expect(failed, `${url}\n${failed.join("\n")}`).toEqual([]);
         |                                                  ^
      15 | }
      16 |
      17 | test.describe("admin routes x viewports", () => {
        at runMatrix (C:\Users\priyank\Desktop\Development\BharatAgrolink-admin\e2e\responsive.spec.mjs:14:50)
        at C:\Users\priyank\Desktop\Development\BharatAgrolink-admin\e2e\responsive.spec.mjs:20:7

    attachment #7: screenshot (image/png) ΓöÇΓöÇΓöÇΓöÇΓöÇΓöÇΓöÇΓöÇΓöÇΓöÇΓöÇΓöÇΓöÇΓöÇΓöÇΓöÇΓöÇΓöÇΓöÇΓöÇΓöÇΓöÇΓöÇΓöÇΓöÇΓöÇΓöÇΓöÇΓöÇΓöÇΓöÇΓöÇΓöÇΓöÇΓöÇΓöÇΓöÇΓöÇΓöÇΓöÇΓöÇΓöÇΓöÇΓöÇΓöÇΓöÇΓöÇΓöÇΓöÇΓöÇΓöÇΓöÇΓöÇΓöÇΓöÇΓöÇΓöÇΓöÇ
    test-results\responsive-admin-routes-x-viewports-admin-cms-home-sections-chromium\test-failed-1.png
    ΓöÇΓöÇΓöÇΓöÇΓöÇΓöÇΓöÇΓöÇΓöÇΓöÇΓöÇΓöÇΓöÇΓöÇΓöÇΓöÇΓöÇΓöÇΓöÇΓöÇΓöÇΓöÇΓöÇΓöÇΓöÇΓöÇΓöÇΓöÇΓöÇΓöÇΓöÇΓöÇΓöÇΓöÇΓöÇΓöÇΓöÇΓöÇΓöÇΓöÇΓöÇΓöÇΓöÇΓöÇΓöÇΓöÇΓöÇΓöÇΓöÇΓöÇΓöÇΓöÇΓöÇΓöÇΓöÇΓöÇΓöÇΓöÇΓöÇΓöÇΓöÇΓöÇΓöÇΓöÇΓöÇΓöÇΓöÇΓöÇΓöÇΓöÇΓöÇΓöÇΓöÇΓöÇΓöÇΓöÇΓöÇΓöÇΓöÇΓöÇΓöÇΓöÇΓöÇΓöÇΓöÇΓöÇΓöÇΓöÇΓöÇΓöÇΓöÇΓöÇΓöÇΓöÇΓöÇΓöÇ

    Error Context: test-results\responsive-admin-routes-x-viewports-admin-cms-home-sections-chromium\error-context.md

    attachment #9: trace (application/zip) ΓöÇΓöÇΓöÇΓöÇΓöÇΓöÇΓöÇΓöÇΓöÇΓöÇΓöÇΓöÇΓöÇΓöÇΓöÇΓöÇΓöÇΓöÇΓöÇΓöÇΓöÇΓöÇΓöÇΓöÇΓöÇΓöÇΓöÇΓöÇΓöÇΓöÇΓöÇΓöÇΓöÇΓöÇΓöÇΓöÇΓöÇΓöÇΓöÇΓöÇΓöÇΓöÇΓöÇΓöÇΓöÇΓöÇΓöÇΓöÇΓöÇΓöÇΓöÇΓöÇΓöÇΓöÇΓöÇΓöÇΓöÇ
    test-results\responsive-admin-routes-x-viewports-admin-cms-home-sections-chromium\trace.zip
    Usage:

        npx playwright show-trace test-results\responsive-admin-routes-x-viewports-admin-cms-home-sections-chromium\trace.zip

    ΓöÇΓöÇΓöÇΓöÇΓöÇΓöÇΓöÇΓöÇΓöÇΓöÇΓöÇΓöÇΓöÇΓöÇΓöÇΓöÇΓöÇΓöÇΓöÇΓöÇΓöÇΓöÇΓöÇΓöÇΓöÇΓöÇΓöÇΓöÇΓöÇΓöÇΓöÇΓöÇΓöÇΓöÇΓöÇΓöÇΓöÇΓöÇΓöÇΓöÇΓöÇΓöÇΓöÇΓöÇΓöÇΓöÇΓöÇΓöÇΓöÇΓöÇΓöÇΓöÇΓöÇΓöÇΓöÇΓöÇΓöÇΓöÇΓöÇΓöÇΓöÇΓöÇΓöÇΓöÇΓöÇΓöÇΓöÇΓöÇΓöÇΓöÇΓöÇΓöÇΓöÇΓöÇΓöÇΓöÇΓöÇΓöÇΓöÇΓöÇΓöÇΓöÇΓöÇΓöÇΓöÇΓöÇΓöÇΓöÇΓöÇΓöÇΓöÇΓöÇΓöÇΓöÇΓöÇΓöÇ

  48) [chromium] ΓÇ║ e2e\responsive.spec.mjs:19:5 ΓÇ║ admin routes x viewports ΓÇ║ /admin/cms/notifications 

    Error: /admin/cms/notifications
    @1600px:
      - navigation failed: page.goto: net::ERR_CONNECTION_REFUSED at http://localhost:3058/admin/cms/notifications
    @1200px:
      - navigation failed: page.goto: net::ERR_CONNECTION_REFUSED at http://localhost:3058/admin/cms/notifications
    @768px:
      - navigation failed: page.goto: net::ERR_CONNECTION_REFUSED at http://localhost:3058/admin/cms/notifications
    @480px:
      - navigation failed: page.goto: net::ERR_CONNECTION_REFUSED at http://localhost:3058/admin/cms/notifications
    @375px:
      - navigation failed: page.goto: net::ERR_CONNECTION_REFUSED at http://localhost:3058/admin/cms/notifications

    expect(received).toEqual(expected) // deep equality

    - Expected  -  1
    + Received  + 12

    - Array []
    + Array [
    +   "@1600px:
    +   - navigation failed: page.goto: net::ERR_CONNECTION_REFUSED at http://localhost:3058/admin/cms/notifications",
    +   "@1200px:
    +   - navigation failed: page.goto: net::ERR_CONNECTION_REFUSED at http://localhost:3058/admin/cms/notifications",
    +   "@768px:
    +   - navigation failed: page.goto: net::ERR_CONNECTION_REFUSED at http://localhost:3058/admin/cms/notifications",
    +   "@480px:
    +   - navigation failed: page.goto: net::ERR_CONNECTION_REFUSED at http://localhost:3058/admin/cms/notifications",
    +   "@375px:
    +   - navigation failed: page.goto: net::ERR_CONNECTION_REFUSED at http://localhost:3058/admin/cms/notifications",
    + ]

      12 |   await testInfo.attach("matrix", { body: JSON.stringify({ route, url, results }), contentType: "application/json" });
      13 |   const failed = results.filter((r) => r.issues.length).map((r) => `@${r.viewport}px:\n  - ${r.issues.join("\n  - ")}`);
    > 14 |   expect(failed, `${url}\n${failed.join("\n")}`).toEqual([]);
         |                                                  ^
      15 | }
      16 |
      17 | test.describe("admin routes x viewports", () => {
        at runMatrix (C:\Users\priyank\Desktop\Development\BharatAgrolink-admin\e2e\responsive.spec.mjs:14:50)
        at C:\Users\priyank\Desktop\Development\BharatAgrolink-admin\e2e\responsive.spec.mjs:20:7

    attachment #7: screenshot (image/png) ΓöÇΓöÇΓöÇΓöÇΓöÇΓöÇΓöÇΓöÇΓöÇΓöÇΓöÇΓöÇΓöÇΓöÇΓöÇΓöÇΓöÇΓöÇΓöÇΓöÇΓöÇΓöÇΓöÇΓöÇΓöÇΓöÇΓöÇΓöÇΓöÇΓöÇΓöÇΓöÇΓöÇΓöÇΓöÇΓöÇΓöÇΓöÇΓöÇΓöÇΓöÇΓöÇΓöÇΓöÇΓöÇΓöÇΓöÇΓöÇΓöÇΓöÇΓöÇΓöÇΓöÇΓöÇΓöÇΓöÇΓöÇΓöÇ
    test-results\responsive-admin-routes-x-viewports-admin-cms-notifications-chromium\test-failed-1.png
    ΓöÇΓöÇΓöÇΓöÇΓöÇΓöÇΓöÇΓöÇΓöÇΓöÇΓöÇΓöÇΓöÇΓöÇΓöÇΓöÇΓöÇΓöÇΓöÇΓöÇΓöÇΓöÇΓöÇΓöÇΓöÇΓöÇΓöÇΓöÇΓöÇΓöÇΓöÇΓöÇΓöÇΓöÇΓöÇΓöÇΓöÇΓöÇΓöÇΓöÇΓöÇΓöÇΓöÇΓöÇΓöÇΓöÇΓöÇΓöÇΓöÇΓöÇΓöÇΓöÇΓöÇΓöÇΓöÇΓöÇΓöÇΓöÇΓöÇΓöÇΓöÇΓöÇΓöÇΓöÇΓöÇΓöÇΓöÇΓöÇΓöÇΓöÇΓöÇΓöÇΓöÇΓöÇΓöÇΓöÇΓöÇΓöÇΓöÇΓöÇΓöÇΓöÇΓöÇΓöÇΓöÇΓöÇΓöÇΓöÇΓöÇΓöÇΓöÇΓöÇΓöÇΓöÇΓöÇΓöÇ

    Error Context: test-results\responsive-admin-routes-x-viewports-admin-cms-notifications-chromium\error-context.md

    attachment #9: trace (application/zip) ΓöÇΓöÇΓöÇΓöÇΓöÇΓöÇΓöÇΓöÇΓöÇΓöÇΓöÇΓöÇΓöÇΓöÇΓöÇΓöÇΓöÇΓöÇΓöÇΓöÇΓöÇΓöÇΓöÇΓöÇΓöÇΓöÇΓöÇΓöÇΓöÇΓöÇΓöÇΓöÇΓöÇΓöÇΓöÇΓöÇΓöÇΓöÇΓöÇΓöÇΓöÇΓöÇΓöÇΓöÇΓöÇΓöÇΓöÇΓöÇΓöÇΓöÇΓöÇΓöÇΓöÇΓöÇΓöÇΓöÇΓöÇ
    test-results\responsive-admin-routes-x-viewports-admin-cms-notifications-chromium\trace.zip
    Usage:

        npx playwright show-trace test-results\responsive-admin-routes-x-viewports-admin-cms-notifications-chromium\trace.zip

    ΓöÇΓöÇΓöÇΓöÇΓöÇΓöÇΓöÇΓöÇΓöÇΓöÇΓöÇΓöÇΓöÇΓöÇΓöÇΓöÇΓöÇΓöÇΓöÇΓöÇΓöÇΓöÇΓöÇΓöÇΓöÇΓöÇΓöÇΓöÇΓöÇΓöÇΓöÇΓöÇΓöÇΓöÇΓöÇΓöÇΓöÇΓöÇΓöÇΓöÇΓöÇΓöÇΓöÇΓöÇΓöÇΓöÇΓöÇΓöÇΓöÇΓöÇΓöÇΓöÇΓöÇΓöÇΓöÇΓöÇΓöÇΓöÇΓöÇΓöÇΓöÇΓöÇΓöÇΓöÇΓöÇΓöÇΓöÇΓöÇΓöÇΓöÇΓöÇΓöÇΓöÇΓöÇΓöÇΓöÇΓöÇΓöÇΓöÇΓöÇΓöÇΓöÇΓöÇΓöÇΓöÇΓöÇΓöÇΓöÇΓöÇΓöÇΓöÇΓöÇΓöÇΓöÇΓöÇΓöÇ

  49) [chromium] ΓÇ║ e2e\responsive.spec.mjs:19:5 ΓÇ║ admin routes x viewports ΓÇ║ /admin/cms/pages ΓöÇΓöÇΓöÇΓöÇΓöÇΓöÇ

    Error: /admin/cms/pages
    @1600px:
      - navigation failed: page.goto: net::ERR_CONNECTION_REFUSED at http://localhost:3058/admin/cms/pages
    @1200px:
      - navigation failed: page.goto: net::ERR_CONNECTION_REFUSED at http://localhost:3058/admin/cms/pages
    @768px:
      - navigation failed: page.goto: net::ERR_CONNECTION_REFUSED at http://localhost:3058/admin/cms/pages
    @480px:
      - navigation failed: page.goto: net::ERR_CONNECTION_REFUSED at http://localhost:3058/admin/cms/pages
    @375px:
      - navigation failed: page.goto: net::ERR_CONNECTION_REFUSED at http://localhost:3058/admin/cms/pages

    expect(received).toEqual(expected) // deep equality

    - Expected  -  1
    + Received  + 12

    - Array []
    + Array [
    +   "@1600px:
    +   - navigation failed: page.goto: net::ERR_CONNECTION_REFUSED at http://localhost:3058/admin/cms/pages",
    +   "@1200px:
    +   - navigation failed: page.goto: net::ERR_CONNECTION_REFUSED at http://localhost:3058/admin/cms/pages",
    +   "@768px:
    +   - navigation failed: page.goto: net::ERR_CONNECTION_REFUSED at http://localhost:3058/admin/cms/pages",
    +   "@480px:
    +   - navigation failed: page.goto: net::ERR_CONNECTION_REFUSED at http://localhost:3058/admin/cms/pages",
    +   "@375px:
    +   - navigation failed: page.goto: net::ERR_CONNECTION_REFUSED at http://localhost:3058/admin/cms/pages",
    + ]

      12 |   await testInfo.attach("matrix", { body: JSON.stringify({ route, url, results }), contentType: "application/json" });
      13 |   const failed = results.filter((r) => r.issues.length).map((r) => `@${r.viewport}px:\n  - ${r.issues.join("\n  - ")}`);
    > 14 |   expect(failed, `${url}\n${failed.join("\n")}`).toEqual([]);
         |                                                  ^
      15 | }
      16 |
      17 | test.describe("admin routes x viewports", () => {
        at runMatrix (C:\Users\priyank\Desktop\Development\BharatAgrolink-admin\e2e\responsive.spec.mjs:14:50)
        at C:\Users\priyank\Desktop\Development\BharatAgrolink-admin\e2e\responsive.spec.mjs:20:7

    attachment #7: screenshot (image/png) ΓöÇΓöÇΓöÇΓöÇΓöÇΓöÇΓöÇΓöÇΓöÇΓöÇΓöÇΓöÇΓöÇΓöÇΓöÇΓöÇΓöÇΓöÇΓöÇΓöÇΓöÇΓöÇΓöÇΓöÇΓöÇΓöÇΓöÇΓöÇΓöÇΓöÇΓöÇΓöÇΓöÇΓöÇΓöÇΓöÇΓöÇΓöÇΓöÇΓöÇΓöÇΓöÇΓöÇΓöÇΓöÇΓöÇΓöÇΓöÇΓöÇΓöÇΓöÇΓöÇΓöÇΓöÇΓöÇΓöÇΓöÇΓöÇ
    test-results\responsive-admin-routes-x-viewports-admin-cms-pages-chromium\test-failed-1.png
    ΓöÇΓöÇΓöÇΓöÇΓöÇΓöÇΓöÇΓöÇΓöÇΓöÇΓöÇΓöÇΓöÇΓöÇΓöÇΓöÇΓöÇΓöÇΓöÇΓöÇΓöÇΓöÇΓöÇΓöÇΓöÇΓöÇΓöÇΓöÇΓöÇΓöÇΓöÇΓöÇΓöÇΓöÇΓöÇΓöÇΓöÇΓöÇΓöÇΓöÇΓöÇΓöÇΓöÇΓöÇΓöÇΓöÇΓöÇΓöÇΓöÇΓöÇΓöÇΓöÇΓöÇΓöÇΓöÇΓöÇΓöÇΓöÇΓöÇΓöÇΓöÇΓöÇΓöÇΓöÇΓöÇΓöÇΓöÇΓöÇΓöÇΓöÇΓöÇΓöÇΓöÇΓöÇΓöÇΓöÇΓöÇΓöÇΓöÇΓöÇΓöÇΓöÇΓöÇΓöÇΓöÇΓöÇΓöÇΓöÇΓöÇΓöÇΓöÇΓöÇΓöÇΓöÇΓöÇΓöÇ

    Error Context: test-results\responsive-admin-routes-x-viewports-admin-cms-pages-chromium\error-context.md

    attachment #9: trace (application/zip) ΓöÇΓöÇΓöÇΓöÇΓöÇΓöÇΓöÇΓöÇΓöÇΓöÇΓöÇΓöÇΓöÇΓöÇΓöÇΓöÇΓöÇΓöÇΓöÇΓöÇΓöÇΓöÇΓöÇΓöÇΓöÇΓöÇΓöÇΓöÇΓöÇΓöÇΓöÇΓöÇΓöÇΓöÇΓöÇΓöÇΓöÇΓöÇΓöÇΓöÇΓöÇΓöÇΓöÇΓöÇΓöÇΓöÇΓöÇΓöÇΓöÇΓöÇΓöÇΓöÇΓöÇΓöÇΓöÇΓöÇΓöÇ
    test-results\responsive-admin-routes-x-viewports-admin-cms-pages-chromium\trace.zip
    Usage:

        npx playwright show-trace test-results\responsive-admin-routes-x-viewports-admin-cms-pages-chromium\trace.zip

    ΓöÇΓöÇΓöÇΓöÇΓöÇΓöÇΓöÇΓöÇΓöÇΓöÇΓöÇΓöÇΓöÇΓöÇΓöÇΓöÇΓöÇΓöÇΓöÇΓöÇΓöÇΓöÇΓöÇΓöÇΓöÇΓöÇΓöÇΓöÇΓöÇΓöÇΓöÇΓöÇΓöÇΓöÇΓöÇΓöÇΓöÇΓöÇΓöÇΓöÇΓöÇΓöÇΓöÇΓöÇΓöÇΓöÇΓöÇΓöÇΓöÇΓöÇΓöÇΓöÇΓöÇΓöÇΓöÇΓöÇΓöÇΓöÇΓöÇΓöÇΓöÇΓöÇΓöÇΓöÇΓöÇΓöÇΓöÇΓöÇΓöÇΓöÇΓöÇΓöÇΓöÇΓöÇΓöÇΓöÇΓöÇΓöÇΓöÇΓöÇΓöÇΓöÇΓöÇΓöÇΓöÇΓöÇΓöÇΓöÇΓöÇΓöÇΓöÇΓöÇΓöÇΓöÇΓöÇΓöÇ

  50) [chromium] ΓÇ║ e2e\responsive.spec.mjs:19:5 ΓÇ║ admin routes x viewports ΓÇ║ /admin/cms/seo ΓöÇΓöÇΓöÇΓöÇΓöÇΓöÇΓöÇΓöÇ

    Error: /admin/cms/seo
    @1600px:
      - navigation failed: page.goto: net::ERR_CONNECTION_REFUSED at http://localhost:3058/admin/cms/seo
    @1200px:
      - navigation failed: page.goto: net::ERR_CONNECTION_REFUSED at http://localhost:3058/admin/cms/seo
    @768px:
      - navigation failed: page.goto: net::ERR_CONNECTION_REFUSED at http://localhost:3058/admin/cms/seo
    @480px:
      - navigation failed: page.goto: net::ERR_CONNECTION_REFUSED at http://localhost:3058/admin/cms/seo
    @375px:
      - navigation failed: page.goto: net::ERR_CONNECTION_REFUSED at http://localhost:3058/admin/cms/seo

    expect(received).toEqual(expected) // deep equality

    - Expected  -  1
    + Received  + 12

    - Array []
    + Array [
    +   "@1600px:
    +   - navigation failed: page.goto: net::ERR_CONNECTION_REFUSED at http://localhost:3058/admin/cms/seo",
    +   "@1200px:
    +   - navigation failed: page.goto: net::ERR_CONNECTION_REFUSED at http://localhost:3058/admin/cms/seo",
    +   "@768px:
    +   - navigation failed: page.goto: net::ERR_CONNECTION_REFUSED at http://localhost:3058/admin/cms/seo",
    +   "@480px:
    +   - navigation failed: page.goto: net::ERR_CONNECTION_REFUSED at http://localhost:3058/admin/cms/seo",
    +   "@375px:
    +   - navigation failed: page.goto: net::ERR_CONNECTION_REFUSED at http://localhost:3058/admin/cms/seo",
    + ]

      12 |   await testInfo.attach("matrix", { body: JSON.stringify({ route, url, results }), contentType: "application/json" });
      13 |   const failed = results.filter((r) => r.issues.length).map((r) => `@${r.viewport}px:\n  - ${r.issues.join("\n  - ")}`);
    > 14 |   expect(failed, `${url}\n${failed.join("\n")}`).toEqual([]);
         |                                                  ^
      15 | }
      16 |
      17 | test.describe("admin routes x viewports", () => {
        at runMatrix (C:\Users\priyank\Desktop\Development\BharatAgrolink-admin\e2e\responsive.spec.mjs:14:50)
        at C:\Users\priyank\Desktop\Development\BharatAgrolink-admin\e2e\responsive.spec.mjs:20:7

    attachment #7: screenshot (image/png) ΓöÇΓöÇΓöÇΓöÇΓöÇΓöÇΓöÇΓöÇΓöÇΓöÇΓöÇΓöÇΓöÇΓöÇΓöÇΓöÇΓöÇΓöÇΓöÇΓöÇΓöÇΓöÇΓöÇΓöÇΓöÇΓöÇΓöÇΓöÇΓöÇΓöÇΓöÇΓöÇΓöÇΓöÇΓöÇΓöÇΓöÇΓöÇΓöÇΓöÇΓöÇΓöÇΓöÇΓöÇΓöÇΓöÇΓöÇΓöÇΓöÇΓöÇΓöÇΓöÇΓöÇΓöÇΓöÇΓöÇΓöÇΓöÇ
    test-results\responsive-admin-routes-x-viewports-admin-cms-seo-chromium\test-failed-1.png
    ΓöÇΓöÇΓöÇΓöÇΓöÇΓöÇΓöÇΓöÇΓöÇΓöÇΓöÇΓöÇΓöÇΓöÇΓöÇΓöÇΓöÇΓöÇΓöÇΓöÇΓöÇΓöÇΓöÇΓöÇΓöÇΓöÇΓöÇΓöÇΓöÇΓöÇΓöÇΓöÇΓöÇΓöÇΓöÇΓöÇΓöÇΓöÇΓöÇΓöÇΓöÇΓöÇΓöÇΓöÇΓöÇΓöÇΓöÇΓöÇΓöÇΓöÇΓöÇΓöÇΓöÇΓöÇΓöÇΓöÇΓöÇΓöÇΓöÇΓöÇΓöÇΓöÇΓöÇΓöÇΓöÇΓöÇΓöÇΓöÇΓöÇΓöÇΓöÇΓöÇΓöÇΓöÇΓöÇΓöÇΓöÇΓöÇΓöÇΓöÇΓöÇΓöÇΓöÇΓöÇΓöÇΓöÇΓöÇΓöÇΓöÇΓöÇΓöÇΓöÇΓöÇΓöÇΓöÇΓöÇ

    Error Context: test-results\responsive-admin-routes-x-viewports-admin-cms-seo-chromium\error-context.md

    attachment #9: trace (application/zip) ΓöÇΓöÇΓöÇΓöÇΓöÇΓöÇΓöÇΓöÇΓöÇΓöÇΓöÇΓöÇΓöÇΓöÇΓöÇΓöÇΓöÇΓöÇΓöÇΓöÇΓöÇΓöÇΓöÇΓöÇΓöÇΓöÇΓöÇΓöÇΓöÇΓöÇΓöÇΓöÇΓöÇΓöÇΓöÇΓöÇΓöÇΓöÇΓöÇΓöÇΓöÇΓöÇΓöÇΓöÇΓöÇΓöÇΓöÇΓöÇΓöÇΓöÇΓöÇΓöÇΓöÇΓöÇΓöÇΓöÇΓöÇ
    test-results\responsive-admin-routes-x-viewports-admin-cms-seo-chromium\trace.zip
    Usage:

        npx playwright show-trace test-results\responsive-admin-routes-x-viewports-admin-cms-seo-chromium\trace.zip

    ΓöÇΓöÇΓöÇΓöÇΓöÇΓöÇΓöÇΓöÇΓöÇΓöÇΓöÇΓöÇΓöÇΓöÇΓöÇΓöÇΓöÇΓöÇΓöÇΓöÇΓöÇΓöÇΓöÇΓöÇΓöÇΓöÇΓöÇΓöÇΓöÇΓöÇΓöÇΓöÇΓöÇΓöÇΓöÇΓöÇΓöÇΓöÇΓöÇΓöÇΓöÇΓöÇΓöÇΓöÇΓöÇΓöÇΓöÇΓöÇΓöÇΓöÇΓöÇΓöÇΓöÇΓöÇΓöÇΓöÇΓöÇΓöÇΓöÇΓöÇΓöÇΓöÇΓöÇΓöÇΓöÇΓöÇΓöÇΓöÇΓöÇΓöÇΓöÇΓöÇΓöÇΓöÇΓöÇΓöÇΓöÇΓöÇΓöÇΓöÇΓöÇΓöÇΓöÇΓöÇΓöÇΓöÇΓöÇΓöÇΓöÇΓöÇΓöÇΓöÇΓöÇΓöÇΓöÇΓöÇ

  51) [chromium] ΓÇ║ e2e\responsive.spec.mjs:19:5 ΓÇ║ admin routes x viewports ΓÇ║ /admin/crm ΓöÇΓöÇΓöÇΓöÇΓöÇΓöÇΓöÇΓöÇΓöÇΓöÇΓöÇΓöÇ

    Error: /admin/crm
    @1600px:
      - navigation failed: page.goto: net::ERR_CONNECTION_REFUSED at http://localhost:3058/admin/crm
    @1200px:
      - navigation failed: page.goto: net::ERR_CONNECTION_REFUSED at http://localhost:3058/admin/crm
    @768px:
      - navigation failed: page.goto: net::ERR_CONNECTION_REFUSED at http://localhost:3058/admin/crm
    @480px:
      - navigation failed: page.goto: net::ERR_CONNECTION_REFUSED at http://localhost:3058/admin/crm
    @375px:
      - navigation failed: page.goto: net::ERR_CONNECTION_REFUSED at http://localhost:3058/admin/crm

    expect(received).toEqual(expected) // deep equality

    - Expected  -  1
    + Received  + 12

    - Array []
    + Array [
    +   "@1600px:
    +   - navigation failed: page.goto: net::ERR_CONNECTION_REFUSED at http://localhost:3058/admin/crm",
    +   "@1200px:
    +   - navigation failed: page.goto: net::ERR_CONNECTION_REFUSED at http://localhost:3058/admin/crm",
    +   "@768px:
    +   - navigation failed: page.goto: net::ERR_CONNECTION_REFUSED at http://localhost:3058/admin/crm",
    +   "@480px:
    +   - navigation failed: page.goto: net::ERR_CONNECTION_REFUSED at http://localhost:3058/admin/crm",
    +   "@375px:
    +   - navigation failed: page.goto: net::ERR_CONNECTION_REFUSED at http://localhost:3058/admin/crm",
    + ]

      12 |   await testInfo.attach("matrix", { body: JSON.stringify({ route, url, results }), contentType: "application/json" });
      13 |   const failed = results.filter((r) => r.issues.length).map((r) => `@${r.viewport}px:\n  - ${r.issues.join("\n  - ")}`);
    > 14 |   expect(failed, `${url}\n${failed.join("\n")}`).toEqual([]);
         |                                                  ^
      15 | }
      16 |
      17 | test.describe("admin routes x viewports", () => {
        at runMatrix (C:\Users\priyank\Desktop\Development\BharatAgrolink-admin\e2e\responsive.spec.mjs:14:50)
        at C:\Users\priyank\Desktop\Development\BharatAgrolink-admin\e2e\responsive.spec.mjs:20:7

    attachment #7: screenshot (image/png) ΓöÇΓöÇΓöÇΓöÇΓöÇΓöÇΓöÇΓöÇΓöÇΓöÇΓöÇΓöÇΓöÇΓöÇΓöÇΓöÇΓöÇΓöÇΓöÇΓöÇΓöÇΓöÇΓöÇΓöÇΓöÇΓöÇΓöÇΓöÇΓöÇΓöÇΓöÇΓöÇΓöÇΓöÇΓöÇΓöÇΓöÇΓöÇΓöÇΓöÇΓöÇΓöÇΓöÇΓöÇΓöÇΓöÇΓöÇΓöÇΓöÇΓöÇΓöÇΓöÇΓöÇΓöÇΓöÇΓöÇΓöÇΓöÇ
    test-results\responsive-admin-routes-x-viewports-admin-crm-chromium\test-failed-1.png
    ΓöÇΓöÇΓöÇΓöÇΓöÇΓöÇΓöÇΓöÇΓöÇΓöÇΓöÇΓöÇΓöÇΓöÇΓöÇΓöÇΓöÇΓöÇΓöÇΓöÇΓöÇΓöÇΓöÇΓöÇΓöÇΓöÇΓöÇΓöÇΓöÇΓöÇΓöÇΓöÇΓöÇΓöÇΓöÇΓöÇΓöÇΓöÇΓöÇΓöÇΓöÇΓöÇΓöÇΓöÇΓöÇΓöÇΓöÇΓöÇΓöÇΓöÇΓöÇΓöÇΓöÇΓöÇΓöÇΓöÇΓöÇΓöÇΓöÇΓöÇΓöÇΓöÇΓöÇΓöÇΓöÇΓöÇΓöÇΓöÇΓöÇΓöÇΓöÇΓöÇΓöÇΓöÇΓöÇΓöÇΓöÇΓöÇΓöÇΓöÇΓöÇΓöÇΓöÇΓöÇΓöÇΓöÇΓöÇΓöÇΓöÇΓöÇΓöÇΓöÇΓöÇΓöÇΓöÇΓöÇ

    Error Context: test-results\responsive-admin-routes-x-viewports-admin-crm-chromium\error-context.md

    attachment #9: trace (application/zip) ΓöÇΓöÇΓöÇΓöÇΓöÇΓöÇΓöÇΓöÇΓöÇΓöÇΓöÇΓöÇΓöÇΓöÇΓöÇΓöÇΓöÇΓöÇΓöÇΓöÇΓöÇΓöÇΓöÇΓöÇΓöÇΓöÇΓöÇΓöÇΓöÇΓöÇΓöÇΓöÇΓöÇΓöÇΓöÇΓöÇΓöÇΓöÇΓöÇΓöÇΓöÇΓöÇΓöÇΓöÇΓöÇΓöÇΓöÇΓöÇΓöÇΓöÇΓöÇΓöÇΓöÇΓöÇΓöÇΓöÇΓöÇ
    test-results\responsive-admin-routes-x-viewports-admin-crm-chromium\trace.zip
    Usage:

        npx playwright show-trace test-results\responsive-admin-routes-x-viewports-admin-crm-chromium\trace.zip

    ΓöÇΓöÇΓöÇΓöÇΓöÇΓöÇΓöÇΓöÇΓöÇΓöÇΓöÇΓöÇΓöÇΓöÇΓöÇΓöÇΓöÇΓöÇΓöÇΓöÇΓöÇΓöÇΓöÇΓöÇΓöÇΓöÇΓöÇΓöÇΓöÇΓöÇΓöÇΓöÇΓöÇΓöÇΓöÇΓöÇΓöÇΓöÇΓöÇΓöÇΓöÇΓöÇΓöÇΓöÇΓöÇΓöÇΓöÇΓöÇΓöÇΓöÇΓöÇΓöÇΓöÇΓöÇΓöÇΓöÇΓöÇΓöÇΓöÇΓöÇΓöÇΓöÇΓöÇΓöÇΓöÇΓöÇΓöÇΓöÇΓöÇΓöÇΓöÇΓöÇΓöÇΓöÇΓöÇΓöÇΓöÇΓöÇΓöÇΓöÇΓöÇΓöÇΓöÇΓöÇΓöÇΓöÇΓöÇΓöÇΓöÇΓöÇΓöÇΓöÇΓöÇΓöÇΓöÇΓöÇ

  52) [chromium] ΓÇ║ e2e\responsive.spec.mjs:19:5 ΓÇ║ admin routes x viewports ΓÇ║ /admin/crm/add-lead ΓöÇΓöÇΓöÇ

    Error: /admin/crm/add-lead
    @1600px:
      - navigation failed: page.goto: net::ERR_CONNECTION_REFUSED at http://localhost:3058/admin/crm/add-lead
    @1200px:
      - navigation failed: page.goto: net::ERR_CONNECTION_REFUSED at http://localhost:3058/admin/crm/add-lead
    @768px:
      - navigation failed: page.goto: net::ERR_CONNECTION_REFUSED at http://localhost:3058/admin/crm/add-lead
    @480px:
      - navigation failed: page.goto: net::ERR_CONNECTION_REFUSED at http://localhost:3058/admin/crm/add-lead
    @375px:
      - navigation failed: page.goto: net::ERR_CONNECTION_REFUSED at http://localhost:3058/admin/crm/add-lead

    expect(received).toEqual(expected) // deep equality

    - Expected  -  1
    + Received  + 12

    - Array []
    + Array [
    +   "@1600px:
    +   - navigation failed: page.goto: net::ERR_CONNECTION_REFUSED at http://localhost:3058/admin/crm/add-lead",
    +   "@1200px:
    +   - navigation failed: page.goto: net::ERR_CONNECTION_REFUSED at http://localhost:3058/admin/crm/add-lead",
    +   "@768px:
    +   - navigation failed: page.goto: net::ERR_CONNECTION_REFUSED at http://localhost:3058/admin/crm/add-lead",
    +   "@480px:
    +   - navigation failed: page.goto: net::ERR_CONNECTION_REFUSED at http://localhost:3058/admin/crm/add-lead",
    +   "@375px:
    +   - navigation failed: page.goto: net::ERR_CONNECTION_REFUSED at http://localhost:3058/admin/crm/add-lead",
    + ]

      12 |   await testInfo.attach("matrix", { body: JSON.stringify({ route, url, results }), contentType: "application/json" });
      13 |   const failed = results.filter((r) => r.issues.length).map((r) => `@${r.viewport}px:\n  - ${r.issues.join("\n  - ")}`);
    > 14 |   expect(failed, `${url}\n${failed.join("\n")}`).toEqual([]);
         |                                                  ^
      15 | }
      16 |
      17 | test.describe("admin routes x viewports", () => {
        at runMatrix (C:\Users\priyank\Desktop\Development\BharatAgrolink-admin\e2e\responsive.spec.mjs:14:50)
        at C:\Users\priyank\Desktop\Development\BharatAgrolink-admin\e2e\responsive.spec.mjs:20:7

    attachment #7: screenshot (image/png) ΓöÇΓöÇΓöÇΓöÇΓöÇΓöÇΓöÇΓöÇΓöÇΓöÇΓöÇΓöÇΓöÇΓöÇΓöÇΓöÇΓöÇΓöÇΓöÇΓöÇΓöÇΓöÇΓöÇΓöÇΓöÇΓöÇΓöÇΓöÇΓöÇΓöÇΓöÇΓöÇΓöÇΓöÇΓöÇΓöÇΓöÇΓöÇΓöÇΓöÇΓöÇΓöÇΓöÇΓöÇΓöÇΓöÇΓöÇΓöÇΓöÇΓöÇΓöÇΓöÇΓöÇΓöÇΓöÇΓöÇΓöÇΓöÇ
    test-results\responsive-admin-routes-x-viewports-admin-crm-add-lead-chromium\test-failed-1.png
    ΓöÇΓöÇΓöÇΓöÇΓöÇΓöÇΓöÇΓöÇΓöÇΓöÇΓöÇΓöÇΓöÇΓöÇΓöÇΓöÇΓöÇΓöÇΓöÇΓöÇΓöÇΓöÇΓöÇΓöÇΓöÇΓöÇΓöÇΓöÇΓöÇΓöÇΓöÇΓöÇΓöÇΓöÇΓöÇΓöÇΓöÇΓöÇΓöÇΓöÇΓöÇΓöÇΓöÇΓöÇΓöÇΓöÇΓöÇΓöÇΓöÇΓöÇΓöÇΓöÇΓöÇΓöÇΓöÇΓöÇΓöÇΓöÇΓöÇΓöÇΓöÇΓöÇΓöÇΓöÇΓöÇΓöÇΓöÇΓöÇΓöÇΓöÇΓöÇΓöÇΓöÇΓöÇΓöÇΓöÇΓöÇΓöÇΓöÇΓöÇΓöÇΓöÇΓöÇΓöÇΓöÇΓöÇΓöÇΓöÇΓöÇΓöÇΓöÇΓöÇΓöÇΓöÇΓöÇΓöÇ

    Error Context: test-results\responsive-admin-routes-x-viewports-admin-crm-add-lead-chromium\error-context.md

    attachment #9: trace (application/zip) ΓöÇΓöÇΓöÇΓöÇΓöÇΓöÇΓöÇΓöÇΓöÇΓöÇΓöÇΓöÇΓöÇΓöÇΓöÇΓöÇΓöÇΓöÇΓöÇΓöÇΓöÇΓöÇΓöÇΓöÇΓöÇΓöÇΓöÇΓöÇΓöÇΓöÇΓöÇΓöÇΓöÇΓöÇΓöÇΓöÇΓöÇΓöÇΓöÇΓöÇΓöÇΓöÇΓöÇΓöÇΓöÇΓöÇΓöÇΓöÇΓöÇΓöÇΓöÇΓöÇΓöÇΓöÇΓöÇΓöÇΓöÇ
    test-results\responsive-admin-routes-x-viewports-admin-crm-add-lead-chromium\trace.zip
    Usage:

        npx playwright show-trace test-results\responsive-admin-routes-x-viewports-admin-crm-add-lead-chromium\trace.zip

    ΓöÇΓöÇΓöÇΓöÇΓöÇΓöÇΓöÇΓöÇΓöÇΓöÇΓöÇΓöÇΓöÇΓöÇΓöÇΓöÇΓöÇΓöÇΓöÇΓöÇΓöÇΓöÇΓöÇΓöÇΓöÇΓöÇΓöÇΓöÇΓöÇΓöÇΓöÇΓöÇΓöÇΓöÇΓöÇΓöÇΓöÇΓöÇΓöÇΓöÇΓöÇΓöÇΓöÇΓöÇΓöÇΓöÇΓöÇΓöÇΓöÇΓöÇΓöÇΓöÇΓöÇΓöÇΓöÇΓöÇΓöÇΓöÇΓöÇΓöÇΓöÇΓöÇΓöÇΓöÇΓöÇΓöÇΓöÇΓöÇΓöÇΓöÇΓöÇΓöÇΓöÇΓöÇΓöÇΓöÇΓöÇΓöÇΓöÇΓöÇΓöÇΓöÇΓöÇΓöÇΓöÇΓöÇΓöÇΓöÇΓöÇΓöÇΓöÇΓöÇΓöÇΓöÇΓöÇΓöÇ

  53) [chromium] ΓÇ║ e2e\responsive.spec.mjs:19:5 ΓÇ║ admin routes x viewports ΓÇ║ /admin/crm/agent-leads 

    Error: /admin/crm/agent-leads
    @1600px:
      - navigation failed: page.goto: net::ERR_CONNECTION_REFUSED at http://localhost:3058/admin/crm/agent-leads
    @1200px:
      - navigation failed: page.goto: net::ERR_CONNECTION_REFUSED at http://localhost:3058/admin/crm/agent-leads
    @768px:
      - navigation failed: page.goto: net::ERR_CONNECTION_REFUSED at http://localhost:3058/admin/crm/agent-leads
    @480px:
      - navigation failed: page.goto: net::ERR_CONNECTION_REFUSED at http://localhost:3058/admin/crm/agent-leads
    @375px:
      - navigation failed: page.goto: net::ERR_CONNECTION_REFUSED at http://localhost:3058/admin/crm/agent-leads

    expect(received).toEqual(expected) // deep equality

    - Expected  -  1
    + Received  + 12

    - Array []
    + Array [
    +   "@1600px:
    +   - navigation failed: page.goto: net::ERR_CONNECTION_REFUSED at http://localhost:3058/admin/crm/agent-leads",
    +   "@1200px:
    +   - navigation failed: page.goto: net::ERR_CONNECTION_REFUSED at http://localhost:3058/admin/crm/agent-leads",
    +   "@768px:
    +   - navigation failed: page.goto: net::ERR_CONNECTION_REFUSED at http://localhost:3058/admin/crm/agent-leads",
    +   "@480px:
    +   - navigation failed: page.goto: net::ERR_CONNECTION_REFUSED at http://localhost:3058/admin/crm/agent-leads",
    +   "@375px:
    +   - navigation failed: page.goto: net::ERR_CONNECTION_REFUSED at http://localhost:3058/admin/crm/agent-leads",
    + ]

      12 |   await testInfo.attach("matrix", { body: JSON.stringify({ route, url, results }), contentType: "application/json" });
      13 |   const failed = results.filter((r) => r.issues.length).map((r) => `@${r.viewport}px:\n  - ${r.issues.join("\n  - ")}`);
    > 14 |   expect(failed, `${url}\n${failed.join("\n")}`).toEqual([]);
         |                                                  ^
      15 | }
      16 |
      17 | test.describe("admin routes x viewports", () => {
        at runMatrix (C:\Users\priyank\Desktop\Development\BharatAgrolink-admin\e2e\responsive.spec.mjs:14:50)
        at C:\Users\priyank\Desktop\Development\BharatAgrolink-admin\e2e\responsive.spec.mjs:20:7

    attachment #7: screenshot (image/png) ΓöÇΓöÇΓöÇΓöÇΓöÇΓöÇΓöÇΓöÇΓöÇΓöÇΓöÇΓöÇΓöÇΓöÇΓöÇΓöÇΓöÇΓöÇΓöÇΓöÇΓöÇΓöÇΓöÇΓöÇΓöÇΓöÇΓöÇΓöÇΓöÇΓöÇΓöÇΓöÇΓöÇΓöÇΓöÇΓöÇΓöÇΓöÇΓöÇΓöÇΓöÇΓöÇΓöÇΓöÇΓöÇΓöÇΓöÇΓöÇΓöÇΓöÇΓöÇΓöÇΓöÇΓöÇΓöÇΓöÇΓöÇΓöÇ
    test-results\responsive-admin-routes-x-viewports-admin-crm-agent-leads-chromium\test-failed-1.png
    ΓöÇΓöÇΓöÇΓöÇΓöÇΓöÇΓöÇΓöÇΓöÇΓöÇΓöÇΓöÇΓöÇΓöÇΓöÇΓöÇΓöÇΓöÇΓöÇΓöÇΓöÇΓöÇΓöÇΓöÇΓöÇΓöÇΓöÇΓöÇΓöÇΓöÇΓöÇΓöÇΓöÇΓöÇΓöÇΓöÇΓöÇΓöÇΓöÇΓöÇΓöÇΓöÇΓöÇΓöÇΓöÇΓöÇΓöÇΓöÇΓöÇΓöÇΓöÇΓöÇΓöÇΓöÇΓöÇΓöÇΓöÇΓöÇΓöÇΓöÇΓöÇΓöÇΓöÇΓöÇΓöÇΓöÇΓöÇΓöÇΓöÇΓöÇΓöÇΓöÇΓöÇΓöÇΓöÇΓöÇΓöÇΓöÇΓöÇΓöÇΓöÇΓöÇΓöÇΓöÇΓöÇΓöÇΓöÇΓöÇΓöÇΓöÇΓöÇΓöÇΓöÇΓöÇΓöÇΓöÇ

    Error Context: test-results\responsive-admin-routes-x-viewports-admin-crm-agent-leads-chromium\error-context.md

    attachment #9: trace (application/zip) ΓöÇΓöÇΓöÇΓöÇΓöÇΓöÇΓöÇΓöÇΓöÇΓöÇΓöÇΓöÇΓöÇΓöÇΓöÇΓöÇΓöÇΓöÇΓöÇΓöÇΓöÇΓöÇΓöÇΓöÇΓöÇΓöÇΓöÇΓöÇΓöÇΓöÇΓöÇΓöÇΓöÇΓöÇΓöÇΓöÇΓöÇΓöÇΓöÇΓöÇΓöÇΓöÇΓöÇΓöÇΓöÇΓöÇΓöÇΓöÇΓöÇΓöÇΓöÇΓöÇΓöÇΓöÇΓöÇΓöÇΓöÇ
    test-results\responsive-admin-routes-x-viewports-admin-crm-agent-leads-chromium\trace.zip
    Usage:

        npx playwright show-trace test-results\responsive-admin-routes-x-viewports-admin-crm-agent-leads-chromium\trace.zip

    ΓöÇΓöÇΓöÇΓöÇΓöÇΓöÇΓöÇΓöÇΓöÇΓöÇΓöÇΓöÇΓöÇΓöÇΓöÇΓöÇΓöÇΓöÇΓöÇΓöÇΓöÇΓöÇΓöÇΓöÇΓöÇΓöÇΓöÇΓöÇΓöÇΓöÇΓöÇΓöÇΓöÇΓöÇΓöÇΓöÇΓöÇΓöÇΓöÇΓöÇΓöÇΓöÇΓöÇΓöÇΓöÇΓöÇΓöÇΓöÇΓöÇΓöÇΓöÇΓöÇΓöÇΓöÇΓöÇΓöÇΓöÇΓöÇΓöÇΓöÇΓöÇΓöÇΓöÇΓöÇΓöÇΓöÇΓöÇΓöÇΓöÇΓöÇΓöÇΓöÇΓöÇΓöÇΓöÇΓöÇΓöÇΓöÇΓöÇΓöÇΓöÇΓöÇΓöÇΓöÇΓöÇΓöÇΓöÇΓöÇΓöÇΓöÇΓöÇΓöÇΓöÇΓöÇΓöÇΓöÇ

  54) [chromium] ΓÇ║ e2e\responsive.spec.mjs:19:5 ΓÇ║ admin routes x viewports ΓÇ║ /admin/crm/ai-calls ΓöÇΓöÇΓöÇ

    Error: /admin/crm/ai-calls
    @1600px:
      - navigation failed: page.goto: net::ERR_CONNECTION_REFUSED at http://localhost:3058/admin/crm/ai-calls
    @1200px:
      - navigation failed: page.goto: net::ERR_CONNECTION_REFUSED at http://localhost:3058/admin/crm/ai-calls
    @768px:
      - navigation failed: page.goto: net::ERR_CONNECTION_REFUSED at http://localhost:3058/admin/crm/ai-calls
    @480px:
      - navigation failed: page.goto: net::ERR_CONNECTION_REFUSED at http://localhost:3058/admin/crm/ai-calls
    @375px:
      - navigation failed: page.goto: net::ERR_CONNECTION_REFUSED at http://localhost:3058/admin/crm/ai-calls

    expect(received).toEqual(expected) // deep equality

    - Expected  -  1
    + Received  + 12

    - Array []
    + Array [
    +   "@1600px:
    +   - navigation failed: page.goto: net::ERR_CONNECTION_REFUSED at http://localhost:3058/admin/crm/ai-calls",
    +   "@1200px:
    +   - navigation failed: page.goto: net::ERR_CONNECTION_REFUSED at http://localhost:3058/admin/crm/ai-calls",
    +   "@768px:
    +   - navigation failed: page.goto: net::ERR_CONNECTION_REFUSED at http://localhost:3058/admin/crm/ai-calls",
    +   "@480px:
    +   - navigation failed: page.goto: net::ERR_CONNECTION_REFUSED at http://localhost:3058/admin/crm/ai-calls",
    +   "@375px:
    +   - navigation failed: page.goto: net::ERR_CONNECTION_REFUSED at http://localhost:3058/admin/crm/ai-calls",
    + ]

      12 |   await testInfo.attach("matrix", { body: JSON.stringify({ route, url, results }), contentType: "application/json" });
      13 |   const failed = results.filter((r) => r.issues.length).map((r) => `@${r.viewport}px:\n  - ${r.issues.join("\n  - ")}`);
    > 14 |   expect(failed, `${url}\n${failed.join("\n")}`).toEqual([]);
         |                                                  ^
      15 | }
      16 |
      17 | test.describe("admin routes x viewports", () => {
        at runMatrix (C:\Users\priyank\Desktop\Development\BharatAgrolink-admin\e2e\responsive.spec.mjs:14:50)
        at C:\Users\priyank\Desktop\Development\BharatAgrolink-admin\e2e\responsive.spec.mjs:20:7

    attachment #7: screenshot (image/png) ΓöÇΓöÇΓöÇΓöÇΓöÇΓöÇΓöÇΓöÇΓöÇΓöÇΓöÇΓöÇΓöÇΓöÇΓöÇΓöÇΓöÇΓöÇΓöÇΓöÇΓöÇΓöÇΓöÇΓöÇΓöÇΓöÇΓöÇΓöÇΓöÇΓöÇΓöÇΓöÇΓöÇΓöÇΓöÇΓöÇΓöÇΓöÇΓöÇΓöÇΓöÇΓöÇΓöÇΓöÇΓöÇΓöÇΓöÇΓöÇΓöÇΓöÇΓöÇΓöÇΓöÇΓöÇΓöÇΓöÇΓöÇΓöÇ
    test-results\responsive-admin-routes-x-viewports-admin-crm-ai-calls-chromium\test-failed-1.png
    ΓöÇΓöÇΓöÇΓöÇΓöÇΓöÇΓöÇΓöÇΓöÇΓöÇΓöÇΓöÇΓöÇΓöÇΓöÇΓöÇΓöÇΓöÇΓöÇΓöÇΓöÇΓöÇΓöÇΓöÇΓöÇΓöÇΓöÇΓöÇΓöÇΓöÇΓöÇΓöÇΓöÇΓöÇΓöÇΓöÇΓöÇΓöÇΓöÇΓöÇΓöÇΓöÇΓöÇΓöÇΓöÇΓöÇΓöÇΓöÇΓöÇΓöÇΓöÇΓöÇΓöÇΓöÇΓöÇΓöÇΓöÇΓöÇΓöÇΓöÇΓöÇΓöÇΓöÇΓöÇΓöÇΓöÇΓöÇΓöÇΓöÇΓöÇΓöÇΓöÇΓöÇΓöÇΓöÇΓöÇΓöÇΓöÇΓöÇΓöÇΓöÇΓöÇΓöÇΓöÇΓöÇΓöÇΓöÇΓöÇΓöÇΓöÇΓöÇΓöÇΓöÇΓöÇΓöÇΓöÇ

    Error Context: test-results\responsive-admin-routes-x-viewports-admin-crm-ai-calls-chromium\error-context.md

    attachment #9: trace (application/zip) ΓöÇΓöÇΓöÇΓöÇΓöÇΓöÇΓöÇΓöÇΓöÇΓöÇΓöÇΓöÇΓöÇΓöÇΓöÇΓöÇΓöÇΓöÇΓöÇΓöÇΓöÇΓöÇΓöÇΓöÇΓöÇΓöÇΓöÇΓöÇΓöÇΓöÇΓöÇΓöÇΓöÇΓöÇΓöÇΓöÇΓöÇΓöÇΓöÇΓöÇΓöÇΓöÇΓöÇΓöÇΓöÇΓöÇΓöÇΓöÇΓöÇΓöÇΓöÇΓöÇΓöÇΓöÇΓöÇΓöÇΓöÇ
    test-results\responsive-admin-routes-x-viewports-admin-crm-ai-calls-chromium\trace.zip
    Usage:

        npx playwright show-trace test-results\responsive-admin-routes-x-viewports-admin-crm-ai-calls-chromium\trace.zip

    ΓöÇΓöÇΓöÇΓöÇΓöÇΓöÇΓöÇΓöÇΓöÇΓöÇΓöÇΓöÇΓöÇΓöÇΓöÇΓöÇΓöÇΓöÇΓöÇΓöÇΓöÇΓöÇΓöÇΓöÇΓöÇΓöÇΓöÇΓöÇΓöÇΓöÇΓöÇΓöÇΓöÇΓöÇΓöÇΓöÇΓöÇΓöÇΓöÇΓöÇΓöÇΓöÇΓöÇΓöÇΓöÇΓöÇΓöÇΓöÇΓöÇΓöÇΓöÇΓöÇΓöÇΓöÇΓöÇΓöÇΓöÇΓöÇΓöÇΓöÇΓöÇΓöÇΓöÇΓöÇΓöÇΓöÇΓöÇΓöÇΓöÇΓöÇΓöÇΓöÇΓöÇΓöÇΓöÇΓöÇΓöÇΓöÇΓöÇΓöÇΓöÇΓöÇΓöÇΓöÇΓöÇΓöÇΓöÇΓöÇΓöÇΓöÇΓöÇΓöÇΓöÇΓöÇΓöÇΓöÇ

  55) [chromium] ΓÇ║ e2e\responsive.spec.mjs:19:5 ΓÇ║ admin routes x viewports ΓÇ║ /admin/crm/call-audit ΓöÇ

    Error: /admin/crm/call-audit
    @1600px:
      - navigation failed: page.goto: net::ERR_CONNECTION_REFUSED at http://localhost:3058/admin/crm/call-audit
    @1200px:
      - navigation failed: page.goto: net::ERR_CONNECTION_REFUSED at http://localhost:3058/admin/crm/call-audit
    @768px:
      - navigation failed: page.goto: net::ERR_CONNECTION_REFUSED at http://localhost:3058/admin/crm/call-audit
    @480px:
      - navigation failed: page.goto: net::ERR_CONNECTION_REFUSED at http://localhost:3058/admin/crm/call-audit
    @375px:
      - navigation failed: page.goto: net::ERR_CONNECTION_REFUSED at http://localhost:3058/admin/crm/call-audit

    expect(received).toEqual(expected) // deep equality

    - Expected  -  1
    + Received  + 12

    - Array []
    + Array [
    +   "@1600px:
    +   - navigation failed: page.goto: net::ERR_CONNECTION_REFUSED at http://localhost:3058/admin/crm/call-audit",
    +   "@1200px:
    +   - navigation failed: page.goto: net::ERR_CONNECTION_REFUSED at http://localhost:3058/admin/crm/call-audit",
    +   "@768px:
    +   - navigation failed: page.goto: net::ERR_CONNECTION_REFUSED at http://localhost:3058/admin/crm/call-audit",
    +   "@480px:
    +   - navigation failed: page.goto: net::ERR_CONNECTION_REFUSED at http://localhost:3058/admin/crm/call-audit",
    +   "@375px:
    +   - navigation failed: page.goto: net::ERR_CONNECTION_REFUSED at http://localhost:3058/admin/crm/call-audit",
    + ]

      12 |   await testInfo.attach("matrix", { body: JSON.stringify({ route, url, results }), contentType: "application/json" });
      13 |   const failed = results.filter((r) => r.issues.length).map((r) => `@${r.viewport}px:\n  - ${r.issues.join("\n  - ")}`);
    > 14 |   expect(failed, `${url}\n${failed.join("\n")}`).toEqual([]);
         |                                                  ^
      15 | }
      16 |
      17 | test.describe("admin routes x viewports", () => {
        at runMatrix (C:\Users\priyank\Desktop\Development\BharatAgrolink-admin\e2e\responsive.spec.mjs:14:50)
        at C:\Users\priyank\Desktop\Development\BharatAgrolink-admin\e2e\responsive.spec.mjs:20:7

    attachment #7: screenshot (image/png) ΓöÇΓöÇΓöÇΓöÇΓöÇΓöÇΓöÇΓöÇΓöÇΓöÇΓöÇΓöÇΓöÇΓöÇΓöÇΓöÇΓöÇΓöÇΓöÇΓöÇΓöÇΓöÇΓöÇΓöÇΓöÇΓöÇΓöÇΓöÇΓöÇΓöÇΓöÇΓöÇΓöÇΓöÇΓöÇΓöÇΓöÇΓöÇΓöÇΓöÇΓöÇΓöÇΓöÇΓöÇΓöÇΓöÇΓöÇΓöÇΓöÇΓöÇΓöÇΓöÇΓöÇΓöÇΓöÇΓöÇΓöÇΓöÇ
    test-results\responsive-admin-routes-x-viewports-admin-crm-call-audit-chromium\test-failed-1.png
    ΓöÇΓöÇΓöÇΓöÇΓöÇΓöÇΓöÇΓöÇΓöÇΓöÇΓöÇΓöÇΓöÇΓöÇΓöÇΓöÇΓöÇΓöÇΓöÇΓöÇΓöÇΓöÇΓöÇΓöÇΓöÇΓöÇΓöÇΓöÇΓöÇΓöÇΓöÇΓöÇΓöÇΓöÇΓöÇΓöÇΓöÇΓöÇΓöÇΓöÇΓöÇΓöÇΓöÇΓöÇΓöÇΓöÇΓöÇΓöÇΓöÇΓöÇΓöÇΓöÇΓöÇΓöÇΓöÇΓöÇΓöÇΓöÇΓöÇΓöÇΓöÇΓöÇΓöÇΓöÇΓöÇΓöÇΓöÇΓöÇΓöÇΓöÇΓöÇΓöÇΓöÇΓöÇΓöÇΓöÇΓöÇΓöÇΓöÇΓöÇΓöÇΓöÇΓöÇΓöÇΓöÇΓöÇΓöÇΓöÇΓöÇΓöÇΓöÇΓöÇΓöÇΓöÇΓöÇΓöÇ

    Error Context: test-results\responsive-admin-routes-x-viewports-admin-crm-call-audit-chromium\error-context.md

    attachment #9: trace (application/zip) ΓöÇΓöÇΓöÇΓöÇΓöÇΓöÇΓöÇΓöÇΓöÇΓöÇΓöÇΓöÇΓöÇΓöÇΓöÇΓöÇΓöÇΓöÇΓöÇΓöÇΓöÇΓöÇΓöÇΓöÇΓöÇΓöÇΓöÇΓöÇΓöÇΓöÇΓöÇΓöÇΓöÇΓöÇΓöÇΓöÇΓöÇΓöÇΓöÇΓöÇΓöÇΓöÇΓöÇΓöÇΓöÇΓöÇΓöÇΓöÇΓöÇΓöÇΓöÇΓöÇΓöÇΓöÇΓöÇΓöÇΓöÇ
    test-results\responsive-admin-routes-x-viewports-admin-crm-call-audit-chromium\trace.zip
    Usage:

        npx playwright show-trace test-results\responsive-admin-routes-x-viewports-admin-crm-call-audit-chromium\trace.zip

    ΓöÇΓöÇΓöÇΓöÇΓöÇΓöÇΓöÇΓöÇΓöÇΓöÇΓöÇΓöÇΓöÇΓöÇΓöÇΓöÇΓöÇΓöÇΓöÇΓöÇΓöÇΓöÇΓöÇΓöÇΓöÇΓöÇΓöÇΓöÇΓöÇΓöÇΓöÇΓöÇΓöÇΓöÇΓöÇΓöÇΓöÇΓöÇΓöÇΓöÇΓöÇΓöÇΓöÇΓöÇΓöÇΓöÇΓöÇΓöÇΓöÇΓöÇΓöÇΓöÇΓöÇΓöÇΓöÇΓöÇΓöÇΓöÇΓöÇΓöÇΓöÇΓöÇΓöÇΓöÇΓöÇΓöÇΓöÇΓöÇΓöÇΓöÇΓöÇΓöÇΓöÇΓöÇΓöÇΓöÇΓöÇΓöÇΓöÇΓöÇΓöÇΓöÇΓöÇΓöÇΓöÇΓöÇΓöÇΓöÇΓöÇΓöÇΓöÇΓöÇΓöÇΓöÇΓöÇΓöÇ

  56) [chromium] ΓÇ║ e2e\responsive.spec.mjs:19:5 ΓÇ║ admin routes x viewports ΓÇ║ /admin/crm/circles ΓöÇΓöÇΓöÇΓöÇ

    Error: /admin/crm/circles
    @1600px:
      - navigation failed: page.goto: net::ERR_CONNECTION_REFUSED at http://localhost:3058/admin/crm/circles
    @1200px:
      - navigation failed: page.goto: net::ERR_CONNECTION_REFUSED at http://localhost:3058/admin/crm/circles
    @768px:
      - navigation failed: page.goto: net::ERR_CONNECTION_REFUSED at http://localhost:3058/admin/crm/circles
    @480px:
      - navigation failed: page.goto: net::ERR_CONNECTION_REFUSED at http://localhost:3058/admin/crm/circles
    @375px:
      - navigation failed: page.goto: net::ERR_CONNECTION_REFUSED at http://localhost:3058/admin/crm/circles

    expect(received).toEqual(expected) // deep equality

    - Expected  -  1
    + Received  + 12

    - Array []
    + Array [
    +   "@1600px:
    +   - navigation failed: page.goto: net::ERR_CONNECTION_REFUSED at http://localhost:3058/admin/crm/circles",
    +   "@1200px:
    +   - navigation failed: page.goto: net::ERR_CONNECTION_REFUSED at http://localhost:3058/admin/crm/circles",
    +   "@768px:
    +   - navigation failed: page.goto: net::ERR_CONNECTION_REFUSED at http://localhost:3058/admin/crm/circles",
    +   "@480px:
    +   - navigation failed: page.goto: net::ERR_CONNECTION_REFUSED at http://localhost:3058/admin/crm/circles",
    +   "@375px:
    +   - navigation failed: page.goto: net::ERR_CONNECTION_REFUSED at http://localhost:3058/admin/crm/circles",
    + ]

      12 |   await testInfo.attach("matrix", { body: JSON.stringify({ route, url, results }), contentType: "application/json" });
      13 |   const failed = results.filter((r) => r.issues.length).map((r) => `@${r.viewport}px:\n  - ${r.issues.join("\n  - ")}`);
    > 14 |   expect(failed, `${url}\n${failed.join("\n")}`).toEqual([]);
         |                                                  ^
      15 | }
      16 |
      17 | test.describe("admin routes x viewports", () => {
        at runMatrix (C:\Users\priyank\Desktop\Development\BharatAgrolink-admin\e2e\responsive.spec.mjs:14:50)
        at C:\Users\priyank\Desktop\Development\BharatAgrolink-admin\e2e\responsive.spec.mjs:20:7

    attachment #7: screenshot (image/png) ΓöÇΓöÇΓöÇΓöÇΓöÇΓöÇΓöÇΓöÇΓöÇΓöÇΓöÇΓöÇΓöÇΓöÇΓöÇΓöÇΓöÇΓöÇΓöÇΓöÇΓöÇΓöÇΓöÇΓöÇΓöÇΓöÇΓöÇΓöÇΓöÇΓöÇΓöÇΓöÇΓöÇΓöÇΓöÇΓöÇΓöÇΓöÇΓöÇΓöÇΓöÇΓöÇΓöÇΓöÇΓöÇΓöÇΓöÇΓöÇΓöÇΓöÇΓöÇΓöÇΓöÇΓöÇΓöÇΓöÇΓöÇΓöÇ
    test-results\responsive-admin-routes-x-viewports-admin-crm-circles-chromium\test-failed-1.png
    ΓöÇΓöÇΓöÇΓöÇΓöÇΓöÇΓöÇΓöÇΓöÇΓöÇΓöÇΓöÇΓöÇΓöÇΓöÇΓöÇΓöÇΓöÇΓöÇΓöÇΓöÇΓöÇΓöÇΓöÇΓöÇΓöÇΓöÇΓöÇΓöÇΓöÇΓöÇΓöÇΓöÇΓöÇΓöÇΓöÇΓöÇΓöÇΓöÇΓöÇΓöÇΓöÇΓöÇΓöÇΓöÇΓöÇΓöÇΓöÇΓöÇΓöÇΓöÇΓöÇΓöÇΓöÇΓöÇΓöÇΓöÇΓöÇΓöÇΓöÇΓöÇΓöÇΓöÇΓöÇΓöÇΓöÇΓöÇΓöÇΓöÇΓöÇΓöÇΓöÇΓöÇΓöÇΓöÇΓöÇΓöÇΓöÇΓöÇΓöÇΓöÇΓöÇΓöÇΓöÇΓöÇΓöÇΓöÇΓöÇΓöÇΓöÇΓöÇΓöÇΓöÇΓöÇΓöÇΓöÇ

    Error Context: test-results\responsive-admin-routes-x-viewports-admin-crm-circles-chromium\error-context.md

    attachment #9: trace (application/zip) ΓöÇΓöÇΓöÇΓöÇΓöÇΓöÇΓöÇΓöÇΓöÇΓöÇΓöÇΓöÇΓöÇΓöÇΓöÇΓöÇΓöÇΓöÇΓöÇΓöÇΓöÇΓöÇΓöÇΓöÇΓöÇΓöÇΓöÇΓöÇΓöÇΓöÇΓöÇΓöÇΓöÇΓöÇΓöÇΓöÇΓöÇΓöÇΓöÇΓöÇΓöÇΓöÇΓöÇΓöÇΓöÇΓöÇΓöÇΓöÇΓöÇΓöÇΓöÇΓöÇΓöÇΓöÇΓöÇΓöÇΓöÇ
    test-results\responsive-admin-routes-x-viewports-admin-crm-circles-chromium\trace.zip
    Usage:

        npx playwright show-trace test-results\responsive-admin-routes-x-viewports-admin-crm-circles-chromium\trace.zip

    ΓöÇΓöÇΓöÇΓöÇΓöÇΓöÇΓöÇΓöÇΓöÇΓöÇΓöÇΓöÇΓöÇΓöÇΓöÇΓöÇΓöÇΓöÇΓöÇΓöÇΓöÇΓöÇΓöÇΓöÇΓöÇΓöÇΓöÇΓöÇΓöÇΓöÇΓöÇΓöÇΓöÇΓöÇΓöÇΓöÇΓöÇΓöÇΓöÇΓöÇΓöÇΓöÇΓöÇΓöÇΓöÇΓöÇΓöÇΓöÇΓöÇΓöÇΓöÇΓöÇΓöÇΓöÇΓöÇΓöÇΓöÇΓöÇΓöÇΓöÇΓöÇΓöÇΓöÇΓöÇΓöÇΓöÇΓöÇΓöÇΓöÇΓöÇΓöÇΓöÇΓöÇΓöÇΓöÇΓöÇΓöÇΓöÇΓöÇΓöÇΓöÇΓöÇΓöÇΓöÇΓöÇΓöÇΓöÇΓöÇΓöÇΓöÇΓöÇΓöÇΓöÇΓöÇΓöÇΓöÇ

  57) [chromium] ΓÇ║ e2e\responsive.spec.mjs:19:5 ΓÇ║ admin routes x viewports ΓÇ║ /admin/crm/convert ΓöÇΓöÇΓöÇΓöÇ

    Error: /admin/crm/convert
    @1600px:
      - navigation failed: page.goto: net::ERR_CONNECTION_REFUSED at http://localhost:3058/admin/crm/convert
    @1200px:
      - navigation failed: page.goto: net::ERR_CONNECTION_REFUSED at http://localhost:3058/admin/crm/convert
    @768px:
      - navigation failed: page.goto: net::ERR_CONNECTION_REFUSED at http://localhost:3058/admin/crm/convert
    @480px:
      - navigation failed: page.goto: net::ERR_CONNECTION_REFUSED at http://localhost:3058/admin/crm/convert
    @375px:
      - navigation failed: page.goto: net::ERR_CONNECTION_REFUSED at http://localhost:3058/admin/crm/convert

    expect(received).toEqual(expected) // deep equality

    - Expected  -  1
    + Received  + 12

    - Array []
    + Array [
    +   "@1600px:
    +   - navigation failed: page.goto: net::ERR_CONNECTION_REFUSED at http://localhost:3058/admin/crm/convert",
    +   "@1200px:
    +   - navigation failed: page.goto: net::ERR_CONNECTION_REFUSED at http://localhost:3058/admin/crm/convert",
    +   "@768px:
    +   - navigation failed: page.goto: net::ERR_CONNECTION_REFUSED at http://localhost:3058/admin/crm/convert",
    +   "@480px:
    +   - navigation failed: page.goto: net::ERR_CONNECTION_REFUSED at http://localhost:3058/admin/crm/convert",
    +   "@375px:
    +   - navigation failed: page.goto: net::ERR_CONNECTION_REFUSED at http://localhost:3058/admin/crm/convert",
    + ]

      12 |   await testInfo.attach("matrix", { body: JSON.stringify({ route, url, results }), contentType: "application/json" });
      13 |   const failed = results.filter((r) => r.issues.length).map((r) => `@${r.viewport}px:\n  - ${r.issues.join("\n  - ")}`);
    > 14 |   expect(failed, `${url}\n${failed.join("\n")}`).toEqual([]);
         |                                                  ^
      15 | }
      16 |
      17 | test.describe("admin routes x viewports", () => {
        at runMatrix (C:\Users\priyank\Desktop\Development\BharatAgrolink-admin\e2e\responsive.spec.mjs:14:50)
        at C:\Users\priyank\Desktop\Development\BharatAgrolink-admin\e2e\responsive.spec.mjs:20:7

    attachment #7: screenshot (image/png) ΓöÇΓöÇΓöÇΓöÇΓöÇΓöÇΓöÇΓöÇΓöÇΓöÇΓöÇΓöÇΓöÇΓöÇΓöÇΓöÇΓöÇΓöÇΓöÇΓöÇΓöÇΓöÇΓöÇΓöÇΓöÇΓöÇΓöÇΓöÇΓöÇΓöÇΓöÇΓöÇΓöÇΓöÇΓöÇΓöÇΓöÇΓöÇΓöÇΓöÇΓöÇΓöÇΓöÇΓöÇΓöÇΓöÇΓöÇΓöÇΓöÇΓöÇΓöÇΓöÇΓöÇΓöÇΓöÇΓöÇΓöÇΓöÇ
    test-results\responsive-admin-routes-x-viewports-admin-crm-convert-chromium\test-failed-1.png
    ΓöÇΓöÇΓöÇΓöÇΓöÇΓöÇΓöÇΓöÇΓöÇΓöÇΓöÇΓöÇΓöÇΓöÇΓöÇΓöÇΓöÇΓöÇΓöÇΓöÇΓöÇΓöÇΓöÇΓöÇΓöÇΓöÇΓöÇΓöÇΓöÇΓöÇΓöÇΓöÇΓöÇΓöÇΓöÇΓöÇΓöÇΓöÇΓöÇΓöÇΓöÇΓöÇΓöÇΓöÇΓöÇΓöÇΓöÇΓöÇΓöÇΓöÇΓöÇΓöÇΓöÇΓöÇΓöÇΓöÇΓöÇΓöÇΓöÇΓöÇΓöÇΓöÇΓöÇΓöÇΓöÇΓöÇΓöÇΓöÇΓöÇΓöÇΓöÇΓöÇΓöÇΓöÇΓöÇΓöÇΓöÇΓöÇΓöÇΓöÇΓöÇΓöÇΓöÇΓöÇΓöÇΓöÇΓöÇΓöÇΓöÇΓöÇΓöÇΓöÇΓöÇΓöÇΓöÇΓöÇ

    Error Context: test-results\responsive-admin-routes-x-viewports-admin-crm-convert-chromium\error-context.md

    attachment #9: trace (application/zip) ΓöÇΓöÇΓöÇΓöÇΓöÇΓöÇΓöÇΓöÇΓöÇΓöÇΓöÇΓöÇΓöÇΓöÇΓöÇΓöÇΓöÇΓöÇΓöÇΓöÇΓöÇΓöÇΓöÇΓöÇΓöÇΓöÇΓöÇΓöÇΓöÇΓöÇΓöÇΓöÇΓöÇΓöÇΓöÇΓöÇΓöÇΓöÇΓöÇΓöÇΓöÇΓöÇΓöÇΓöÇΓöÇΓöÇΓöÇΓöÇΓöÇΓöÇΓöÇΓöÇΓöÇΓöÇΓöÇΓöÇΓöÇ
    test-results\responsive-admin-routes-x-viewports-admin-crm-convert-chromium\trace.zip
    Usage:

        npx playwright show-trace test-results\responsive-admin-routes-x-viewports-admin-crm-convert-chromium\trace.zip

    ΓöÇΓöÇΓöÇΓöÇΓöÇΓöÇΓöÇΓöÇΓöÇΓöÇΓöÇΓöÇΓöÇΓöÇΓöÇΓöÇΓöÇΓöÇΓöÇΓöÇΓöÇΓöÇΓöÇΓöÇΓöÇΓöÇΓöÇΓöÇΓöÇΓöÇΓöÇΓöÇΓöÇΓöÇΓöÇΓöÇΓöÇΓöÇΓöÇΓöÇΓöÇΓöÇΓöÇΓöÇΓöÇΓöÇΓöÇΓöÇΓöÇΓöÇΓöÇΓöÇΓöÇΓöÇΓöÇΓöÇΓöÇΓöÇΓöÇΓöÇΓöÇΓöÇΓöÇΓöÇΓöÇΓöÇΓöÇΓöÇΓöÇΓöÇΓöÇΓöÇΓöÇΓöÇΓöÇΓöÇΓöÇΓöÇΓöÇΓöÇΓöÇΓöÇΓöÇΓöÇΓöÇΓöÇΓöÇΓöÇΓöÇΓöÇΓöÇΓöÇΓöÇΓöÇΓöÇΓöÇ

  58) [chromium] ΓÇ║ e2e\responsive.spec.mjs:19:5 ΓÇ║ admin routes x viewports ΓÇ║ /admin/crm/customer-tracking 

    Error: /admin/crm/customer-tracking
    @1600px:
      - navigation failed: page.goto: net::ERR_CONNECTION_REFUSED at http://localhost:3058/admin/crm/customer-tracking
    @1200px:
      - navigation failed: page.goto: net::ERR_CONNECTION_REFUSED at http://localhost:3058/admin/crm/customer-tracking
    @768px:
      - navigation failed: page.goto: net::ERR_CONNECTION_REFUSED at http://localhost:3058/admin/crm/customer-tracking
    @480px:
      - navigation failed: page.goto: net::ERR_CONNECTION_REFUSED at http://localhost:3058/admin/crm/customer-tracking
    @375px:
      - navigation failed: page.goto: net::ERR_CONNECTION_REFUSED at http://localhost:3058/admin/crm/customer-tracking

    expect(received).toEqual(expected) // deep equality

    - Expected  -  1
    + Received  + 12

    - Array []
    + Array [
    +   "@1600px:
    +   - navigation failed: page.goto: net::ERR_CONNECTION_REFUSED at http://localhost:3058/admin/crm/customer-tracking",
    +   "@1200px:
    +   - navigation failed: page.goto: net::ERR_CONNECTION_REFUSED at http://localhost:3058/admin/crm/customer-tracking",
    +   "@768px:
    +   - navigation failed: page.goto: net::ERR_CONNECTION_REFUSED at http://localhost:3058/admin/crm/customer-tracking",
    +   "@480px:
    +   - navigation failed: page.goto: net::ERR_CONNECTION_REFUSED at http://localhost:3058/admin/crm/customer-tracking",
    +   "@375px:
    +   - navigation failed: page.goto: net::ERR_CONNECTION_REFUSED at http://localhost:3058/admin/crm/customer-tracking",
    + ]

      12 |   await testInfo.attach("matrix", { body: JSON.stringify({ route, url, results }), contentType: "application/json" });
      13 |   const failed = results.filter((r) => r.issues.length).map((r) => `@${r.viewport}px:\n  - ${r.issues.join("\n  - ")}`);
    > 14 |   expect(failed, `${url}\n${failed.join("\n")}`).toEqual([]);
         |                                                  ^
      15 | }
      16 |
      17 | test.describe("admin routes x viewports", () => {
        at runMatrix (C:\Users\priyank\Desktop\Development\BharatAgrolink-admin\e2e\responsive.spec.mjs:14:50)
        at C:\Users\priyank\Desktop\Development\BharatAgrolink-admin\e2e\responsive.spec.mjs:20:7

    attachment #7: screenshot (image/png) ΓöÇΓöÇΓöÇΓöÇΓöÇΓöÇΓöÇΓöÇΓöÇΓöÇΓöÇΓöÇΓöÇΓöÇΓöÇΓöÇΓöÇΓöÇΓöÇΓöÇΓöÇΓöÇΓöÇΓöÇΓöÇΓöÇΓöÇΓöÇΓöÇΓöÇΓöÇΓöÇΓöÇΓöÇΓöÇΓöÇΓöÇΓöÇΓöÇΓöÇΓöÇΓöÇΓöÇΓöÇΓöÇΓöÇΓöÇΓöÇΓöÇΓöÇΓöÇΓöÇΓöÇΓöÇΓöÇΓöÇΓöÇΓöÇ
    test-results\responsive-admin-routes-x--70c7d-admin-crm-customer-tracking-chromium\test-failed-1.png
    ΓöÇΓöÇΓöÇΓöÇΓöÇΓöÇΓöÇΓöÇΓöÇΓöÇΓöÇΓöÇΓöÇΓöÇΓöÇΓöÇΓöÇΓöÇΓöÇΓöÇΓöÇΓöÇΓöÇΓöÇΓöÇΓöÇΓöÇΓöÇΓöÇΓöÇΓöÇΓöÇΓöÇΓöÇΓöÇΓöÇΓöÇΓöÇΓöÇΓöÇΓöÇΓöÇΓöÇΓöÇΓöÇΓöÇΓöÇΓöÇΓöÇΓöÇΓöÇΓöÇΓöÇΓöÇΓöÇΓöÇΓöÇΓöÇΓöÇΓöÇΓöÇΓöÇΓöÇΓöÇΓöÇΓöÇΓöÇΓöÇΓöÇΓöÇΓöÇΓöÇΓöÇΓöÇΓöÇΓöÇΓöÇΓöÇΓöÇΓöÇΓöÇΓöÇΓöÇΓöÇΓöÇΓöÇΓöÇΓöÇΓöÇΓöÇΓöÇΓöÇΓöÇΓöÇΓöÇΓöÇ

    Error Context: test-results\responsive-admin-routes-x--70c7d-admin-crm-customer-tracking-chromium\error-context.md

    attachment #9: trace (application/zip) ΓöÇΓöÇΓöÇΓöÇΓöÇΓöÇΓöÇΓöÇΓöÇΓöÇΓöÇΓöÇΓöÇΓöÇΓöÇΓöÇΓöÇΓöÇΓöÇΓöÇΓöÇΓöÇΓöÇΓöÇΓöÇΓöÇΓöÇΓöÇΓöÇΓöÇΓöÇΓöÇΓöÇΓöÇΓöÇΓöÇΓöÇΓöÇΓöÇΓöÇΓöÇΓöÇΓöÇΓöÇΓöÇΓöÇΓöÇΓöÇΓöÇΓöÇΓöÇΓöÇΓöÇΓöÇΓöÇΓöÇΓöÇ
    test-results\responsive-admin-routes-x--70c7d-admin-crm-customer-tracking-chromium\trace.zip
    Usage:

        npx playwright show-trace test-results\responsive-admin-routes-x--70c7d-admin-crm-customer-tracking-chromium\trace.zip

    ΓöÇΓöÇΓöÇΓöÇΓöÇΓöÇΓöÇΓöÇΓöÇΓöÇΓöÇΓöÇΓöÇΓöÇΓöÇΓöÇΓöÇΓöÇΓöÇΓöÇΓöÇΓöÇΓöÇΓöÇΓöÇΓöÇΓöÇΓöÇΓöÇΓöÇΓöÇΓöÇΓöÇΓöÇΓöÇΓöÇΓöÇΓöÇΓöÇΓöÇΓöÇΓöÇΓöÇΓöÇΓöÇΓöÇΓöÇΓöÇΓöÇΓöÇΓöÇΓöÇΓöÇΓöÇΓöÇΓöÇΓöÇΓöÇΓöÇΓöÇΓöÇΓöÇΓöÇΓöÇΓöÇΓöÇΓöÇΓöÇΓöÇΓöÇΓöÇΓöÇΓöÇΓöÇΓöÇΓöÇΓöÇΓöÇΓöÇΓöÇΓöÇΓöÇΓöÇΓöÇΓöÇΓöÇΓöÇΓöÇΓöÇΓöÇΓöÇΓöÇΓöÇΓöÇΓöÇΓöÇ

  59) [chromium] ΓÇ║ e2e\responsive.spec.mjs:19:5 ΓÇ║ admin routes x viewports ΓÇ║ /admin/crm/dead ΓöÇΓöÇΓöÇΓöÇΓöÇΓöÇΓöÇ

    Error: /admin/crm/dead
    @1600px:
      - navigation failed: page.goto: net::ERR_CONNECTION_REFUSED at http://localhost:3058/admin/crm/dead
    @1200px:
      - navigation failed: page.goto: net::ERR_CONNECTION_REFUSED at http://localhost:3058/admin/crm/dead
    @768px:
      - navigation failed: page.goto: net::ERR_CONNECTION_REFUSED at http://localhost:3058/admin/crm/dead
    @480px:
      - navigation failed: page.goto: net::ERR_CONNECTION_REFUSED at http://localhost:3058/admin/crm/dead
    @375px:
      - navigation failed: page.goto: net::ERR_CONNECTION_REFUSED at http://localhost:3058/admin/crm/dead

    expect(received).toEqual(expected) // deep equality

    - Expected  -  1
    + Received  + 12

    - Array []
    + Array [
    +   "@1600px:
    +   - navigation failed: page.goto: net::ERR_CONNECTION_REFUSED at http://localhost:3058/admin/crm/dead",
    +   "@1200px:
    +   - navigation failed: page.goto: net::ERR_CONNECTION_REFUSED at http://localhost:3058/admin/crm/dead",
    +   "@768px:
    +   - navigation failed: page.goto: net::ERR_CONNECTION_REFUSED at http://localhost:3058/admin/crm/dead",
    +   "@480px:
    +   - navigation failed: page.goto: net::ERR_CONNECTION_REFUSED at http://localhost:3058/admin/crm/dead",
    +   "@375px:
    +   - navigation failed: page.goto: net::ERR_CONNECTION_REFUSED at http://localhost:3058/admin/crm/dead",
    + ]

      12 |   await testInfo.attach("matrix", { body: JSON.stringify({ route, url, results }), contentType: "application/json" });
      13 |   const failed = results.filter((r) => r.issues.length).map((r) => `@${r.viewport}px:\n  - ${r.issues.join("\n  - ")}`);
    > 14 |   expect(failed, `${url}\n${failed.join("\n")}`).toEqual([]);
         |                                                  ^
      15 | }
      16 |
      17 | test.describe("admin routes x viewports", () => {
        at runMatrix (C:\Users\priyank\Desktop\Development\BharatAgrolink-admin\e2e\responsive.spec.mjs:14:50)
        at C:\Users\priyank\Desktop\Development\BharatAgrolink-admin\e2e\responsive.spec.mjs:20:7

    attachment #7: screenshot (image/png) ΓöÇΓöÇΓöÇΓöÇΓöÇΓöÇΓöÇΓöÇΓöÇΓöÇΓöÇΓöÇΓöÇΓöÇΓöÇΓöÇΓöÇΓöÇΓöÇΓöÇΓöÇΓöÇΓöÇΓöÇΓöÇΓöÇΓöÇΓöÇΓöÇΓöÇΓöÇΓöÇΓöÇΓöÇΓöÇΓöÇΓöÇΓöÇΓöÇΓöÇΓöÇΓöÇΓöÇΓöÇΓöÇΓöÇΓöÇΓöÇΓöÇΓöÇΓöÇΓöÇΓöÇΓöÇΓöÇΓöÇΓöÇΓöÇ
    test-results\responsive-admin-routes-x-viewports-admin-crm-dead-chromium\test-failed-1.png
    ΓöÇΓöÇΓöÇΓöÇΓöÇΓöÇΓöÇΓöÇΓöÇΓöÇΓöÇΓöÇΓöÇΓöÇΓöÇΓöÇΓöÇΓöÇΓöÇΓöÇΓöÇΓöÇΓöÇΓöÇΓöÇΓöÇΓöÇΓöÇΓöÇΓöÇΓöÇΓöÇΓöÇΓöÇΓöÇΓöÇΓöÇΓöÇΓöÇΓöÇΓöÇΓöÇΓöÇΓöÇΓöÇΓöÇΓöÇΓöÇΓöÇΓöÇΓöÇΓöÇΓöÇΓöÇΓöÇΓöÇΓöÇΓöÇΓöÇΓöÇΓöÇΓöÇΓöÇΓöÇΓöÇΓöÇΓöÇΓöÇΓöÇΓöÇΓöÇΓöÇΓöÇΓöÇΓöÇΓöÇΓöÇΓöÇΓöÇΓöÇΓöÇΓöÇΓöÇΓöÇΓöÇΓöÇΓöÇΓöÇΓöÇΓöÇΓöÇΓöÇΓöÇΓöÇΓöÇΓöÇ

    Error Context: test-results\responsive-admin-routes-x-viewports-admin-crm-dead-chromium\error-context.md

    attachment #9: trace (application/zip) ΓöÇΓöÇΓöÇΓöÇΓöÇΓöÇΓöÇΓöÇΓöÇΓöÇΓöÇΓöÇΓöÇΓöÇΓöÇΓöÇΓöÇΓöÇΓöÇΓöÇΓöÇΓöÇΓöÇΓöÇΓöÇΓöÇΓöÇΓöÇΓöÇΓöÇΓöÇΓöÇΓöÇΓöÇΓöÇΓöÇΓöÇΓöÇΓöÇΓöÇΓöÇΓöÇΓöÇΓöÇΓöÇΓöÇΓöÇΓöÇΓöÇΓöÇΓöÇΓöÇΓöÇΓöÇΓöÇΓöÇΓöÇ
    test-results\responsive-admin-routes-x-viewports-admin-crm-dead-chromium\trace.zip
    Usage:

        npx playwright show-trace test-results\responsive-admin-routes-x-viewports-admin-crm-dead-chromium\trace.zip

    ΓöÇΓöÇΓöÇΓöÇΓöÇΓöÇΓöÇΓöÇΓöÇΓöÇΓöÇΓöÇΓöÇΓöÇΓöÇΓöÇΓöÇΓöÇΓöÇΓöÇΓöÇΓöÇΓöÇΓöÇΓöÇΓöÇΓöÇΓöÇΓöÇΓöÇΓöÇΓöÇΓöÇΓöÇΓöÇΓöÇΓöÇΓöÇΓöÇΓöÇΓöÇΓöÇΓöÇΓöÇΓöÇΓöÇΓöÇΓöÇΓöÇΓöÇΓöÇΓöÇΓöÇΓöÇΓöÇΓöÇΓöÇΓöÇΓöÇΓöÇΓöÇΓöÇΓöÇΓöÇΓöÇΓöÇΓöÇΓöÇΓöÇΓöÇΓöÇΓöÇΓöÇΓöÇΓöÇΓöÇΓöÇΓöÇΓöÇΓöÇΓöÇΓöÇΓöÇΓöÇΓöÇΓöÇΓöÇΓöÇΓöÇΓöÇΓöÇΓöÇΓöÇΓöÇΓöÇΓöÇ

  60) [chromium] ΓÇ║ e2e\responsive.spec.mjs:19:5 ΓÇ║ admin routes x viewports ΓÇ║ /admin/crm/follow-ups ΓöÇ

    Error: /admin/crm/follow-ups
    @1600px:
      - navigation failed: page.goto: net::ERR_CONNECTION_REFUSED at http://localhost:3058/admin/crm/follow-ups
    @1200px:
      - navigation failed: page.goto: net::ERR_CONNECTION_REFUSED at http://localhost:3058/admin/crm/follow-ups
    @768px:
      - navigation failed: page.goto: net::ERR_CONNECTION_REFUSED at http://localhost:3058/admin/crm/follow-ups
    @480px:
      - navigation failed: page.goto: net::ERR_CONNECTION_REFUSED at http://localhost:3058/admin/crm/follow-ups
    @375px:
      - navigation failed: page.goto: net::ERR_CONNECTION_REFUSED at http://localhost:3058/admin/crm/follow-ups

    expect(received).toEqual(expected) // deep equality

    - Expected  -  1
    + Received  + 12

    - Array []
    + Array [
    +   "@1600px:
    +   - navigation failed: page.goto: net::ERR_CONNECTION_REFUSED at http://localhost:3058/admin/crm/follow-ups",
    +   "@1200px:
    +   - navigation failed: page.goto: net::ERR_CONNECTION_REFUSED at http://localhost:3058/admin/crm/follow-ups",
    +   "@768px:
    +   - navigation failed: page.goto: net::ERR_CONNECTION_REFUSED at http://localhost:3058/admin/crm/follow-ups",
    +   "@480px:
    +   - navigation failed: page.goto: net::ERR_CONNECTION_REFUSED at http://localhost:3058/admin/crm/follow-ups",
    +   "@375px:
    +   - navigation failed: page.goto: net::ERR_CONNECTION_REFUSED at http://localhost:3058/admin/crm/follow-ups",
    + ]

      12 |   await testInfo.attach("matrix", { body: JSON.stringify({ route, url, results }), contentType: "application/json" });
      13 |   const failed = results.filter((r) => r.issues.length).map((r) => `@${r.viewport}px:\n  - ${r.issues.join("\n  - ")}`);
    > 14 |   expect(failed, `${url}\n${failed.join("\n")}`).toEqual([]);
         |                                                  ^
      15 | }
      16 |
      17 | test.describe("admin routes x viewports", () => {
        at runMatrix (C:\Users\priyank\Desktop\Development\BharatAgrolink-admin\e2e\responsive.spec.mjs:14:50)
        at C:\Users\priyank\Desktop\Development\BharatAgrolink-admin\e2e\responsive.spec.mjs:20:7

    attachment #7: screenshot (image/png) ΓöÇΓöÇΓöÇΓöÇΓöÇΓöÇΓöÇΓöÇΓöÇΓöÇΓöÇΓöÇΓöÇΓöÇΓöÇΓöÇΓöÇΓöÇΓöÇΓöÇΓöÇΓöÇΓöÇΓöÇΓöÇΓöÇΓöÇΓöÇΓöÇΓöÇΓöÇΓöÇΓöÇΓöÇΓöÇΓöÇΓöÇΓöÇΓöÇΓöÇΓöÇΓöÇΓöÇΓöÇΓöÇΓöÇΓöÇΓöÇΓöÇΓöÇΓöÇΓöÇΓöÇΓöÇΓöÇΓöÇΓöÇΓöÇ
    test-results\responsive-admin-routes-x-viewports-admin-crm-follow-ups-chromium\test-failed-1.png
    ΓöÇΓöÇΓöÇΓöÇΓöÇΓöÇΓöÇΓöÇΓöÇΓöÇΓöÇΓöÇΓöÇΓöÇΓöÇΓöÇΓöÇΓöÇΓöÇΓöÇΓöÇΓöÇΓöÇΓöÇΓöÇΓöÇΓöÇΓöÇΓöÇΓöÇΓöÇΓöÇΓöÇΓöÇΓöÇΓöÇΓöÇΓöÇΓöÇΓöÇΓöÇΓöÇΓöÇΓöÇΓöÇΓöÇΓöÇΓöÇΓöÇΓöÇΓöÇΓöÇΓöÇΓöÇΓöÇΓöÇΓöÇΓöÇΓöÇΓöÇΓöÇΓöÇΓöÇΓöÇΓöÇΓöÇΓöÇΓöÇΓöÇΓöÇΓöÇΓöÇΓöÇΓöÇΓöÇΓöÇΓöÇΓöÇΓöÇΓöÇΓöÇΓöÇΓöÇΓöÇΓöÇΓöÇΓöÇΓöÇΓöÇΓöÇΓöÇΓöÇΓöÇΓöÇΓöÇΓöÇ

    Error Context: test-results\responsive-admin-routes-x-viewports-admin-crm-follow-ups-chromium\error-context.md

    attachment #9: trace (application/zip) ΓöÇΓöÇΓöÇΓöÇΓöÇΓöÇΓöÇΓöÇΓöÇΓöÇΓöÇΓöÇΓöÇΓöÇΓöÇΓöÇΓöÇΓöÇΓöÇΓöÇΓöÇΓöÇΓöÇΓöÇΓöÇΓöÇΓöÇΓöÇΓöÇΓöÇΓöÇΓöÇΓöÇΓöÇΓöÇΓöÇΓöÇΓöÇΓöÇΓöÇΓöÇΓöÇΓöÇΓöÇΓöÇΓöÇΓöÇΓöÇΓöÇΓöÇΓöÇΓöÇΓöÇΓöÇΓöÇΓöÇΓöÇ
    test-results\responsive-admin-routes-x-viewports-admin-crm-follow-ups-chromium\trace.zip
    Usage:

        npx playwright show-trace test-results\responsive-admin-routes-x-viewports-admin-crm-follow-ups-chromium\trace.zip

    ΓöÇΓöÇΓöÇΓöÇΓöÇΓöÇΓöÇΓöÇΓöÇΓöÇΓöÇΓöÇΓöÇΓöÇΓöÇΓöÇΓöÇΓöÇΓöÇΓöÇΓöÇΓöÇΓöÇΓöÇΓöÇΓöÇΓöÇΓöÇΓöÇΓöÇΓöÇΓöÇΓöÇΓöÇΓöÇΓöÇΓöÇΓöÇΓöÇΓöÇΓöÇΓöÇΓöÇΓöÇΓöÇΓöÇΓöÇΓöÇΓöÇΓöÇΓöÇΓöÇΓöÇΓöÇΓöÇΓöÇΓöÇΓöÇΓöÇΓöÇΓöÇΓöÇΓöÇΓöÇΓöÇΓöÇΓöÇΓöÇΓöÇΓöÇΓöÇΓöÇΓöÇΓöÇΓöÇΓöÇΓöÇΓöÇΓöÇΓöÇΓöÇΓöÇΓöÇΓöÇΓöÇΓöÇΓöÇΓöÇΓöÇΓöÇΓöÇΓöÇΓöÇΓöÇΓöÇΓöÇ

  61) [chromium] ΓÇ║ e2e\responsive.spec.mjs:19:5 ΓÇ║ admin routes x viewports ΓÇ║ /admin/crm/leads ΓöÇΓöÇΓöÇΓöÇΓöÇΓöÇ

    Error: /admin/crm/leads
    @1600px:
      - navigation failed: page.goto: net::ERR_CONNECTION_REFUSED at http://localhost:3058/admin/crm/leads
    @1200px:
      - navigation failed: page.goto: net::ERR_CONNECTION_REFUSED at http://localhost:3058/admin/crm/leads
    @768px:
      - navigation failed: page.goto: net::ERR_CONNECTION_REFUSED at http://localhost:3058/admin/crm/leads
    @480px:
      - navigation failed: page.goto: net::ERR_CONNECTION_REFUSED at http://localhost:3058/admin/crm/leads
    @375px:
      - navigation failed: page.goto: net::ERR_CONNECTION_REFUSED at http://localhost:3058/admin/crm/leads

    expect(received).toEqual(expected) // deep equality

    - Expected  -  1
    + Received  + 12

    - Array []
    + Array [
    +   "@1600px:
    +   - navigation failed: page.goto: net::ERR_CONNECTION_REFUSED at http://localhost:3058/admin/crm/leads",
    +   "@1200px:
    +   - navigation failed: page.goto: net::ERR_CONNECTION_REFUSED at http://localhost:3058/admin/crm/leads",
    +   "@768px:
    +   - navigation failed: page.goto: net::ERR_CONNECTION_REFUSED at http://localhost:3058/admin/crm/leads",
    +   "@480px:
    +   - navigation failed: page.goto: net::ERR_CONNECTION_REFUSED at http://localhost:3058/admin/crm/leads",
    +   "@375px:
    +   - navigation failed: page.goto: net::ERR_CONNECTION_REFUSED at http://localhost:3058/admin/crm/leads",
    + ]

      12 |   await testInfo.attach("matrix", { body: JSON.stringify({ route, url, results }), contentType: "application/json" });
      13 |   const failed = results.filter((r) => r.issues.length).map((r) => `@${r.viewport}px:\n  - ${r.issues.join("\n  - ")}`);
    > 14 |   expect(failed, `${url}\n${failed.join("\n")}`).toEqual([]);
         |                                                  ^
      15 | }
      16 |
      17 | test.describe("admin routes x viewports", () => {
        at runMatrix (C:\Users\priyank\Desktop\Development\BharatAgrolink-admin\e2e\responsive.spec.mjs:14:50)
        at C:\Users\priyank\Desktop\Development\BharatAgrolink-admin\e2e\responsive.spec.mjs:20:7

    attachment #7: screenshot (image/png) ΓöÇΓöÇΓöÇΓöÇΓöÇΓöÇΓöÇΓöÇΓöÇΓöÇΓöÇΓöÇΓöÇΓöÇΓöÇΓöÇΓöÇΓöÇΓöÇΓöÇΓöÇΓöÇΓöÇΓöÇΓöÇΓöÇΓöÇΓöÇΓöÇΓöÇΓöÇΓöÇΓöÇΓöÇΓöÇΓöÇΓöÇΓöÇΓöÇΓöÇΓöÇΓöÇΓöÇΓöÇΓöÇΓöÇΓöÇΓöÇΓöÇΓöÇΓöÇΓöÇΓöÇΓöÇΓöÇΓöÇΓöÇΓöÇ
    test-results\responsive-admin-routes-x-viewports-admin-crm-leads-chromium\test-failed-1.png
    ΓöÇΓöÇΓöÇΓöÇΓöÇΓöÇΓöÇΓöÇΓöÇΓöÇΓöÇΓöÇΓöÇΓöÇΓöÇΓöÇΓöÇΓöÇΓöÇΓöÇΓöÇΓöÇΓöÇΓöÇΓöÇΓöÇΓöÇΓöÇΓöÇΓöÇΓöÇΓöÇΓöÇΓöÇΓöÇΓöÇΓöÇΓöÇΓöÇΓöÇΓöÇΓöÇΓöÇΓöÇΓöÇΓöÇΓöÇΓöÇΓöÇΓöÇΓöÇΓöÇΓöÇΓöÇΓöÇΓöÇΓöÇΓöÇΓöÇΓöÇΓöÇΓöÇΓöÇΓöÇΓöÇΓöÇΓöÇΓöÇΓöÇΓöÇΓöÇΓöÇΓöÇΓöÇΓöÇΓöÇΓöÇΓöÇΓöÇΓöÇΓöÇΓöÇΓöÇΓöÇΓöÇΓöÇΓöÇΓöÇΓöÇΓöÇΓöÇΓöÇΓöÇΓöÇΓöÇΓöÇ

    Error Context: test-results\responsive-admin-routes-x-viewports-admin-crm-leads-chromium\error-context.md

    attachment #9: trace (application/zip) ΓöÇΓöÇΓöÇΓöÇΓöÇΓöÇΓöÇΓöÇΓöÇΓöÇΓöÇΓöÇΓöÇΓöÇΓöÇΓöÇΓöÇΓöÇΓöÇΓöÇΓöÇΓöÇΓöÇΓöÇΓöÇΓöÇΓöÇΓöÇΓöÇΓöÇΓöÇΓöÇΓöÇΓöÇΓöÇΓöÇΓöÇΓöÇΓöÇΓöÇΓöÇΓöÇΓöÇΓöÇΓöÇΓöÇΓöÇΓöÇΓöÇΓöÇΓöÇΓöÇΓöÇΓöÇΓöÇΓöÇΓöÇ
    test-results\responsive-admin-routes-x-viewports-admin-crm-leads-chromium\trace.zip
    Usage:

        npx playwright show-trace test-results\responsive-admin-routes-x-viewports-admin-crm-leads-chromium\trace.zip

    ΓöÇΓöÇΓöÇΓöÇΓöÇΓöÇΓöÇΓöÇΓöÇΓöÇΓöÇΓöÇΓöÇΓöÇΓöÇΓöÇΓöÇΓöÇΓöÇΓöÇΓöÇΓöÇΓöÇΓöÇΓöÇΓöÇΓöÇΓöÇΓöÇΓöÇΓöÇΓöÇΓöÇΓöÇΓöÇΓöÇΓöÇΓöÇΓöÇΓöÇΓöÇΓöÇΓöÇΓöÇΓöÇΓöÇΓöÇΓöÇΓöÇΓöÇΓöÇΓöÇΓöÇΓöÇΓöÇΓöÇΓöÇΓöÇΓöÇΓöÇΓöÇΓöÇΓöÇΓöÇΓöÇΓöÇΓöÇΓöÇΓöÇΓöÇΓöÇΓöÇΓöÇΓöÇΓöÇΓöÇΓöÇΓöÇΓöÇΓöÇΓöÇΓöÇΓöÇΓöÇΓöÇΓöÇΓöÇΓöÇΓöÇΓöÇΓöÇΓöÇΓöÇΓöÇΓöÇΓöÇ

  62) [chromium] ΓÇ║ e2e\responsive.spec.mjs:19:5 ΓÇ║ admin routes x viewports ΓÇ║ /admin/crm/legacy-leads 

    Error: /admin/crm/legacy-leads
    @1600px:
      - navigation failed: page.goto: net::ERR_CONNECTION_REFUSED at http://localhost:3058/admin/crm/legacy-leads
    @1200px:
      - navigation failed: page.goto: net::ERR_CONNECTION_REFUSED at http://localhost:3058/admin/crm/legacy-leads
    @768px:
      - navigation failed: page.goto: net::ERR_CONNECTION_REFUSED at http://localhost:3058/admin/crm/legacy-leads
    @480px:
      - navigation failed: page.goto: net::ERR_CONNECTION_REFUSED at http://localhost:3058/admin/crm/legacy-leads
    @375px:
      - navigation failed: page.goto: net::ERR_CONNECTION_REFUSED at http://localhost:3058/admin/crm/legacy-leads

    expect(received).toEqual(expected) // deep equality

    - Expected  -  1
    + Received  + 12

    - Array []
    + Array [
    +   "@1600px:
    +   - navigation failed: page.goto: net::ERR_CONNECTION_REFUSED at http://localhost:3058/admin/crm/legacy-leads",
    +   "@1200px:
    +   - navigation failed: page.goto: net::ERR_CONNECTION_REFUSED at http://localhost:3058/admin/crm/legacy-leads",
    +   "@768px:
    +   - navigation failed: page.goto: net::ERR_CONNECTION_REFUSED at http://localhost:3058/admin/crm/legacy-leads",
    +   "@480px:
    +   - navigation failed: page.goto: net::ERR_CONNECTION_REFUSED at http://localhost:3058/admin/crm/legacy-leads",
    +   "@375px:
    +   - navigation failed: page.goto: net::ERR_CONNECTION_REFUSED at http://localhost:3058/admin/crm/legacy-leads",
    + ]

      12 |   await testInfo.attach("matrix", { body: JSON.stringify({ route, url, results }), contentType: "application/json" });
      13 |   const failed = results.filter((r) => r.issues.length).map((r) => `@${r.viewport}px:\n  - ${r.issues.join("\n  - ")}`);
    > 14 |   expect(failed, `${url}\n${failed.join("\n")}`).toEqual([]);
         |                                                  ^
      15 | }
      16 |
      17 | test.describe("admin routes x viewports", () => {
        at runMatrix (C:\Users\priyank\Desktop\Development\BharatAgrolink-admin\e2e\responsive.spec.mjs:14:50)
        at C:\Users\priyank\Desktop\Development\BharatAgrolink-admin\e2e\responsive.spec.mjs:20:7

    attachment #7: screenshot (image/png) ΓöÇΓöÇΓöÇΓöÇΓöÇΓöÇΓöÇΓöÇΓöÇΓöÇΓöÇΓöÇΓöÇΓöÇΓöÇΓöÇΓöÇΓöÇΓöÇΓöÇΓöÇΓöÇΓöÇΓöÇΓöÇΓöÇΓöÇΓöÇΓöÇΓöÇΓöÇΓöÇΓöÇΓöÇΓöÇΓöÇΓöÇΓöÇΓöÇΓöÇΓöÇΓöÇΓöÇΓöÇΓöÇΓöÇΓöÇΓöÇΓöÇΓöÇΓöÇΓöÇΓöÇΓöÇΓöÇΓöÇΓöÇΓöÇ
    test-results\responsive-admin-routes-x-viewports-admin-crm-legacy-leads-chromium\test-failed-1.png
    ΓöÇΓöÇΓöÇΓöÇΓöÇΓöÇΓöÇΓöÇΓöÇΓöÇΓöÇΓöÇΓöÇΓöÇΓöÇΓöÇΓöÇΓöÇΓöÇΓöÇΓöÇΓöÇΓöÇΓöÇΓöÇΓöÇΓöÇΓöÇΓöÇΓöÇΓöÇΓöÇΓöÇΓöÇΓöÇΓöÇΓöÇΓöÇΓöÇΓöÇΓöÇΓöÇΓöÇΓöÇΓöÇΓöÇΓöÇΓöÇΓöÇΓöÇΓöÇΓöÇΓöÇΓöÇΓöÇΓöÇΓöÇΓöÇΓöÇΓöÇΓöÇΓöÇΓöÇΓöÇΓöÇΓöÇΓöÇΓöÇΓöÇΓöÇΓöÇΓöÇΓöÇΓöÇΓöÇΓöÇΓöÇΓöÇΓöÇΓöÇΓöÇΓöÇΓöÇΓöÇΓöÇΓöÇΓöÇΓöÇΓöÇΓöÇΓöÇΓöÇΓöÇΓöÇΓöÇΓöÇ

    Error Context: test-results\responsive-admin-routes-x-viewports-admin-crm-legacy-leads-chromium\error-context.md

    attachment #9: trace (application/zip) ΓöÇΓöÇΓöÇΓöÇΓöÇΓöÇΓöÇΓöÇΓöÇΓöÇΓöÇΓöÇΓöÇΓöÇΓöÇΓöÇΓöÇΓöÇΓöÇΓöÇΓöÇΓöÇΓöÇΓöÇΓöÇΓöÇΓöÇΓöÇΓöÇΓöÇΓöÇΓöÇΓöÇΓöÇΓöÇΓöÇΓöÇΓöÇΓöÇΓöÇΓöÇΓöÇΓöÇΓöÇΓöÇΓöÇΓöÇΓöÇΓöÇΓöÇΓöÇΓöÇΓöÇΓöÇΓöÇΓöÇΓöÇ
    test-results\responsive-admin-routes-x-viewports-admin-crm-legacy-leads-chromium\trace.zip
    Usage:

        npx playwright show-trace test-results\responsive-admin-routes-x-viewports-admin-crm-legacy-leads-chromium\trace.zip

    ΓöÇΓöÇΓöÇΓöÇΓöÇΓöÇΓöÇΓöÇΓöÇΓöÇΓöÇΓöÇΓöÇΓöÇΓöÇΓöÇΓöÇΓöÇΓöÇΓöÇΓöÇΓöÇΓöÇΓöÇΓöÇΓöÇΓöÇΓöÇΓöÇΓöÇΓöÇΓöÇΓöÇΓöÇΓöÇΓöÇΓöÇΓöÇΓöÇΓöÇΓöÇΓöÇΓöÇΓöÇΓöÇΓöÇΓöÇΓöÇΓöÇΓöÇΓöÇΓöÇΓöÇΓöÇΓöÇΓöÇΓöÇΓöÇΓöÇΓöÇΓöÇΓöÇΓöÇΓöÇΓöÇΓöÇΓöÇΓöÇΓöÇΓöÇΓöÇΓöÇΓöÇΓöÇΓöÇΓöÇΓöÇΓöÇΓöÇΓöÇΓöÇΓöÇΓöÇΓöÇΓöÇΓöÇΓöÇΓöÇΓöÇΓöÇΓöÇΓöÇΓöÇΓöÇΓöÇΓöÇ

  63) [chromium] ΓÇ║ e2e\responsive.spec.mjs:19:5 ΓÇ║ admin routes x viewports ΓÇ║ /admin/crm/requested ΓöÇΓöÇ

    Error: /admin/crm/requested
    @1600px:
      - navigation failed: page.goto: net::ERR_CONNECTION_REFUSED at http://localhost:3058/admin/crm/requested
    @1200px:
      - navigation failed: page.goto: net::ERR_CONNECTION_REFUSED at http://localhost:3058/admin/crm/requested
    @768px:
      - navigation failed: page.goto: net::ERR_CONNECTION_REFUSED at http://localhost:3058/admin/crm/requested
    @480px:
      - navigation failed: page.goto: net::ERR_CONNECTION_REFUSED at http://localhost:3058/admin/crm/requested
    @375px:
      - navigation failed: page.goto: net::ERR_CONNECTION_REFUSED at http://localhost:3058/admin/crm/requested

    expect(received).toEqual(expected) // deep equality

    - Expected  -  1
    + Received  + 12

    - Array []
    + Array [
    +   "@1600px:
    +   - navigation failed: page.goto: net::ERR_CONNECTION_REFUSED at http://localhost:3058/admin/crm/requested",
    +   "@1200px:
    +   - navigation failed: page.goto: net::ERR_CONNECTION_REFUSED at http://localhost:3058/admin/crm/requested",
    +   "@768px:
    +   - navigation failed: page.goto: net::ERR_CONNECTION_REFUSED at http://localhost:3058/admin/crm/requested",
    +   "@480px:
    +   - navigation failed: page.goto: net::ERR_CONNECTION_REFUSED at http://localhost:3058/admin/crm/requested",
    +   "@375px:
    +   - navigation failed: page.goto: net::ERR_CONNECTION_REFUSED at http://localhost:3058/admin/crm/requested",
    + ]

      12 |   await testInfo.attach("matrix", { body: JSON.stringify({ route, url, results }), contentType: "application/json" });
      13 |   const failed = results.filter((r) => r.issues.length).map((r) => `@${r.viewport}px:\n  - ${r.issues.join("\n  - ")}`);
    > 14 |   expect(failed, `${url}\n${failed.join("\n")}`).toEqual([]);
         |                                                  ^
      15 | }
      16 |
      17 | test.describe("admin routes x viewports", () => {
        at runMatrix (C:\Users\priyank\Desktop\Development\BharatAgrolink-admin\e2e\responsive.spec.mjs:14:50)
        at C:\Users\priyank\Desktop\Development\BharatAgrolink-admin\e2e\responsive.spec.mjs:20:7

    attachment #7: screenshot (image/png) ΓöÇΓöÇΓöÇΓöÇΓöÇΓöÇΓöÇΓöÇΓöÇΓöÇΓöÇΓöÇΓöÇΓöÇΓöÇΓöÇΓöÇΓöÇΓöÇΓöÇΓöÇΓöÇΓöÇΓöÇΓöÇΓöÇΓöÇΓöÇΓöÇΓöÇΓöÇΓöÇΓöÇΓöÇΓöÇΓöÇΓöÇΓöÇΓöÇΓöÇΓöÇΓöÇΓöÇΓöÇΓöÇΓöÇΓöÇΓöÇΓöÇΓöÇΓöÇΓöÇΓöÇΓöÇΓöÇΓöÇΓöÇΓöÇ
    test-results\responsive-admin-routes-x-viewports-admin-crm-requested-chromium\test-failed-1.png
    ΓöÇΓöÇΓöÇΓöÇΓöÇΓöÇΓöÇΓöÇΓöÇΓöÇΓöÇΓöÇΓöÇΓöÇΓöÇΓöÇΓöÇΓöÇΓöÇΓöÇΓöÇΓöÇΓöÇΓöÇΓöÇΓöÇΓöÇΓöÇΓöÇΓöÇΓöÇΓöÇΓöÇΓöÇΓöÇΓöÇΓöÇΓöÇΓöÇΓöÇΓöÇΓöÇΓöÇΓöÇΓöÇΓöÇΓöÇΓöÇΓöÇΓöÇΓöÇΓöÇΓöÇΓöÇΓöÇΓöÇΓöÇΓöÇΓöÇΓöÇΓöÇΓöÇΓöÇΓöÇΓöÇΓöÇΓöÇΓöÇΓöÇΓöÇΓöÇΓöÇΓöÇΓöÇΓöÇΓöÇΓöÇΓöÇΓöÇΓöÇΓöÇΓöÇΓöÇΓöÇΓöÇΓöÇΓöÇΓöÇΓöÇΓöÇΓöÇΓöÇΓöÇΓöÇΓöÇΓöÇ

    Error Context: test-results\responsive-admin-routes-x-viewports-admin-crm-requested-chromium\error-context.md

    attachment #9: trace (application/zip) ΓöÇΓöÇΓöÇΓöÇΓöÇΓöÇΓöÇΓöÇΓöÇΓöÇΓöÇΓöÇΓöÇΓöÇΓöÇΓöÇΓöÇΓöÇΓöÇΓöÇΓöÇΓöÇΓöÇΓöÇΓöÇΓöÇΓöÇΓöÇΓöÇΓöÇΓöÇΓöÇΓöÇΓöÇΓöÇΓöÇΓöÇΓöÇΓöÇΓöÇΓöÇΓöÇΓöÇΓöÇΓöÇΓöÇΓöÇΓöÇΓöÇΓöÇΓöÇΓöÇΓöÇΓöÇΓöÇΓöÇΓöÇ
    test-results\responsive-admin-routes-x-viewports-admin-crm-requested-chromium\trace.zip
    Usage:

        npx playwright show-trace test-results\responsive-admin-routes-x-viewports-admin-crm-requested-chromium\trace.zip

    ΓöÇΓöÇΓöÇΓöÇΓöÇΓöÇΓöÇΓöÇΓöÇΓöÇΓöÇΓöÇΓöÇΓöÇΓöÇΓöÇΓöÇΓöÇΓöÇΓöÇΓöÇΓöÇΓöÇΓöÇΓöÇΓöÇΓöÇΓöÇΓöÇΓöÇΓöÇΓöÇΓöÇΓöÇΓöÇΓöÇΓöÇΓöÇΓöÇΓöÇΓöÇΓöÇΓöÇΓöÇΓöÇΓöÇΓöÇΓöÇΓöÇΓöÇΓöÇΓöÇΓöÇΓöÇΓöÇΓöÇΓöÇΓöÇΓöÇΓöÇΓöÇΓöÇΓöÇΓöÇΓöÇΓöÇΓöÇΓöÇΓöÇΓöÇΓöÇΓöÇΓöÇΓöÇΓöÇΓöÇΓöÇΓöÇΓöÇΓöÇΓöÇΓöÇΓöÇΓöÇΓöÇΓöÇΓöÇΓöÇΓöÇΓöÇΓöÇΓöÇΓöÇΓöÇΓöÇΓöÇ

  64) [chromium] ΓÇ║ e2e\responsive.spec.mjs:19:5 ΓÇ║ admin routes x viewports ΓÇ║ /admin/crm/unassigned ΓöÇ

    Error: /admin/crm/unassigned
    @1600px:
      - navigation failed: page.goto: net::ERR_CONNECTION_REFUSED at http://localhost:3058/admin/crm/unassigned
    @1200px:
      - navigation failed: page.goto: net::ERR_CONNECTION_REFUSED at http://localhost:3058/admin/crm/unassigned
    @768px:
      - navigation failed: page.goto: net::ERR_CONNECTION_REFUSED at http://localhost:3058/admin/crm/unassigned
    @480px:
      - navigation failed: page.goto: net::ERR_CONNECTION_REFUSED at http://localhost:3058/admin/crm/unassigned
    @375px:
      - navigation failed: page.goto: net::ERR_CONNECTION_REFUSED at http://localhost:3058/admin/crm/unassigned

    expect(received).toEqual(expected) // deep equality

    - Expected  -  1
    + Received  + 12

    - Array []
    + Array [
    +   "@1600px:
    +   - navigation failed: page.goto: net::ERR_CONNECTION_REFUSED at http://localhost:3058/admin/crm/unassigned",
    +   "@1200px:
    +   - navigation failed: page.goto: net::ERR_CONNECTION_REFUSED at http://localhost:3058/admin/crm/unassigned",
    +   "@768px:
    +   - navigation failed: page.goto: net::ERR_CONNECTION_REFUSED at http://localhost:3058/admin/crm/unassigned",
    +   "@480px:
    +   - navigation failed: page.goto: net::ERR_CONNECTION_REFUSED at http://localhost:3058/admin/crm/unassigned",
    +   "@375px:
    +   - navigation failed: page.goto: net::ERR_CONNECTION_REFUSED at http://localhost:3058/admin/crm/unassigned",
    + ]

      12 |   await testInfo.attach("matrix", { body: JSON.stringify({ route, url, results }), contentType: "application/json" });
      13 |   const failed = results.filter((r) => r.issues.length).map((r) => `@${r.viewport}px:\n  - ${r.issues.join("\n  - ")}`);
    > 14 |   expect(failed, `${url}\n${failed.join("\n")}`).toEqual([]);
         |                                                  ^
      15 | }
      16 |
      17 | test.describe("admin routes x viewports", () => {
        at runMatrix (C:\Users\priyank\Desktop\Development\BharatAgrolink-admin\e2e\responsive.spec.mjs:14:50)
        at C:\Users\priyank\Desktop\Development\BharatAgrolink-admin\e2e\responsive.spec.mjs:20:7

    attachment #7: screenshot (image/png) ΓöÇΓöÇΓöÇΓöÇΓöÇΓöÇΓöÇΓöÇΓöÇΓöÇΓöÇΓöÇΓöÇΓöÇΓöÇΓöÇΓöÇΓöÇΓöÇΓöÇΓöÇΓöÇΓöÇΓöÇΓöÇΓöÇΓöÇΓöÇΓöÇΓöÇΓöÇΓöÇΓöÇΓöÇΓöÇΓöÇΓöÇΓöÇΓöÇΓöÇΓöÇΓöÇΓöÇΓöÇΓöÇΓöÇΓöÇΓöÇΓöÇΓöÇΓöÇΓöÇΓöÇΓöÇΓöÇΓöÇΓöÇΓöÇ
    test-results\responsive-admin-routes-x-viewports-admin-crm-unassigned-chromium\test-failed-1.png
    ΓöÇΓöÇΓöÇΓöÇΓöÇΓöÇΓöÇΓöÇΓöÇΓöÇΓöÇΓöÇΓöÇΓöÇΓöÇΓöÇΓöÇΓöÇΓöÇΓöÇΓöÇΓöÇΓöÇΓöÇΓöÇΓöÇΓöÇΓöÇΓöÇΓöÇΓöÇΓöÇΓöÇΓöÇΓöÇΓöÇΓöÇΓöÇΓöÇΓöÇΓöÇΓöÇΓöÇΓöÇΓöÇΓöÇΓöÇΓöÇΓöÇΓöÇΓöÇΓöÇΓöÇΓöÇΓöÇΓöÇΓöÇΓöÇΓöÇΓöÇΓöÇΓöÇΓöÇΓöÇΓöÇΓöÇΓöÇΓöÇΓöÇΓöÇΓöÇΓöÇΓöÇΓöÇΓöÇΓöÇΓöÇΓöÇΓöÇΓöÇΓöÇΓöÇΓöÇΓöÇΓöÇΓöÇΓöÇΓöÇΓöÇΓöÇΓöÇΓöÇΓöÇΓöÇΓöÇΓöÇ

    Error Context: test-results\responsive-admin-routes-x-viewports-admin-crm-unassigned-chromium\error-context.md

    attachment #9: trace (application/zip) ΓöÇΓöÇΓöÇΓöÇΓöÇΓöÇΓöÇΓöÇΓöÇΓöÇΓöÇΓöÇΓöÇΓöÇΓöÇΓöÇΓöÇΓöÇΓöÇΓöÇΓöÇΓöÇΓöÇΓöÇΓöÇΓöÇΓöÇΓöÇΓöÇΓöÇΓöÇΓöÇΓöÇΓöÇΓöÇΓöÇΓöÇΓöÇΓöÇΓöÇΓöÇΓöÇΓöÇΓöÇΓöÇΓöÇΓöÇΓöÇΓöÇΓöÇΓöÇΓöÇΓöÇΓöÇΓöÇΓöÇΓöÇ
    test-results\responsive-admin-routes-x-viewports-admin-crm-unassigned-chromium\trace.zip
    Usage:

        npx playwright show-trace test-results\responsive-admin-routes-x-viewports-admin-crm-unassigned-chromium\trace.zip

    ΓöÇΓöÇΓöÇΓöÇΓöÇΓöÇΓöÇΓöÇΓöÇΓöÇΓöÇΓöÇΓöÇΓöÇΓöÇΓöÇΓöÇΓöÇΓöÇΓöÇΓöÇΓöÇΓöÇΓöÇΓöÇΓöÇΓöÇΓöÇΓöÇΓöÇΓöÇΓöÇΓöÇΓöÇΓöÇΓöÇΓöÇΓöÇΓöÇΓöÇΓöÇΓöÇΓöÇΓöÇΓöÇΓöÇΓöÇΓöÇΓöÇΓöÇΓöÇΓöÇΓöÇΓöÇΓöÇΓöÇΓöÇΓöÇΓöÇΓöÇΓöÇΓöÇΓöÇΓöÇΓöÇΓöÇΓöÇΓöÇΓöÇΓöÇΓöÇΓöÇΓöÇΓöÇΓöÇΓöÇΓöÇΓöÇΓöÇΓöÇΓöÇΓöÇΓöÇΓöÇΓöÇΓöÇΓöÇΓöÇΓöÇΓöÇΓöÇΓöÇΓöÇΓöÇΓöÇΓöÇ

  65) [chromium] ΓÇ║ e2e\responsive.spec.mjs:19:5 ΓÇ║ admin routes x viewports ΓÇ║ /admin/crm/whatsapp ΓöÇΓöÇΓöÇ

    Error: /admin/crm/whatsapp
    @1600px:
      - navigation failed: page.goto: net::ERR_CONNECTION_REFUSED at http://localhost:3058/admin/crm/whatsapp
    @1200px:
      - navigation failed: page.goto: net::ERR_CONNECTION_REFUSED at http://localhost:3058/admin/crm/whatsapp
    @768px:
      - navigation failed: page.goto: net::ERR_CONNECTION_REFUSED at http://localhost:3058/admin/crm/whatsapp
    @480px:
      - navigation failed: page.goto: net::ERR_CONNECTION_REFUSED at http://localhost:3058/admin/crm/whatsapp
    @375px:
      - navigation failed: page.goto: net::ERR_CONNECTION_REFUSED at http://localhost:3058/admin/crm/whatsapp

    expect(received).toEqual(expected) // deep equality

    - Expected  -  1
    + Received  + 12

    - Array []
    + Array [
    +   "@1600px:
    +   - navigation failed: page.goto: net::ERR_CONNECTION_REFUSED at http://localhost:3058/admin/crm/whatsapp",
    +   "@1200px:
    +   - navigation failed: page.goto: net::ERR_CONNECTION_REFUSED at http://localhost:3058/admin/crm/whatsapp",
    +   "@768px:
    +   - navigation failed: page.goto: net::ERR_CONNECTION_REFUSED at http://localhost:3058/admin/crm/whatsapp",
    +   "@480px:
    +   - navigation failed: page.goto: net::ERR_CONNECTION_REFUSED at http://localhost:3058/admin/crm/whatsapp",
    +   "@375px:
    +   - navigation failed: page.goto: net::ERR_CONNECTION_REFUSED at http://localhost:3058/admin/crm/whatsapp",
    + ]

      12 |   await testInfo.attach("matrix", { body: JSON.stringify({ route, url, results }), contentType: "application/json" });
      13 |   const failed = results.filter((r) => r.issues.length).map((r) => `@${r.viewport}px:\n  - ${r.issues.join("\n  - ")}`);
    > 14 |   expect(failed, `${url}\n${failed.join("\n")}`).toEqual([]);
         |                                                  ^
      15 | }
      16 |
      17 | test.describe("admin routes x viewports", () => {
        at runMatrix (C:\Users\priyank\Desktop\Development\BharatAgrolink-admin\e2e\responsive.spec.mjs:14:50)
        at C:\Users\priyank\Desktop\Development\BharatAgrolink-admin\e2e\responsive.spec.mjs:20:7

    attachment #7: screenshot (image/png) ΓöÇΓöÇΓöÇΓöÇΓöÇΓöÇΓöÇΓöÇΓöÇΓöÇΓöÇΓöÇΓöÇΓöÇΓöÇΓöÇΓöÇΓöÇΓöÇΓöÇΓöÇΓöÇΓöÇΓöÇΓöÇΓöÇΓöÇΓöÇΓöÇΓöÇΓöÇΓöÇΓöÇΓöÇΓöÇΓöÇΓöÇΓöÇΓöÇΓöÇΓöÇΓöÇΓöÇΓöÇΓöÇΓöÇΓöÇΓöÇΓöÇΓöÇΓöÇΓöÇΓöÇΓöÇΓöÇΓöÇΓöÇΓöÇ
    test-results\responsive-admin-routes-x-viewports-admin-crm-whatsapp-chromium\test-failed-1.png
    ΓöÇΓöÇΓöÇΓöÇΓöÇΓöÇΓöÇΓöÇΓöÇΓöÇΓöÇΓöÇΓöÇΓöÇΓöÇΓöÇΓöÇΓöÇΓöÇΓöÇΓöÇΓöÇΓöÇΓöÇΓöÇΓöÇΓöÇΓöÇΓöÇΓöÇΓöÇΓöÇΓöÇΓöÇΓöÇΓöÇΓöÇΓöÇΓöÇΓöÇΓöÇΓöÇΓöÇΓöÇΓöÇΓöÇΓöÇΓöÇΓöÇΓöÇΓöÇΓöÇΓöÇΓöÇΓöÇΓöÇΓöÇΓöÇΓöÇΓöÇΓöÇΓöÇΓöÇΓöÇΓöÇΓöÇΓöÇΓöÇΓöÇΓöÇΓöÇΓöÇΓöÇΓöÇΓöÇΓöÇΓöÇΓöÇΓöÇΓöÇΓöÇΓöÇΓöÇΓöÇΓöÇΓöÇΓöÇΓöÇΓöÇΓöÇΓöÇΓöÇΓöÇΓöÇΓöÇΓöÇ

    Error Context: test-results\responsive-admin-routes-x-viewports-admin-crm-whatsapp-chromium\error-context.md

    attachment #9: trace (application/zip) ΓöÇΓöÇΓöÇΓöÇΓöÇΓöÇΓöÇΓöÇΓöÇΓöÇΓöÇΓöÇΓöÇΓöÇΓöÇΓöÇΓöÇΓöÇΓöÇΓöÇΓöÇΓöÇΓöÇΓöÇΓöÇΓöÇΓöÇΓöÇΓöÇΓöÇΓöÇΓöÇΓöÇΓöÇΓöÇΓöÇΓöÇΓöÇΓöÇΓöÇΓöÇΓöÇΓöÇΓöÇΓöÇΓöÇΓöÇΓöÇΓöÇΓöÇΓöÇΓöÇΓöÇΓöÇΓöÇΓöÇΓöÇ
    test-results\responsive-admin-routes-x-viewports-admin-crm-whatsapp-chromium\trace.zip
    Usage:

        npx playwright show-trace test-results\responsive-admin-routes-x-viewports-admin-crm-whatsapp-chromium\trace.zip

    ΓöÇΓöÇΓöÇΓöÇΓöÇΓöÇΓöÇΓöÇΓöÇΓöÇΓöÇΓöÇΓöÇΓöÇΓöÇΓöÇΓöÇΓöÇΓöÇΓöÇΓöÇΓöÇΓöÇΓöÇΓöÇΓöÇΓöÇΓöÇΓöÇΓöÇΓöÇΓöÇΓöÇΓöÇΓöÇΓöÇΓöÇΓöÇΓöÇΓöÇΓöÇΓöÇΓöÇΓöÇΓöÇΓöÇΓöÇΓöÇΓöÇΓöÇΓöÇΓöÇΓöÇΓöÇΓöÇΓöÇΓöÇΓöÇΓöÇΓöÇΓöÇΓöÇΓöÇΓöÇΓöÇΓöÇΓöÇΓöÇΓöÇΓöÇΓöÇΓöÇΓöÇΓöÇΓöÇΓöÇΓöÇΓöÇΓöÇΓöÇΓöÇΓöÇΓöÇΓöÇΓöÇΓöÇΓöÇΓöÇΓöÇΓöÇΓöÇΓöÇΓöÇΓöÇΓöÇΓöÇ

  66) [chromium] ΓÇ║ e2e\responsive.spec.mjs:19:5 ΓÇ║ admin routes x viewports ΓÇ║ /admin/customers ΓöÇΓöÇΓöÇΓöÇΓöÇΓöÇ

    Error: /admin/customers
    @1600px:
      - navigation failed: page.goto: net::ERR_CONNECTION_REFUSED at http://localhost:3058/admin/customers
    @1200px:
      - navigation failed: page.goto: net::ERR_CONNECTION_REFUSED at http://localhost:3058/admin/customers
    @768px:
      - navigation failed: page.goto: net::ERR_CONNECTION_REFUSED at http://localhost:3058/admin/customers
    @480px:
      - navigation failed: page.goto: net::ERR_CONNECTION_REFUSED at http://localhost:3058/admin/customers
    @375px:
      - navigation failed: page.goto: net::ERR_CONNECTION_REFUSED at http://localhost:3058/admin/customers

    expect(received).toEqual(expected) // deep equality

    - Expected  -  1
    + Received  + 12

    - Array []
    + Array [
    +   "@1600px:
    +   - navigation failed: page.goto: net::ERR_CONNECTION_REFUSED at http://localhost:3058/admin/customers",
    +   "@1200px:
    +   - navigation failed: page.goto: net::ERR_CONNECTION_REFUSED at http://localhost:3058/admin/customers",
    +   "@768px:
    +   - navigation failed: page.goto: net::ERR_CONNECTION_REFUSED at http://localhost:3058/admin/customers",
    +   "@480px:
    +   - navigation failed: page.goto: net::ERR_CONNECTION_REFUSED at http://localhost:3058/admin/customers",
    +   "@375px:
    +   - navigation failed: page.goto: net::ERR_CONNECTION_REFUSED at http://localhost:3058/admin/customers",
    + ]

      12 |   await testInfo.attach("matrix", { body: JSON.stringify({ route, url, results }), contentType: "application/json" });
      13 |   const failed = results.filter((r) => r.issues.length).map((r) => `@${r.viewport}px:\n  - ${r.issues.join("\n  - ")}`);
    > 14 |   expect(failed, `${url}\n${failed.join("\n")}`).toEqual([]);
         |                                                  ^
      15 | }
      16 |
      17 | test.describe("admin routes x viewports", () => {
        at runMatrix (C:\Users\priyank\Desktop\Development\BharatAgrolink-admin\e2e\responsive.spec.mjs:14:50)
        at C:\Users\priyank\Desktop\Development\BharatAgrolink-admin\e2e\responsive.spec.mjs:20:7

    attachment #7: screenshot (image/png) ΓöÇΓöÇΓöÇΓöÇΓöÇΓöÇΓöÇΓöÇΓöÇΓöÇΓöÇΓöÇΓöÇΓöÇΓöÇΓöÇΓöÇΓöÇΓöÇΓöÇΓöÇΓöÇΓöÇΓöÇΓöÇΓöÇΓöÇΓöÇΓöÇΓöÇΓöÇΓöÇΓöÇΓöÇΓöÇΓöÇΓöÇΓöÇΓöÇΓöÇΓöÇΓöÇΓöÇΓöÇΓöÇΓöÇΓöÇΓöÇΓöÇΓöÇΓöÇΓöÇΓöÇΓöÇΓöÇΓöÇΓöÇΓöÇ
    test-results\responsive-admin-routes-x-viewports-admin-customers-chromium\test-failed-1.png
    ΓöÇΓöÇΓöÇΓöÇΓöÇΓöÇΓöÇΓöÇΓöÇΓöÇΓöÇΓöÇΓöÇΓöÇΓöÇΓöÇΓöÇΓöÇΓöÇΓöÇΓöÇΓöÇΓöÇΓöÇΓöÇΓöÇΓöÇΓöÇΓöÇΓöÇΓöÇΓöÇΓöÇΓöÇΓöÇΓöÇΓöÇΓöÇΓöÇΓöÇΓöÇΓöÇΓöÇΓöÇΓöÇΓöÇΓöÇΓöÇΓöÇΓöÇΓöÇΓöÇΓöÇΓöÇΓöÇΓöÇΓöÇΓöÇΓöÇΓöÇΓöÇΓöÇΓöÇΓöÇΓöÇΓöÇΓöÇΓöÇΓöÇΓöÇΓöÇΓöÇΓöÇΓöÇΓöÇΓöÇΓöÇΓöÇΓöÇΓöÇΓöÇΓöÇΓöÇΓöÇΓöÇΓöÇΓöÇΓöÇΓöÇΓöÇΓöÇΓöÇΓöÇΓöÇΓöÇΓöÇ

    Error Context: test-results\responsive-admin-routes-x-viewports-admin-customers-chromium\error-context.md

    attachment #9: trace (application/zip) ΓöÇΓöÇΓöÇΓöÇΓöÇΓöÇΓöÇΓöÇΓöÇΓöÇΓöÇΓöÇΓöÇΓöÇΓöÇΓöÇΓöÇΓöÇΓöÇΓöÇΓöÇΓöÇΓöÇΓöÇΓöÇΓöÇΓöÇΓöÇΓöÇΓöÇΓöÇΓöÇΓöÇΓöÇΓöÇΓöÇΓöÇΓöÇΓöÇΓöÇΓöÇΓöÇΓöÇΓöÇΓöÇΓöÇΓöÇΓöÇΓöÇΓöÇΓöÇΓöÇΓöÇΓöÇΓöÇΓöÇΓöÇ
    test-results\responsive-admin-routes-x-viewports-admin-customers-chromium\trace.zip
    Usage:

        npx playwright show-trace test-results\responsive-admin-routes-x-viewports-admin-customers-chromium\trace.zip

    ΓöÇΓöÇΓöÇΓöÇΓöÇΓöÇΓöÇΓöÇΓöÇΓöÇΓöÇΓöÇΓöÇΓöÇΓöÇΓöÇΓöÇΓöÇΓöÇΓöÇΓöÇΓöÇΓöÇΓöÇΓöÇΓöÇΓöÇΓöÇΓöÇΓöÇΓöÇΓöÇΓöÇΓöÇΓöÇΓöÇΓöÇΓöÇΓöÇΓöÇΓöÇΓöÇΓöÇΓöÇΓöÇΓöÇΓöÇΓöÇΓöÇΓöÇΓöÇΓöÇΓöÇΓöÇΓöÇΓöÇΓöÇΓöÇΓöÇΓöÇΓöÇΓöÇΓöÇΓöÇΓöÇΓöÇΓöÇΓöÇΓöÇΓöÇΓöÇΓöÇΓöÇΓöÇΓöÇΓöÇΓöÇΓöÇΓöÇΓöÇΓöÇΓöÇΓöÇΓöÇΓöÇΓöÇΓöÇΓöÇΓöÇΓöÇΓöÇΓöÇΓöÇΓöÇΓöÇΓöÇ

  67) [chromium] ΓÇ║ e2e\responsive.spec.mjs:19:5 ΓÇ║ admin routes x viewports ΓÇ║ /admin/customers/coupons 

    Error: /admin/customers/coupons
    @1600px:
      - navigation failed: page.goto: net::ERR_CONNECTION_REFUSED at http://localhost:3058/admin/customers/coupons
    @1200px:
      - navigation failed: page.goto: net::ERR_CONNECTION_REFUSED at http://localhost:3058/admin/customers/coupons
    @768px:
      - navigation failed: page.goto: net::ERR_CONNECTION_REFUSED at http://localhost:3058/admin/customers/coupons
    @480px:
      - navigation failed: page.goto: net::ERR_CONNECTION_REFUSED at http://localhost:3058/admin/customers/coupons
    @375px:
      - navigation failed: page.goto: net::ERR_CONNECTION_REFUSED at http://localhost:3058/admin/customers/coupons

    expect(received).toEqual(expected) // deep equality

    - Expected  -  1
    + Received  + 12

    - Array []
    + Array [
    +   "@1600px:
    +   - navigation failed: page.goto: net::ERR_CONNECTION_REFUSED at http://localhost:3058/admin/customers/coupons",
    +   "@1200px:
    +   - navigation failed: page.goto: net::ERR_CONNECTION_REFUSED at http://localhost:3058/admin/customers/coupons",
    +   "@768px:
    +   - navigation failed: page.goto: net::ERR_CONNECTION_REFUSED at http://localhost:3058/admin/customers/coupons",
    +   "@480px:
    +   - navigation failed: page.goto: net::ERR_CONNECTION_REFUSED at http://localhost:3058/admin/customers/coupons",
    +   "@375px:
    +   - navigation failed: page.goto: net::ERR_CONNECTION_REFUSED at http://localhost:3058/admin/customers/coupons",
    + ]

      12 |   await testInfo.attach("matrix", { body: JSON.stringify({ route, url, results }), contentType: "application/json" });
      13 |   const failed = results.filter((r) => r.issues.length).map((r) => `@${r.viewport}px:\n  - ${r.issues.join("\n  - ")}`);
    > 14 |   expect(failed, `${url}\n${failed.join("\n")}`).toEqual([]);
         |                                                  ^
      15 | }
      16 |
      17 | test.describe("admin routes x viewports", () => {
        at runMatrix (C:\Users\priyank\Desktop\Development\BharatAgrolink-admin\e2e\responsive.spec.mjs:14:50)
        at C:\Users\priyank\Desktop\Development\BharatAgrolink-admin\e2e\responsive.spec.mjs:20:7

    attachment #7: screenshot (image/png) ΓöÇΓöÇΓöÇΓöÇΓöÇΓöÇΓöÇΓöÇΓöÇΓöÇΓöÇΓöÇΓöÇΓöÇΓöÇΓöÇΓöÇΓöÇΓöÇΓöÇΓöÇΓöÇΓöÇΓöÇΓöÇΓöÇΓöÇΓöÇΓöÇΓöÇΓöÇΓöÇΓöÇΓöÇΓöÇΓöÇΓöÇΓöÇΓöÇΓöÇΓöÇΓöÇΓöÇΓöÇΓöÇΓöÇΓöÇΓöÇΓöÇΓöÇΓöÇΓöÇΓöÇΓöÇΓöÇΓöÇΓöÇΓöÇ
    test-results\responsive-admin-routes-x-viewports-admin-customers-coupons-chromium\test-failed-1.png
    ΓöÇΓöÇΓöÇΓöÇΓöÇΓöÇΓöÇΓöÇΓöÇΓöÇΓöÇΓöÇΓöÇΓöÇΓöÇΓöÇΓöÇΓöÇΓöÇΓöÇΓöÇΓöÇΓöÇΓöÇΓöÇΓöÇΓöÇΓöÇΓöÇΓöÇΓöÇΓöÇΓöÇΓöÇΓöÇΓöÇΓöÇΓöÇΓöÇΓöÇΓöÇΓöÇΓöÇΓöÇΓöÇΓöÇΓöÇΓöÇΓöÇΓöÇΓöÇΓöÇΓöÇΓöÇΓöÇΓöÇΓöÇΓöÇΓöÇΓöÇΓöÇΓöÇΓöÇΓöÇΓöÇΓöÇΓöÇΓöÇΓöÇΓöÇΓöÇΓöÇΓöÇΓöÇΓöÇΓöÇΓöÇΓöÇΓöÇΓöÇΓöÇΓöÇΓöÇΓöÇΓöÇΓöÇΓöÇΓöÇΓöÇΓöÇΓöÇΓöÇΓöÇΓöÇΓöÇΓöÇ

    Error Context: test-results\responsive-admin-routes-x-viewports-admin-customers-coupons-chromium\error-context.md

    attachment #9: trace (application/zip) ΓöÇΓöÇΓöÇΓöÇΓöÇΓöÇΓöÇΓöÇΓöÇΓöÇΓöÇΓöÇΓöÇΓöÇΓöÇΓöÇΓöÇΓöÇΓöÇΓöÇΓöÇΓöÇΓöÇΓöÇΓöÇΓöÇΓöÇΓöÇΓöÇΓöÇΓöÇΓöÇΓöÇΓöÇΓöÇΓöÇΓöÇΓöÇΓöÇΓöÇΓöÇΓöÇΓöÇΓöÇΓöÇΓöÇΓöÇΓöÇΓöÇΓöÇΓöÇΓöÇΓöÇΓöÇΓöÇΓöÇΓöÇ
    test-results\responsive-admin-routes-x-viewports-admin-customers-coupons-chromium\trace.zip
    Usage:

        npx playwright show-trace test-results\responsive-admin-routes-x-viewports-admin-customers-coupons-chromium\trace.zip

    ΓöÇΓöÇΓöÇΓöÇΓöÇΓöÇΓöÇΓöÇΓöÇΓöÇΓöÇΓöÇΓöÇΓöÇΓöÇΓöÇΓöÇΓöÇΓöÇΓöÇΓöÇΓöÇΓöÇΓöÇΓöÇΓöÇΓöÇΓöÇΓöÇΓöÇΓöÇΓöÇΓöÇΓöÇΓöÇΓöÇΓöÇΓöÇΓöÇΓöÇΓöÇΓöÇΓöÇΓöÇΓöÇΓöÇΓöÇΓöÇΓöÇΓöÇΓöÇΓöÇΓöÇΓöÇΓöÇΓöÇΓöÇΓöÇΓöÇΓöÇΓöÇΓöÇΓöÇΓöÇΓöÇΓöÇΓöÇΓöÇΓöÇΓöÇΓöÇΓöÇΓöÇΓöÇΓöÇΓöÇΓöÇΓöÇΓöÇΓöÇΓöÇΓöÇΓöÇΓöÇΓöÇΓöÇΓöÇΓöÇΓöÇΓöÇΓöÇΓöÇΓöÇΓöÇΓöÇΓöÇ

  68) [chromium] ΓÇ║ e2e\responsive.spec.mjs:19:5 ΓÇ║ admin routes x viewports ΓÇ║ /admin/customers/reviews 

    Error: /admin/customers/reviews
    @1600px:
      - navigation failed: page.goto: net::ERR_CONNECTION_REFUSED at http://localhost:3058/admin/customers/reviews
    @1200px:
      - navigation failed: page.goto: net::ERR_CONNECTION_REFUSED at http://localhost:3058/admin/customers/reviews
    @768px:
      - navigation failed: page.goto: net::ERR_CONNECTION_REFUSED at http://localhost:3058/admin/customers/reviews
    @480px:
      - navigation failed: page.goto: net::ERR_CONNECTION_REFUSED at http://localhost:3058/admin/customers/reviews
    @375px:
      - navigation failed: page.goto: net::ERR_CONNECTION_REFUSED at http://localhost:3058/admin/customers/reviews

    expect(received).toEqual(expected) // deep equality

    - Expected  -  1
    + Received  + 12

    - Array []
    + Array [
    +   "@1600px:
    +   - navigation failed: page.goto: net::ERR_CONNECTION_REFUSED at http://localhost:3058/admin/customers/reviews",
    +   "@1200px:
    +   - navigation failed: page.goto: net::ERR_CONNECTION_REFUSED at http://localhost:3058/admin/customers/reviews",
    +   "@768px:
    +   - navigation failed: page.goto: net::ERR_CONNECTION_REFUSED at http://localhost:3058/admin/customers/reviews",
    +   "@480px:
    +   - navigation failed: page.goto: net::ERR_CONNECTION_REFUSED at http://localhost:3058/admin/customers/reviews",
    +   "@375px:
    +   - navigation failed: page.goto: net::ERR_CONNECTION_REFUSED at http://localhost:3058/admin/customers/reviews",
    + ]

      12 |   await testInfo.attach("matrix", { body: JSON.stringify({ route, url, results }), contentType: "application/json" });
      13 |   const failed = results.filter((r) => r.issues.length).map((r) => `@${r.viewport}px:\n  - ${r.issues.join("\n  - ")}`);
    > 14 |   expect(failed, `${url}\n${failed.join("\n")}`).toEqual([]);
         |                                                  ^
      15 | }
      16 |
      17 | test.describe("admin routes x viewports", () => {
        at runMatrix (C:\Users\priyank\Desktop\Development\BharatAgrolink-admin\e2e\responsive.spec.mjs:14:50)
        at C:\Users\priyank\Desktop\Development\BharatAgrolink-admin\e2e\responsive.spec.mjs:20:7

    attachment #7: screenshot (image/png) ΓöÇΓöÇΓöÇΓöÇΓöÇΓöÇΓöÇΓöÇΓöÇΓöÇΓöÇΓöÇΓöÇΓöÇΓöÇΓöÇΓöÇΓöÇΓöÇΓöÇΓöÇΓöÇΓöÇΓöÇΓöÇΓöÇΓöÇΓöÇΓöÇΓöÇΓöÇΓöÇΓöÇΓöÇΓöÇΓöÇΓöÇΓöÇΓöÇΓöÇΓöÇΓöÇΓöÇΓöÇΓöÇΓöÇΓöÇΓöÇΓöÇΓöÇΓöÇΓöÇΓöÇΓöÇΓöÇΓöÇΓöÇΓöÇ
    test-results\responsive-admin-routes-x-viewports-admin-customers-reviews-chromium\test-failed-1.png
    ΓöÇΓöÇΓöÇΓöÇΓöÇΓöÇΓöÇΓöÇΓöÇΓöÇΓöÇΓöÇΓöÇΓöÇΓöÇΓöÇΓöÇΓöÇΓöÇΓöÇΓöÇΓöÇΓöÇΓöÇΓöÇΓöÇΓöÇΓöÇΓöÇΓöÇΓöÇΓöÇΓöÇΓöÇΓöÇΓöÇΓöÇΓöÇΓöÇΓöÇΓöÇΓöÇΓöÇΓöÇΓöÇΓöÇΓöÇΓöÇΓöÇΓöÇΓöÇΓöÇΓöÇΓöÇΓöÇΓöÇΓöÇΓöÇΓöÇΓöÇΓöÇΓöÇΓöÇΓöÇΓöÇΓöÇΓöÇΓöÇΓöÇΓöÇΓöÇΓöÇΓöÇΓöÇΓöÇΓöÇΓöÇΓöÇΓöÇΓöÇΓöÇΓöÇΓöÇΓöÇΓöÇΓöÇΓöÇΓöÇΓöÇΓöÇΓöÇΓöÇΓöÇΓöÇΓöÇΓöÇ

    Error Context: test-results\responsive-admin-routes-x-viewports-admin-customers-reviews-chromium\error-context.md

    attachment #9: trace (application/zip) ΓöÇΓöÇΓöÇΓöÇΓöÇΓöÇΓöÇΓöÇΓöÇΓöÇΓöÇΓöÇΓöÇΓöÇΓöÇΓöÇΓöÇΓöÇΓöÇΓöÇΓöÇΓöÇΓöÇΓöÇΓöÇΓöÇΓöÇΓöÇΓöÇΓöÇΓöÇΓöÇΓöÇΓöÇΓöÇΓöÇΓöÇΓöÇΓöÇΓöÇΓöÇΓöÇΓöÇΓöÇΓöÇΓöÇΓöÇΓöÇΓöÇΓöÇΓöÇΓöÇΓöÇΓöÇΓöÇΓöÇΓöÇ
    test-results\responsive-admin-routes-x-viewports-admin-customers-reviews-chromium\trace.zip
    Usage:

        npx playwright show-trace test-results\responsive-admin-routes-x-viewports-admin-customers-reviews-chromium\trace.zip

    ΓöÇΓöÇΓöÇΓöÇΓöÇΓöÇΓöÇΓöÇΓöÇΓöÇΓöÇΓöÇΓöÇΓöÇΓöÇΓöÇΓöÇΓöÇΓöÇΓöÇΓöÇΓöÇΓöÇΓöÇΓöÇΓöÇΓöÇΓöÇΓöÇΓöÇΓöÇΓöÇΓöÇΓöÇΓöÇΓöÇΓöÇΓöÇΓöÇΓöÇΓöÇΓöÇΓöÇΓöÇΓöÇΓöÇΓöÇΓöÇΓöÇΓöÇΓöÇΓöÇΓöÇΓöÇΓöÇΓöÇΓöÇΓöÇΓöÇΓöÇΓöÇΓöÇΓöÇΓöÇΓöÇΓöÇΓöÇΓöÇΓöÇΓöÇΓöÇΓöÇΓöÇΓöÇΓöÇΓöÇΓöÇΓöÇΓöÇΓöÇΓöÇΓöÇΓöÇΓöÇΓöÇΓöÇΓöÇΓöÇΓöÇΓöÇΓöÇΓöÇΓöÇΓöÇΓöÇΓöÇ

  69) [chromium] ΓÇ║ e2e\responsive.spec.mjs:19:5 ΓÇ║ admin routes x viewports ΓÇ║ /admin/customers/reviews/pending 

    Error: /admin/customers/reviews/pending
    @1600px:
      - navigation failed: page.goto: net::ERR_CONNECTION_RESET at http://localhost:3058/admin/customers/reviews/pending
    @1200px:
      - navigation failed: page.goto: net::ERR_CONNECTION_RESET at http://localhost:3058/admin/customers/reviews/pending
    @768px:
      - navigation failed: page.goto: net::ERR_CONNECTION_RESET at http://localhost:3058/admin/customers/reviews/pending
    @480px:
      - navigation failed: page.goto: net::ERR_CONNECTION_RESET at http://localhost:3058/admin/customers/reviews/pending
    @375px:
      - navigation failed: page.goto: net::ERR_CONNECTION_RESET at http://localhost:3058/admin/customers/reviews/pending

    expect(received).toEqual(expected) // deep equality

    - Expected  -  1
    + Received  + 12

    - Array []
    + Array [
    +   "@1600px:
    +   - navigation failed: page.goto: net::ERR_CONNECTION_RESET at http://localhost:3058/admin/customers/reviews/pending",
    +   "@1200px:
    +   - navigation failed: page.goto: net::ERR_CONNECTION_RESET at http://localhost:3058/admin/customers/reviews/pending",
    +   "@768px:
    +   - navigation failed: page.goto: net::ERR_CONNECTION_RESET at http://localhost:3058/admin/customers/reviews/pending",
    +   "@480px:
    +   - navigation failed: page.goto: net::ERR_CONNECTION_RESET at http://localhost:3058/admin/customers/reviews/pending",
    +   "@375px:
    +   - navigation failed: page.goto: net::ERR_CONNECTION_RESET at http://localhost:3058/admin/customers/reviews/pending",
    + ]

      12 |   await testInfo.attach("matrix", { body: JSON.stringify({ route, url, results }), contentType: "application/json" });
      13 |   const failed = results.filter((r) => r.issues.length).map((r) => `@${r.viewport}px:\n  - ${r.issues.join("\n  - ")}`);
    > 14 |   expect(failed, `${url}\n${failed.join("\n")}`).toEqual([]);
         |                                                  ^
      15 | }
      16 |
      17 | test.describe("admin routes x viewports", () => {
        at runMatrix (C:\Users\priyank\Desktop\Development\BharatAgrolink-admin\e2e\responsive.spec.mjs:14:50)
        at C:\Users\priyank\Desktop\Development\BharatAgrolink-admin\e2e\responsive.spec.mjs:20:7

    attachment #7: screenshot (image/png) ΓöÇΓöÇΓöÇΓöÇΓöÇΓöÇΓöÇΓöÇΓöÇΓöÇΓöÇΓöÇΓöÇΓöÇΓöÇΓöÇΓöÇΓöÇΓöÇΓöÇΓöÇΓöÇΓöÇΓöÇΓöÇΓöÇΓöÇΓöÇΓöÇΓöÇΓöÇΓöÇΓöÇΓöÇΓöÇΓöÇΓöÇΓöÇΓöÇΓöÇΓöÇΓöÇΓöÇΓöÇΓöÇΓöÇΓöÇΓöÇΓöÇΓöÇΓöÇΓöÇΓöÇΓöÇΓöÇΓöÇΓöÇΓöÇ
    test-results\responsive-admin-routes-x--cb108-n-customers-reviews-pending-chromium\test-failed-1.png
    ΓöÇΓöÇΓöÇΓöÇΓöÇΓöÇΓöÇΓöÇΓöÇΓöÇΓöÇΓöÇΓöÇΓöÇΓöÇΓöÇΓöÇΓöÇΓöÇΓöÇΓöÇΓöÇΓöÇΓöÇΓöÇΓöÇΓöÇΓöÇΓöÇΓöÇΓöÇΓöÇΓöÇΓöÇΓöÇΓöÇΓöÇΓöÇΓöÇΓöÇΓöÇΓöÇΓöÇΓöÇΓöÇΓöÇΓöÇΓöÇΓöÇΓöÇΓöÇΓöÇΓöÇΓöÇΓöÇΓöÇΓöÇΓöÇΓöÇΓöÇΓöÇΓöÇΓöÇΓöÇΓöÇΓöÇΓöÇΓöÇΓöÇΓöÇΓöÇΓöÇΓöÇΓöÇΓöÇΓöÇΓöÇΓöÇΓöÇΓöÇΓöÇΓöÇΓöÇΓöÇΓöÇΓöÇΓöÇΓöÇΓöÇΓöÇΓöÇΓöÇΓöÇΓöÇΓöÇΓöÇ

    Error Context: test-results\responsive-admin-routes-x--cb108-n-customers-reviews-pending-chromium\error-context.md

    attachment #9: trace (application/zip) ΓöÇΓöÇΓöÇΓöÇΓöÇΓöÇΓöÇΓöÇΓöÇΓöÇΓöÇΓöÇΓöÇΓöÇΓöÇΓöÇΓöÇΓöÇΓöÇΓöÇΓöÇΓöÇΓöÇΓöÇΓöÇΓöÇΓöÇΓöÇΓöÇΓöÇΓöÇΓöÇΓöÇΓöÇΓöÇΓöÇΓöÇΓöÇΓöÇΓöÇΓöÇΓöÇΓöÇΓöÇΓöÇΓöÇΓöÇΓöÇΓöÇΓöÇΓöÇΓöÇΓöÇΓöÇΓöÇΓöÇΓöÇ
    test-results\responsive-admin-routes-x--cb108-n-customers-reviews-pending-chromium\trace.zip
    Usage:

        npx playwright show-trace test-results\responsive-admin-routes-x--cb108-n-customers-reviews-pending-chromium\trace.zip

    ΓöÇΓöÇΓöÇΓöÇΓöÇΓöÇΓöÇΓöÇΓöÇΓöÇΓöÇΓöÇΓöÇΓöÇΓöÇΓöÇΓöÇΓöÇΓöÇΓöÇΓöÇΓöÇΓöÇΓöÇΓöÇΓöÇΓöÇΓöÇΓöÇΓöÇΓöÇΓöÇΓöÇΓöÇΓöÇΓöÇΓöÇΓöÇΓöÇΓöÇΓöÇΓöÇΓöÇΓöÇΓöÇΓöÇΓöÇΓöÇΓöÇΓöÇΓöÇΓöÇΓöÇΓöÇΓöÇΓöÇΓöÇΓöÇΓöÇΓöÇΓöÇΓöÇΓöÇΓöÇΓöÇΓöÇΓöÇΓöÇΓöÇΓöÇΓöÇΓöÇΓöÇΓöÇΓöÇΓöÇΓöÇΓöÇΓöÇΓöÇΓöÇΓöÇΓöÇΓöÇΓöÇΓöÇΓöÇΓöÇΓöÇΓöÇΓöÇΓöÇΓöÇΓöÇΓöÇΓöÇ

  70) [chromium] ΓÇ║ e2e\responsive.spec.mjs:19:5 ΓÇ║ admin routes x viewports ΓÇ║ /admin/dashboard ΓöÇΓöÇΓöÇΓöÇΓöÇΓöÇ

    Error: /admin/dashboard
    @1600px:
      - navigation failed: page.goto: net::ERR_CONNECTION_RESET at http://localhost:3058/admin/dashboard
    @1200px:
      - navigation failed: page.goto: net::ERR_CONNECTION_RESET at http://localhost:3058/admin/dashboard
    @768px:
      - navigation failed: page.goto: net::ERR_CONNECTION_RESET at http://localhost:3058/admin/dashboard
    @480px:
      - navigation failed: page.goto: net::ERR_CONNECTION_RESET at http://localhost:3058/admin/dashboard
    @375px:
      - navigation failed: page.goto: net::ERR_CONNECTION_RESET at http://localhost:3058/admin/dashboard

    expect(received).toEqual(expected) // deep equality

    - Expected  -  1
    + Received  + 12

    - Array []
    + Array [
    +   "@1600px:
    +   - navigation failed: page.goto: net::ERR_CONNECTION_RESET at http://localhost:3058/admin/dashboard",
    +   "@1200px:
    +   - navigation failed: page.goto: net::ERR_CONNECTION_RESET at http://localhost:3058/admin/dashboard",
    +   "@768px:
    +   - navigation failed: page.goto: net::ERR_CONNECTION_RESET at http://localhost:3058/admin/dashboard",
    +   "@480px:
    +   - navigation failed: page.goto: net::ERR_CONNECTION_RESET at http://localhost:3058/admin/dashboard",
    +   "@375px:
    +   - navigation failed: page.goto: net::ERR_CONNECTION_RESET at http://localhost:3058/admin/dashboard",
    + ]

      12 |   await testInfo.attach("matrix", { body: JSON.stringify({ route, url, results }), contentType: "application/json" });
      13 |   const failed = results.filter((r) => r.issues.length).map((r) => `@${r.viewport}px:\n  - ${r.issues.join("\n  - ")}`);
    > 14 |   expect(failed, `${url}\n${failed.join("\n")}`).toEqual([]);
         |                                                  ^
      15 | }
      16 |
      17 | test.describe("admin routes x viewports", () => {
        at runMatrix (C:\Users\priyank\Desktop\Development\BharatAgrolink-admin\e2e\responsive.spec.mjs:14:50)
        at C:\Users\priyank\Desktop\Development\BharatAgrolink-admin\e2e\responsive.spec.mjs:20:7

    attachment #7: screenshot (image/png) ΓöÇΓöÇΓöÇΓöÇΓöÇΓöÇΓöÇΓöÇΓöÇΓöÇΓöÇΓöÇΓöÇΓöÇΓöÇΓöÇΓöÇΓöÇΓöÇΓöÇΓöÇΓöÇΓöÇΓöÇΓöÇΓöÇΓöÇΓöÇΓöÇΓöÇΓöÇΓöÇΓöÇΓöÇΓöÇΓöÇΓöÇΓöÇΓöÇΓöÇΓöÇΓöÇΓöÇΓöÇΓöÇΓöÇΓöÇΓöÇΓöÇΓöÇΓöÇΓöÇΓöÇΓöÇΓöÇΓöÇΓöÇΓöÇ
    test-results\responsive-admin-routes-x-viewports-admin-dashboard-chromium\test-failed-1.png
    ΓöÇΓöÇΓöÇΓöÇΓöÇΓöÇΓöÇΓöÇΓöÇΓöÇΓöÇΓöÇΓöÇΓöÇΓöÇΓöÇΓöÇΓöÇΓöÇΓöÇΓöÇΓöÇΓöÇΓöÇΓöÇΓöÇΓöÇΓöÇΓöÇΓöÇΓöÇΓöÇΓöÇΓöÇΓöÇΓöÇΓöÇΓöÇΓöÇΓöÇΓöÇΓöÇΓöÇΓöÇΓöÇΓöÇΓöÇΓöÇΓöÇΓöÇΓöÇΓöÇΓöÇΓöÇΓöÇΓöÇΓöÇΓöÇΓöÇΓöÇΓöÇΓöÇΓöÇΓöÇΓöÇΓöÇΓöÇΓöÇΓöÇΓöÇΓöÇΓöÇΓöÇΓöÇΓöÇΓöÇΓöÇΓöÇΓöÇΓöÇΓöÇΓöÇΓöÇΓöÇΓöÇΓöÇΓöÇΓöÇΓöÇΓöÇΓöÇΓöÇΓöÇΓöÇΓöÇΓöÇ

    Error Context: test-results\responsive-admin-routes-x-viewports-admin-dashboard-chromium\error-context.md

    attachment #9: trace (application/zip) ΓöÇΓöÇΓöÇΓöÇΓöÇΓöÇΓöÇΓöÇΓöÇΓöÇΓöÇΓöÇΓöÇΓöÇΓöÇΓöÇΓöÇΓöÇΓöÇΓöÇΓöÇΓöÇΓöÇΓöÇΓöÇΓöÇΓöÇΓöÇΓöÇΓöÇΓöÇΓöÇΓöÇΓöÇΓöÇΓöÇΓöÇΓöÇΓöÇΓöÇΓöÇΓöÇΓöÇΓöÇΓöÇΓöÇΓöÇΓöÇΓöÇΓöÇΓöÇΓöÇΓöÇΓöÇΓöÇΓöÇΓöÇ
    test-results\responsive-admin-routes-x-viewports-admin-dashboard-chromium\trace.zip
    Usage:

        npx playwright show-trace test-results\responsive-admin-routes-x-viewports-admin-dashboard-chromium\trace.zip

    ΓöÇΓöÇΓöÇΓöÇΓöÇΓöÇΓöÇΓöÇΓöÇΓöÇΓöÇΓöÇΓöÇΓöÇΓöÇΓöÇΓöÇΓöÇΓöÇΓöÇΓöÇΓöÇΓöÇΓöÇΓöÇΓöÇΓöÇΓöÇΓöÇΓöÇΓöÇΓöÇΓöÇΓöÇΓöÇΓöÇΓöÇΓöÇΓöÇΓöÇΓöÇΓöÇΓöÇΓöÇΓöÇΓöÇΓöÇΓöÇΓöÇΓöÇΓöÇΓöÇΓöÇΓöÇΓöÇΓöÇΓöÇΓöÇΓöÇΓöÇΓöÇΓöÇΓöÇΓöÇΓöÇΓöÇΓöÇΓöÇΓöÇΓöÇΓöÇΓöÇΓöÇΓöÇΓöÇΓöÇΓöÇΓöÇΓöÇΓöÇΓöÇΓöÇΓöÇΓöÇΓöÇΓöÇΓöÇΓöÇΓöÇΓöÇΓöÇΓöÇΓöÇΓöÇΓöÇΓöÇ

  71) [chromium] ΓÇ║ e2e\responsive.spec.mjs:19:5 ΓÇ║ admin routes x viewports ΓÇ║ /admin/dashboards/business 

    Error: /admin/dashboards/business
    @1600px:
      - navigation failed: page.goto: net::ERR_CONNECTION_RESET at http://localhost:3058/admin/dashboards/business
    @1200px:
      - navigation failed: page.goto: net::ERR_CONNECTION_RESET at http://localhost:3058/admin/dashboards/business
    @768px:
      - navigation failed: page.goto: net::ERR_CONNECTION_RESET at http://localhost:3058/admin/dashboards/business
    @480px:
      - navigation failed: page.goto: net::ERR_CONNECTION_RESET at http://localhost:3058/admin/dashboards/business
    @375px:
      - navigation failed: page.goto: net::ERR_CONNECTION_RESET at http://localhost:3058/admin/dashboards/business

    expect(received).toEqual(expected) // deep equality

    - Expected  -  1
    + Received  + 12

    - Array []
    + Array [
    +   "@1600px:
    +   - navigation failed: page.goto: net::ERR_CONNECTION_RESET at http://localhost:3058/admin/dashboards/business",
    +   "@1200px:
    +   - navigation failed: page.goto: net::ERR_CONNECTION_RESET at http://localhost:3058/admin/dashboards/business",
    +   "@768px:
    +   - navigation failed: page.goto: net::ERR_CONNECTION_RESET at http://localhost:3058/admin/dashboards/business",
    +   "@480px:
    +   - navigation failed: page.goto: net::ERR_CONNECTION_RESET at http://localhost:3058/admin/dashboards/business",
    +   "@375px:
    +   - navigation failed: page.goto: net::ERR_CONNECTION_RESET at http://localhost:3058/admin/dashboards/business",
    + ]

      12 |   await testInfo.attach("matrix", { body: JSON.stringify({ route, url, results }), contentType: "application/json" });
      13 |   const failed = results.filter((r) => r.issues.length).map((r) => `@${r.viewport}px:\n  - ${r.issues.join("\n  - ")}`);
    > 14 |   expect(failed, `${url}\n${failed.join("\n")}`).toEqual([]);
         |                                                  ^
      15 | }
      16 |
      17 | test.describe("admin routes x viewports", () => {
        at runMatrix (C:\Users\priyank\Desktop\Development\BharatAgrolink-admin\e2e\responsive.spec.mjs:14:50)
        at C:\Users\priyank\Desktop\Development\BharatAgrolink-admin\e2e\responsive.spec.mjs:20:7

    attachment #7: screenshot (image/png) ΓöÇΓöÇΓöÇΓöÇΓöÇΓöÇΓöÇΓöÇΓöÇΓöÇΓöÇΓöÇΓöÇΓöÇΓöÇΓöÇΓöÇΓöÇΓöÇΓöÇΓöÇΓöÇΓöÇΓöÇΓöÇΓöÇΓöÇΓöÇΓöÇΓöÇΓöÇΓöÇΓöÇΓöÇΓöÇΓöÇΓöÇΓöÇΓöÇΓöÇΓöÇΓöÇΓöÇΓöÇΓöÇΓöÇΓöÇΓöÇΓöÇΓöÇΓöÇΓöÇΓöÇΓöÇΓöÇΓöÇΓöÇΓöÇ
    test-results\responsive-admin-routes-x--3501d-s-admin-dashboards-business-chromium\test-failed-1.png
    ΓöÇΓöÇΓöÇΓöÇΓöÇΓöÇΓöÇΓöÇΓöÇΓöÇΓöÇΓöÇΓöÇΓöÇΓöÇΓöÇΓöÇΓöÇΓöÇΓöÇΓöÇΓöÇΓöÇΓöÇΓöÇΓöÇΓöÇΓöÇΓöÇΓöÇΓöÇΓöÇΓöÇΓöÇΓöÇΓöÇΓöÇΓöÇΓöÇΓöÇΓöÇΓöÇΓöÇΓöÇΓöÇΓöÇΓöÇΓöÇΓöÇΓöÇΓöÇΓöÇΓöÇΓöÇΓöÇΓöÇΓöÇΓöÇΓöÇΓöÇΓöÇΓöÇΓöÇΓöÇΓöÇΓöÇΓöÇΓöÇΓöÇΓöÇΓöÇΓöÇΓöÇΓöÇΓöÇΓöÇΓöÇΓöÇΓöÇΓöÇΓöÇΓöÇΓöÇΓöÇΓöÇΓöÇΓöÇΓöÇΓöÇΓöÇΓöÇΓöÇΓöÇΓöÇΓöÇΓöÇ

    Error Context: test-results\responsive-admin-routes-x--3501d-s-admin-dashboards-business-chromium\error-context.md

    attachment #9: trace (application/zip) ΓöÇΓöÇΓöÇΓöÇΓöÇΓöÇΓöÇΓöÇΓöÇΓöÇΓöÇΓöÇΓöÇΓöÇΓöÇΓöÇΓöÇΓöÇΓöÇΓöÇΓöÇΓöÇΓöÇΓöÇΓöÇΓöÇΓöÇΓöÇΓöÇΓöÇΓöÇΓöÇΓöÇΓöÇΓöÇΓöÇΓöÇΓöÇΓöÇΓöÇΓöÇΓöÇΓöÇΓöÇΓöÇΓöÇΓöÇΓöÇΓöÇΓöÇΓöÇΓöÇΓöÇΓöÇΓöÇΓöÇΓöÇ
    test-results\responsive-admin-routes-x--3501d-s-admin-dashboards-business-chromium\trace.zip
    Usage:

        npx playwright show-trace test-results\responsive-admin-routes-x--3501d-s-admin-dashboards-business-chromium\trace.zip

    ΓöÇΓöÇΓöÇΓöÇΓöÇΓöÇΓöÇΓöÇΓöÇΓöÇΓöÇΓöÇΓöÇΓöÇΓöÇΓöÇΓöÇΓöÇΓöÇΓöÇΓöÇΓöÇΓöÇΓöÇΓöÇΓöÇΓöÇΓöÇΓöÇΓöÇΓöÇΓöÇΓöÇΓöÇΓöÇΓöÇΓöÇΓöÇΓöÇΓöÇΓöÇΓöÇΓöÇΓöÇΓöÇΓöÇΓöÇΓöÇΓöÇΓöÇΓöÇΓöÇΓöÇΓöÇΓöÇΓöÇΓöÇΓöÇΓöÇΓöÇΓöÇΓöÇΓöÇΓöÇΓöÇΓöÇΓöÇΓöÇΓöÇΓöÇΓöÇΓöÇΓöÇΓöÇΓöÇΓöÇΓöÇΓöÇΓöÇΓöÇΓöÇΓöÇΓöÇΓöÇΓöÇΓöÇΓöÇΓöÇΓöÇΓöÇΓöÇΓöÇΓöÇΓöÇΓöÇΓöÇ

  72) [chromium] ΓÇ║ e2e\responsive.spec.mjs:19:5 ΓÇ║ admin routes x viewports ΓÇ║ /admin/dashboards/finance 

    Error: /admin/dashboards/finance
    @1600px:
      - navigation failed: page.goto: net::ERR_CONNECTION_REFUSED at http://localhost:3058/admin/dashboards/finance
    @1200px:
      - navigation failed: page.goto: net::ERR_CONNECTION_REFUSED at http://localhost:3058/admin/dashboards/finance
    @768px:
      - navigation failed: page.goto: net::ERR_CONNECTION_REFUSED at http://localhost:3058/admin/dashboards/finance
    @480px:
      - navigation failed: page.goto: net::ERR_CONNECTION_REFUSED at http://localhost:3058/admin/dashboards/finance
    @375px:
      - navigation failed: page.goto: net::ERR_CONNECTION_REFUSED at http://localhost:3058/admin/dashboards/finance

    expect(received).toEqual(expected) // deep equality

    - Expected  -  1
    + Received  + 12

    - Array []
    + Array [
    +   "@1600px:
    +   - navigation failed: page.goto: net::ERR_CONNECTION_REFUSED at http://localhost:3058/admin/dashboards/finance",
    +   "@1200px:
    +   - navigation failed: page.goto: net::ERR_CONNECTION_REFUSED at http://localhost:3058/admin/dashboards/finance",
    +   "@768px:
    +   - navigation failed: page.goto: net::ERR_CONNECTION_REFUSED at http://localhost:3058/admin/dashboards/finance",
    +   "@480px:
    +   - navigation failed: page.goto: net::ERR_CONNECTION_REFUSED at http://localhost:3058/admin/dashboards/finance",
    +   "@375px:
    +   - navigation failed: page.goto: net::ERR_CONNECTION_REFUSED at http://localhost:3058/admin/dashboards/finance",
    + ]

      12 |   await testInfo.attach("matrix", { body: JSON.stringify({ route, url, results }), contentType: "application/json" });
      13 |   const failed = results.filter((r) => r.issues.length).map((r) => `@${r.viewport}px:\n  - ${r.issues.join("\n  - ")}`);
    > 14 |   expect(failed, `${url}\n${failed.join("\n")}`).toEqual([]);
         |                                                  ^
      15 | }
      16 |
      17 | test.describe("admin routes x viewports", () => {
        at runMatrix (C:\Users\priyank\Desktop\Development\BharatAgrolink-admin\e2e\responsive.spec.mjs:14:50)
        at C:\Users\priyank\Desktop\Development\BharatAgrolink-admin\e2e\responsive.spec.mjs:20:7

    attachment #7: screenshot (image/png) ΓöÇΓöÇΓöÇΓöÇΓöÇΓöÇΓöÇΓöÇΓöÇΓöÇΓöÇΓöÇΓöÇΓöÇΓöÇΓöÇΓöÇΓöÇΓöÇΓöÇΓöÇΓöÇΓöÇΓöÇΓöÇΓöÇΓöÇΓöÇΓöÇΓöÇΓöÇΓöÇΓöÇΓöÇΓöÇΓöÇΓöÇΓöÇΓöÇΓöÇΓöÇΓöÇΓöÇΓöÇΓöÇΓöÇΓöÇΓöÇΓöÇΓöÇΓöÇΓöÇΓöÇΓöÇΓöÇΓöÇΓöÇΓöÇ
    test-results\responsive-admin-routes-x-viewports-admin-dashboards-finance-chromium\test-failed-1.png
    ΓöÇΓöÇΓöÇΓöÇΓöÇΓöÇΓöÇΓöÇΓöÇΓöÇΓöÇΓöÇΓöÇΓöÇΓöÇΓöÇΓöÇΓöÇΓöÇΓöÇΓöÇΓöÇΓöÇΓöÇΓöÇΓöÇΓöÇΓöÇΓöÇΓöÇΓöÇΓöÇΓöÇΓöÇΓöÇΓöÇΓöÇΓöÇΓöÇΓöÇΓöÇΓöÇΓöÇΓöÇΓöÇΓöÇΓöÇΓöÇΓöÇΓöÇΓöÇΓöÇΓöÇΓöÇΓöÇΓöÇΓöÇΓöÇΓöÇΓöÇΓöÇΓöÇΓöÇΓöÇΓöÇΓöÇΓöÇΓöÇΓöÇΓöÇΓöÇΓöÇΓöÇΓöÇΓöÇΓöÇΓöÇΓöÇΓöÇΓöÇΓöÇΓöÇΓöÇΓöÇΓöÇΓöÇΓöÇΓöÇΓöÇΓöÇΓöÇΓöÇΓöÇΓöÇΓöÇΓöÇ

    Error Context: test-results\responsive-admin-routes-x-viewports-admin-dashboards-finance-chromium\error-context.md

    attachment #9: trace (application/zip) ΓöÇΓöÇΓöÇΓöÇΓöÇΓöÇΓöÇΓöÇΓöÇΓöÇΓöÇΓöÇΓöÇΓöÇΓöÇΓöÇΓöÇΓöÇΓöÇΓöÇΓöÇΓöÇΓöÇΓöÇΓöÇΓöÇΓöÇΓöÇΓöÇΓöÇΓöÇΓöÇΓöÇΓöÇΓöÇΓöÇΓöÇΓöÇΓöÇΓöÇΓöÇΓöÇΓöÇΓöÇΓöÇΓöÇΓöÇΓöÇΓöÇΓöÇΓöÇΓöÇΓöÇΓöÇΓöÇΓöÇΓöÇ
    test-results\responsive-admin-routes-x-viewports-admin-dashboards-finance-chromium\trace.zip
    Usage:

        npx playwright show-trace test-results\responsive-admin-routes-x-viewports-admin-dashboards-finance-chromium\trace.zip

    ΓöÇΓöÇΓöÇΓöÇΓöÇΓöÇΓöÇΓöÇΓöÇΓöÇΓöÇΓöÇΓöÇΓöÇΓöÇΓöÇΓöÇΓöÇΓöÇΓöÇΓöÇΓöÇΓöÇΓöÇΓöÇΓöÇΓöÇΓöÇΓöÇΓöÇΓöÇΓöÇΓöÇΓöÇΓöÇΓöÇΓöÇΓöÇΓöÇΓöÇΓöÇΓöÇΓöÇΓöÇΓöÇΓöÇΓöÇΓöÇΓöÇΓöÇΓöÇΓöÇΓöÇΓöÇΓöÇΓöÇΓöÇΓöÇΓöÇΓöÇΓöÇΓöÇΓöÇΓöÇΓöÇΓöÇΓöÇΓöÇΓöÇΓöÇΓöÇΓöÇΓöÇΓöÇΓöÇΓöÇΓöÇΓöÇΓöÇΓöÇΓöÇΓöÇΓöÇΓöÇΓöÇΓöÇΓöÇΓöÇΓöÇΓöÇΓöÇΓöÇΓöÇΓöÇΓöÇΓöÇ

  73) [chromium] ΓÇ║ e2e\responsive.spec.mjs:19:5 ΓÇ║ admin routes x viewports ΓÇ║ /admin/dashboards/logistics 

    Error: /admin/dashboards/logistics
    @1600px:
      - navigation failed: page.goto: net::ERR_CONNECTION_REFUSED at http://localhost:3058/admin/dashboards/logistics
    @1200px:
      - navigation failed: page.goto: net::ERR_CONNECTION_REFUSED at http://localhost:3058/admin/dashboards/logistics
    @768px:
      - navigation failed: page.goto: net::ERR_CONNECTION_REFUSED at http://localhost:3058/admin/dashboards/logistics
    @480px:
      - navigation failed: page.goto: net::ERR_CONNECTION_REFUSED at http://localhost:3058/admin/dashboards/logistics
    @375px:
      - navigation failed: page.goto: net::ERR_CONNECTION_REFUSED at http://localhost:3058/admin/dashboards/logistics

    expect(received).toEqual(expected) // deep equality

    - Expected  -  1
    + Received  + 12

    - Array []
    + Array [
    +   "@1600px:
    +   - navigation failed: page.goto: net::ERR_CONNECTION_REFUSED at http://localhost:3058/admin/dashboards/logistics",
    +   "@1200px:
    +   - navigation failed: page.goto: net::ERR_CONNECTION_REFUSED at http://localhost:3058/admin/dashboards/logistics",
    +   "@768px:
    +   - navigation failed: page.goto: net::ERR_CONNECTION_REFUSED at http://localhost:3058/admin/dashboards/logistics",
    +   "@480px:
    +   - navigation failed: page.goto: net::ERR_CONNECTION_REFUSED at http://localhost:3058/admin/dashboards/logistics",
    +   "@375px:
    +   - navigation failed: page.goto: net::ERR_CONNECTION_REFUSED at http://localhost:3058/admin/dashboards/logistics",
    + ]

      12 |   await testInfo.attach("matrix", { body: JSON.stringify({ route, url, results }), contentType: "application/json" });
      13 |   const failed = results.filter((r) => r.issues.length).map((r) => `@${r.viewport}px:\n  - ${r.issues.join("\n  - ")}`);
    > 14 |   expect(failed, `${url}\n${failed.join("\n")}`).toEqual([]);
         |                                                  ^
      15 | }
      16 |
      17 | test.describe("admin routes x viewports", () => {
        at runMatrix (C:\Users\priyank\Desktop\Development\BharatAgrolink-admin\e2e\responsive.spec.mjs:14:50)
        at C:\Users\priyank\Desktop\Development\BharatAgrolink-admin\e2e\responsive.spec.mjs:20:7

    attachment #7: screenshot (image/png) ΓöÇΓöÇΓöÇΓöÇΓöÇΓöÇΓöÇΓöÇΓöÇΓöÇΓöÇΓöÇΓöÇΓöÇΓöÇΓöÇΓöÇΓöÇΓöÇΓöÇΓöÇΓöÇΓöÇΓöÇΓöÇΓöÇΓöÇΓöÇΓöÇΓöÇΓöÇΓöÇΓöÇΓöÇΓöÇΓöÇΓöÇΓöÇΓöÇΓöÇΓöÇΓöÇΓöÇΓöÇΓöÇΓöÇΓöÇΓöÇΓöÇΓöÇΓöÇΓöÇΓöÇΓöÇΓöÇΓöÇΓöÇΓöÇ
    test-results\responsive-admin-routes-x--84de5--admin-dashboards-logistics-chromium\test-failed-1.png
    ΓöÇΓöÇΓöÇΓöÇΓöÇΓöÇΓöÇΓöÇΓöÇΓöÇΓöÇΓöÇΓöÇΓöÇΓöÇΓöÇΓöÇΓöÇΓöÇΓöÇΓöÇΓöÇΓöÇΓöÇΓöÇΓöÇΓöÇΓöÇΓöÇΓöÇΓöÇΓöÇΓöÇΓöÇΓöÇΓöÇΓöÇΓöÇΓöÇΓöÇΓöÇΓöÇΓöÇΓöÇΓöÇΓöÇΓöÇΓöÇΓöÇΓöÇΓöÇΓöÇΓöÇΓöÇΓöÇΓöÇΓöÇΓöÇΓöÇΓöÇΓöÇΓöÇΓöÇΓöÇΓöÇΓöÇΓöÇΓöÇΓöÇΓöÇΓöÇΓöÇΓöÇΓöÇΓöÇΓöÇΓöÇΓöÇΓöÇΓöÇΓöÇΓöÇΓöÇΓöÇΓöÇΓöÇΓöÇΓöÇΓöÇΓöÇΓöÇΓöÇΓöÇΓöÇΓöÇΓöÇ

    Error Context: test-results\responsive-admin-routes-x--84de5--admin-dashboards-logistics-chromium\error-context.md

    attachment #9: trace (application/zip) ΓöÇΓöÇΓöÇΓöÇΓöÇΓöÇΓöÇΓöÇΓöÇΓöÇΓöÇΓöÇΓöÇΓöÇΓöÇΓöÇΓöÇΓöÇΓöÇΓöÇΓöÇΓöÇΓöÇΓöÇΓöÇΓöÇΓöÇΓöÇΓöÇΓöÇΓöÇΓöÇΓöÇΓöÇΓöÇΓöÇΓöÇΓöÇΓöÇΓöÇΓöÇΓöÇΓöÇΓöÇΓöÇΓöÇΓöÇΓöÇΓöÇΓöÇΓöÇΓöÇΓöÇΓöÇΓöÇΓöÇΓöÇ
    test-results\responsive-admin-routes-x--84de5--admin-dashboards-logistics-chromium\trace.zip
    Usage:

        npx playwright show-trace test-results\responsive-admin-routes-x--84de5--admin-dashboards-logistics-chromium\trace.zip

    ΓöÇΓöÇΓöÇΓöÇΓöÇΓöÇΓöÇΓöÇΓöÇΓöÇΓöÇΓöÇΓöÇΓöÇΓöÇΓöÇΓöÇΓöÇΓöÇΓöÇΓöÇΓöÇΓöÇΓöÇΓöÇΓöÇΓöÇΓöÇΓöÇΓöÇΓöÇΓöÇΓöÇΓöÇΓöÇΓöÇΓöÇΓöÇΓöÇΓöÇΓöÇΓöÇΓöÇΓöÇΓöÇΓöÇΓöÇΓöÇΓöÇΓöÇΓöÇΓöÇΓöÇΓöÇΓöÇΓöÇΓöÇΓöÇΓöÇΓöÇΓöÇΓöÇΓöÇΓöÇΓöÇΓöÇΓöÇΓöÇΓöÇΓöÇΓöÇΓöÇΓöÇΓöÇΓöÇΓöÇΓöÇΓöÇΓöÇΓöÇΓöÇΓöÇΓöÇΓöÇΓöÇΓöÇΓöÇΓöÇΓöÇΓöÇΓöÇΓöÇΓöÇΓöÇΓöÇΓöÇ

  74) [chromium] ΓÇ║ e2e\responsive.spec.mjs:19:5 ΓÇ║ admin routes x viewports ΓÇ║ /admin/dashboards/orders 

    Error: /admin/dashboards/orders
    @1600px:
      - navigation failed: page.goto: net::ERR_CONNECTION_REFUSED at http://localhost:3058/admin/dashboards/orders
    @1200px:
      - navigation failed: page.goto: net::ERR_CONNECTION_REFUSED at http://localhost:3058/admin/dashboards/orders
    @768px:
      - navigation failed: page.goto: net::ERR_CONNECTION_REFUSED at http://localhost:3058/admin/dashboards/orders
    @480px:
      - navigation failed: page.goto: net::ERR_CONNECTION_REFUSED at http://localhost:3058/admin/dashboards/orders
    @375px:
      - navigation failed: page.goto: net::ERR_CONNECTION_REFUSED at http://localhost:3058/admin/dashboards/orders

    expect(received).toEqual(expected) // deep equality

    - Expected  -  1
    + Received  + 12

    - Array []
    + Array [
    +   "@1600px:
    +   - navigation failed: page.goto: net::ERR_CONNECTION_REFUSED at http://localhost:3058/admin/dashboards/orders",
    +   "@1200px:
    +   - navigation failed: page.goto: net::ERR_CONNECTION_REFUSED at http://localhost:3058/admin/dashboards/orders",
    +   "@768px:
    +   - navigation failed: page.goto: net::ERR_CONNECTION_REFUSED at http://localhost:3058/admin/dashboards/orders",
    +   "@480px:
    +   - navigation failed: page.goto: net::ERR_CONNECTION_REFUSED at http://localhost:3058/admin/dashboards/orders",
    +   "@375px:
    +   - navigation failed: page.goto: net::ERR_CONNECTION_REFUSED at http://localhost:3058/admin/dashboards/orders",
    + ]

      12 |   await testInfo.attach("matrix", { body: JSON.stringify({ route, url, results }), contentType: "application/json" });
      13 |   const failed = results.filter((r) => r.issues.length).map((r) => `@${r.viewport}px:\n  - ${r.issues.join("\n  - ")}`);
    > 14 |   expect(failed, `${url}\n${failed.join("\n")}`).toEqual([]);
         |                                                  ^
      15 | }
      16 |
      17 | test.describe("admin routes x viewports", () => {
        at runMatrix (C:\Users\priyank\Desktop\Development\BharatAgrolink-admin\e2e\responsive.spec.mjs:14:50)
        at C:\Users\priyank\Desktop\Development\BharatAgrolink-admin\e2e\responsive.spec.mjs:20:7

    attachment #7: screenshot (image/png) ΓöÇΓöÇΓöÇΓöÇΓöÇΓöÇΓöÇΓöÇΓöÇΓöÇΓöÇΓöÇΓöÇΓöÇΓöÇΓöÇΓöÇΓöÇΓöÇΓöÇΓöÇΓöÇΓöÇΓöÇΓöÇΓöÇΓöÇΓöÇΓöÇΓöÇΓöÇΓöÇΓöÇΓöÇΓöÇΓöÇΓöÇΓöÇΓöÇΓöÇΓöÇΓöÇΓöÇΓöÇΓöÇΓöÇΓöÇΓöÇΓöÇΓöÇΓöÇΓöÇΓöÇΓöÇΓöÇΓöÇΓöÇΓöÇ
    test-results\responsive-admin-routes-x-viewports-admin-dashboards-orders-chromium\test-failed-1.png
    ΓöÇΓöÇΓöÇΓöÇΓöÇΓöÇΓöÇΓöÇΓöÇΓöÇΓöÇΓöÇΓöÇΓöÇΓöÇΓöÇΓöÇΓöÇΓöÇΓöÇΓöÇΓöÇΓöÇΓöÇΓöÇΓöÇΓöÇΓöÇΓöÇΓöÇΓöÇΓöÇΓöÇΓöÇΓöÇΓöÇΓöÇΓöÇΓöÇΓöÇΓöÇΓöÇΓöÇΓöÇΓöÇΓöÇΓöÇΓöÇΓöÇΓöÇΓöÇΓöÇΓöÇΓöÇΓöÇΓöÇΓöÇΓöÇΓöÇΓöÇΓöÇΓöÇΓöÇΓöÇΓöÇΓöÇΓöÇΓöÇΓöÇΓöÇΓöÇΓöÇΓöÇΓöÇΓöÇΓöÇΓöÇΓöÇΓöÇΓöÇΓöÇΓöÇΓöÇΓöÇΓöÇΓöÇΓöÇΓöÇΓöÇΓöÇΓöÇΓöÇΓöÇΓöÇΓöÇΓöÇ

    Error Context: test-results\responsive-admin-routes-x-viewports-admin-dashboards-orders-chromium\error-context.md

    attachment #9: trace (application/zip) ΓöÇΓöÇΓöÇΓöÇΓöÇΓöÇΓöÇΓöÇΓöÇΓöÇΓöÇΓöÇΓöÇΓöÇΓöÇΓöÇΓöÇΓöÇΓöÇΓöÇΓöÇΓöÇΓöÇΓöÇΓöÇΓöÇΓöÇΓöÇΓöÇΓöÇΓöÇΓöÇΓöÇΓöÇΓöÇΓöÇΓöÇΓöÇΓöÇΓöÇΓöÇΓöÇΓöÇΓöÇΓöÇΓöÇΓöÇΓöÇΓöÇΓöÇΓöÇΓöÇΓöÇΓöÇΓöÇΓöÇΓöÇ
    test-results\responsive-admin-routes-x-viewports-admin-dashboards-orders-chromium\trace.zip
    Usage:

        npx playwright show-trace test-results\responsive-admin-routes-x-viewports-admin-dashboards-orders-chromium\trace.zip

    ΓöÇΓöÇΓöÇΓöÇΓöÇΓöÇΓöÇΓöÇΓöÇΓöÇΓöÇΓöÇΓöÇΓöÇΓöÇΓöÇΓöÇΓöÇΓöÇΓöÇΓöÇΓöÇΓöÇΓöÇΓöÇΓöÇΓöÇΓöÇΓöÇΓöÇΓöÇΓöÇΓöÇΓöÇΓöÇΓöÇΓöÇΓöÇΓöÇΓöÇΓöÇΓöÇΓöÇΓöÇΓöÇΓöÇΓöÇΓöÇΓöÇΓöÇΓöÇΓöÇΓöÇΓöÇΓöÇΓöÇΓöÇΓöÇΓöÇΓöÇΓöÇΓöÇΓöÇΓöÇΓöÇΓöÇΓöÇΓöÇΓöÇΓöÇΓöÇΓöÇΓöÇΓöÇΓöÇΓöÇΓöÇΓöÇΓöÇΓöÇΓöÇΓöÇΓöÇΓöÇΓöÇΓöÇΓöÇΓöÇΓöÇΓöÇΓöÇΓöÇΓöÇΓöÇΓöÇΓöÇ

  75) [chromium] ΓÇ║ e2e\responsive.spec.mjs:19:5 ΓÇ║ admin routes x viewports ΓÇ║ /admin/dashboards/product-overview 

    Error: /admin/dashboards/product-overview
    @1600px:
      - navigation failed: page.goto: net::ERR_CONNECTION_REFUSED at http://localhost:3058/admin/dashboards/product-overview
    @1200px:
      - navigation failed: page.goto: net::ERR_CONNECTION_REFUSED at http://localhost:3058/admin/dashboards/product-overview
    @768px:
      - navigation failed: page.goto: net::ERR_CONNECTION_REFUSED at http://localhost:3058/admin/dashboards/product-overview
    @480px:
      - navigation failed: page.goto: net::ERR_CONNECTION_REFUSED at http://localhost:3058/admin/dashboards/product-overview
    @375px:
      - navigation failed: page.goto: net::ERR_CONNECTION_REFUSED at http://localhost:3058/admin/dashboards/product-overview

    expect(received).toEqual(expected) // deep equality

    - Expected  -  1
    + Received  + 12

    - Array []
    + Array [
    +   "@1600px:
    +   - navigation failed: page.goto: net::ERR_CONNECTION_REFUSED at http://localhost:3058/admin/dashboards/product-overview",
    +   "@1200px:
    +   - navigation failed: page.goto: net::ERR_CONNECTION_REFUSED at http://localhost:3058/admin/dashboards/product-overview",
    +   "@768px:
    +   - navigation failed: page.goto: net::ERR_CONNECTION_REFUSED at http://localhost:3058/admin/dashboards/product-overview",
    +   "@480px:
    +   - navigation failed: page.goto: net::ERR_CONNECTION_REFUSED at http://localhost:3058/admin/dashboards/product-overview",
    +   "@375px:
    +   - navigation failed: page.goto: net::ERR_CONNECTION_REFUSED at http://localhost:3058/admin/dashboards/product-overview",
    + ]

      12 |   await testInfo.attach("matrix", { body: JSON.stringify({ route, url, results }), contentType: "application/json" });
      13 |   const failed = results.filter((r) => r.issues.length).map((r) => `@${r.viewport}px:\n  - ${r.issues.join("\n  - ")}`);
    > 14 |   expect(failed, `${url}\n${failed.join("\n")}`).toEqual([]);
         |                                                  ^
      15 | }
      16 |
      17 | test.describe("admin routes x viewports", () => {
        at runMatrix (C:\Users\priyank\Desktop\Development\BharatAgrolink-admin\e2e\responsive.spec.mjs:14:50)
        at C:\Users\priyank\Desktop\Development\BharatAgrolink-admin\e2e\responsive.spec.mjs:20:7

    attachment #7: screenshot (image/png) ΓöÇΓöÇΓöÇΓöÇΓöÇΓöÇΓöÇΓöÇΓöÇΓöÇΓöÇΓöÇΓöÇΓöÇΓöÇΓöÇΓöÇΓöÇΓöÇΓöÇΓöÇΓöÇΓöÇΓöÇΓöÇΓöÇΓöÇΓöÇΓöÇΓöÇΓöÇΓöÇΓöÇΓöÇΓöÇΓöÇΓöÇΓöÇΓöÇΓöÇΓöÇΓöÇΓöÇΓöÇΓöÇΓöÇΓöÇΓöÇΓöÇΓöÇΓöÇΓöÇΓöÇΓöÇΓöÇΓöÇΓöÇΓöÇ
    test-results\responsive-admin-routes-x--22303-dashboards-product-overview-chromium\test-failed-1.png
    ΓöÇΓöÇΓöÇΓöÇΓöÇΓöÇΓöÇΓöÇΓöÇΓöÇΓöÇΓöÇΓöÇΓöÇΓöÇΓöÇΓöÇΓöÇΓöÇΓöÇΓöÇΓöÇΓöÇΓöÇΓöÇΓöÇΓöÇΓöÇΓöÇΓöÇΓöÇΓöÇΓöÇΓöÇΓöÇΓöÇΓöÇΓöÇΓöÇΓöÇΓöÇΓöÇΓöÇΓöÇΓöÇΓöÇΓöÇΓöÇΓöÇΓöÇΓöÇΓöÇΓöÇΓöÇΓöÇΓöÇΓöÇΓöÇΓöÇΓöÇΓöÇΓöÇΓöÇΓöÇΓöÇΓöÇΓöÇΓöÇΓöÇΓöÇΓöÇΓöÇΓöÇΓöÇΓöÇΓöÇΓöÇΓöÇΓöÇΓöÇΓöÇΓöÇΓöÇΓöÇΓöÇΓöÇΓöÇΓöÇΓöÇΓöÇΓöÇΓöÇΓöÇΓöÇΓöÇΓöÇ

    Error Context: test-results\responsive-admin-routes-x--22303-dashboards-product-overview-chromium\error-context.md

    attachment #9: trace (application/zip) ΓöÇΓöÇΓöÇΓöÇΓöÇΓöÇΓöÇΓöÇΓöÇΓöÇΓöÇΓöÇΓöÇΓöÇΓöÇΓöÇΓöÇΓöÇΓöÇΓöÇΓöÇΓöÇΓöÇΓöÇΓöÇΓöÇΓöÇΓöÇΓöÇΓöÇΓöÇΓöÇΓöÇΓöÇΓöÇΓöÇΓöÇΓöÇΓöÇΓöÇΓöÇΓöÇΓöÇΓöÇΓöÇΓöÇΓöÇΓöÇΓöÇΓöÇΓöÇΓöÇΓöÇΓöÇΓöÇΓöÇΓöÇ
    test-results\responsive-admin-routes-x--22303-dashboards-product-overview-chromium\trace.zip
    Usage:

        npx playwright show-trace test-results\responsive-admin-routes-x--22303-dashboards-product-overview-chromium\trace.zip

    ΓöÇΓöÇΓöÇΓöÇΓöÇΓöÇΓöÇΓöÇΓöÇΓöÇΓöÇΓöÇΓöÇΓöÇΓöÇΓöÇΓöÇΓöÇΓöÇΓöÇΓöÇΓöÇΓöÇΓöÇΓöÇΓöÇΓöÇΓöÇΓöÇΓöÇΓöÇΓöÇΓöÇΓöÇΓöÇΓöÇΓöÇΓöÇΓöÇΓöÇΓöÇΓöÇΓöÇΓöÇΓöÇΓöÇΓöÇΓöÇΓöÇΓöÇΓöÇΓöÇΓöÇΓöÇΓöÇΓöÇΓöÇΓöÇΓöÇΓöÇΓöÇΓöÇΓöÇΓöÇΓöÇΓöÇΓöÇΓöÇΓöÇΓöÇΓöÇΓöÇΓöÇΓöÇΓöÇΓöÇΓöÇΓöÇΓöÇΓöÇΓöÇΓöÇΓöÇΓöÇΓöÇΓöÇΓöÇΓöÇΓöÇΓöÇΓöÇΓöÇΓöÇΓöÇΓöÇΓöÇ

  76) [chromium] ΓÇ║ e2e\responsive.spec.mjs:19:5 ΓÇ║ admin routes x viewports ΓÇ║ /admin/dashboards/products 

    Error: /admin/dashboards/products
    @1600px:
      - navigation failed: page.goto: net::ERR_CONNECTION_REFUSED at http://localhost:3058/admin/dashboards/products
    @1200px:
      - navigation failed: page.goto: net::ERR_CONNECTION_REFUSED at http://localhost:3058/admin/dashboards/products
    @768px:
      - navigation failed: page.goto: net::ERR_CONNECTION_REFUSED at http://localhost:3058/admin/dashboards/products
    @480px:
      - navigation failed: page.goto: net::ERR_CONNECTION_REFUSED at http://localhost:3058/admin/dashboards/products
    @375px:
      - navigation failed: page.goto: net::ERR_CONNECTION_REFUSED at http://localhost:3058/admin/dashboards/products

    expect(received).toEqual(expected) // deep equality

    - Expected  -  1
    + Received  + 12

    - Array []
    + Array [
    +   "@1600px:
    +   - navigation failed: page.goto: net::ERR_CONNECTION_REFUSED at http://localhost:3058/admin/dashboards/products",
    +   "@1200px:
    +   - navigation failed: page.goto: net::ERR_CONNECTION_REFUSED at http://localhost:3058/admin/dashboards/products",
    +   "@768px:
    +   - navigation failed: page.goto: net::ERR_CONNECTION_REFUSED at http://localhost:3058/admin/dashboards/products",
    +   "@480px:
    +   - navigation failed: page.goto: net::ERR_CONNECTION_REFUSED at http://localhost:3058/admin/dashboards/products",
    +   "@375px:
    +   - navigation failed: page.goto: net::ERR_CONNECTION_REFUSED at http://localhost:3058/admin/dashboards/products",
    + ]

      12 |   await testInfo.attach("matrix", { body: JSON.stringify({ route, url, results }), contentType: "application/json" });
      13 |   const failed = results.filter((r) => r.issues.length).map((r) => `@${r.viewport}px:\n  - ${r.issues.join("\n  - ")}`);
    > 14 |   expect(failed, `${url}\n${failed.join("\n")}`).toEqual([]);
         |                                                  ^
      15 | }
      16 |
      17 | test.describe("admin routes x viewports", () => {
        at runMatrix (C:\Users\priyank\Desktop\Development\BharatAgrolink-admin\e2e\responsive.spec.mjs:14:50)
        at C:\Users\priyank\Desktop\Development\BharatAgrolink-admin\e2e\responsive.spec.mjs:20:7

    attachment #7: screenshot (image/png) ΓöÇΓöÇΓöÇΓöÇΓöÇΓöÇΓöÇΓöÇΓöÇΓöÇΓöÇΓöÇΓöÇΓöÇΓöÇΓöÇΓöÇΓöÇΓöÇΓöÇΓöÇΓöÇΓöÇΓöÇΓöÇΓöÇΓöÇΓöÇΓöÇΓöÇΓöÇΓöÇΓöÇΓöÇΓöÇΓöÇΓöÇΓöÇΓöÇΓöÇΓöÇΓöÇΓöÇΓöÇΓöÇΓöÇΓöÇΓöÇΓöÇΓöÇΓöÇΓöÇΓöÇΓöÇΓöÇΓöÇΓöÇΓöÇ
    test-results\responsive-admin-routes-x--ea90f-s-admin-dashboards-products-chromium\test-failed-1.png
    ΓöÇΓöÇΓöÇΓöÇΓöÇΓöÇΓöÇΓöÇΓöÇΓöÇΓöÇΓöÇΓöÇΓöÇΓöÇΓöÇΓöÇΓöÇΓöÇΓöÇΓöÇΓöÇΓöÇΓöÇΓöÇΓöÇΓöÇΓöÇΓöÇΓöÇΓöÇΓöÇΓöÇΓöÇΓöÇΓöÇΓöÇΓöÇΓöÇΓöÇΓöÇΓöÇΓöÇΓöÇΓöÇΓöÇΓöÇΓöÇΓöÇΓöÇΓöÇΓöÇΓöÇΓöÇΓöÇΓöÇΓöÇΓöÇΓöÇΓöÇΓöÇΓöÇΓöÇΓöÇΓöÇΓöÇΓöÇΓöÇΓöÇΓöÇΓöÇΓöÇΓöÇΓöÇΓöÇΓöÇΓöÇΓöÇΓöÇΓöÇΓöÇΓöÇΓöÇΓöÇΓöÇΓöÇΓöÇΓöÇΓöÇΓöÇΓöÇΓöÇΓöÇΓöÇΓöÇΓöÇ

    Error Context: test-results\responsive-admin-routes-x--ea90f-s-admin-dashboards-products-chromium\error-context.md

    attachment #9: trace (application/zip) ΓöÇΓöÇΓöÇΓöÇΓöÇΓöÇΓöÇΓöÇΓöÇΓöÇΓöÇΓöÇΓöÇΓöÇΓöÇΓöÇΓöÇΓöÇΓöÇΓöÇΓöÇΓöÇΓöÇΓöÇΓöÇΓöÇΓöÇΓöÇΓöÇΓöÇΓöÇΓöÇΓöÇΓöÇΓöÇΓöÇΓöÇΓöÇΓöÇΓöÇΓöÇΓöÇΓöÇΓöÇΓöÇΓöÇΓöÇΓöÇΓöÇΓöÇΓöÇΓöÇΓöÇΓöÇΓöÇΓöÇΓöÇ
    test-results\responsive-admin-routes-x--ea90f-s-admin-dashboards-products-chromium\trace.zip
    Usage:

        npx playwright show-trace test-results\responsive-admin-routes-x--ea90f-s-admin-dashboards-products-chromium\trace.zip

    ΓöÇΓöÇΓöÇΓöÇΓöÇΓöÇΓöÇΓöÇΓöÇΓöÇΓöÇΓöÇΓöÇΓöÇΓöÇΓöÇΓöÇΓöÇΓöÇΓöÇΓöÇΓöÇΓöÇΓöÇΓöÇΓöÇΓöÇΓöÇΓöÇΓöÇΓöÇΓöÇΓöÇΓöÇΓöÇΓöÇΓöÇΓöÇΓöÇΓöÇΓöÇΓöÇΓöÇΓöÇΓöÇΓöÇΓöÇΓöÇΓöÇΓöÇΓöÇΓöÇΓöÇΓöÇΓöÇΓöÇΓöÇΓöÇΓöÇΓöÇΓöÇΓöÇΓöÇΓöÇΓöÇΓöÇΓöÇΓöÇΓöÇΓöÇΓöÇΓöÇΓöÇΓöÇΓöÇΓöÇΓöÇΓöÇΓöÇΓöÇΓöÇΓöÇΓöÇΓöÇΓöÇΓöÇΓöÇΓöÇΓöÇΓöÇΓöÇΓöÇΓöÇΓöÇΓöÇΓöÇ

  77) [chromium] ΓÇ║ e2e\responsive.spec.mjs:19:5 ΓÇ║ admin routes x viewports ΓÇ║ /admin/dashboards/sellers 

    Error: /admin/dashboards/sellers
    @1600px:
      - navigation failed: page.goto: net::ERR_CONNECTION_REFUSED at http://localhost:3058/admin/dashboards/sellers
    @1200px:
      - navigation failed: page.goto: net::ERR_CONNECTION_REFUSED at http://localhost:3058/admin/dashboards/sellers
    @768px:
      - navigation failed: page.goto: net::ERR_CONNECTION_REFUSED at http://localhost:3058/admin/dashboards/sellers
    @480px:
      - navigation failed: page.goto: net::ERR_CONNECTION_REFUSED at http://localhost:3058/admin/dashboards/sellers
    @375px:
      - navigation failed: page.goto: net::ERR_CONNECTION_REFUSED at http://localhost:3058/admin/dashboards/sellers

    expect(received).toEqual(expected) // deep equality

    - Expected  -  1
    + Received  + 12

    - Array []
    + Array [
    +   "@1600px:
    +   - navigation failed: page.goto: net::ERR_CONNECTION_REFUSED at http://localhost:3058/admin/dashboards/sellers",
    +   "@1200px:
    +   - navigation failed: page.goto: net::ERR_CONNECTION_REFUSED at http://localhost:3058/admin/dashboards/sellers",
    +   "@768px:
    +   - navigation failed: page.goto: net::ERR_CONNECTION_REFUSED at http://localhost:3058/admin/dashboards/sellers",
    +   "@480px:
    +   - navigation failed: page.goto: net::ERR_CONNECTION_REFUSED at http://localhost:3058/admin/dashboards/sellers",
    +   "@375px:
    +   - navigation failed: page.goto: net::ERR_CONNECTION_REFUSED at http://localhost:3058/admin/dashboards/sellers",
    + ]

      12 |   await testInfo.attach("matrix", { body: JSON.stringify({ route, url, results }), contentType: "application/json" });
      13 |   const failed = results.filter((r) => r.issues.length).map((r) => `@${r.viewport}px:\n  - ${r.issues.join("\n  - ")}`);
    > 14 |   expect(failed, `${url}\n${failed.join("\n")}`).toEqual([]);
         |                                                  ^
      15 | }
      16 |
      17 | test.describe("admin routes x viewports", () => {
        at runMatrix (C:\Users\priyank\Desktop\Development\BharatAgrolink-admin\e2e\responsive.spec.mjs:14:50)
        at C:\Users\priyank\Desktop\Development\BharatAgrolink-admin\e2e\responsive.spec.mjs:20:7

    attachment #7: screenshot (image/png) ΓöÇΓöÇΓöÇΓöÇΓöÇΓöÇΓöÇΓöÇΓöÇΓöÇΓöÇΓöÇΓöÇΓöÇΓöÇΓöÇΓöÇΓöÇΓöÇΓöÇΓöÇΓöÇΓöÇΓöÇΓöÇΓöÇΓöÇΓöÇΓöÇΓöÇΓöÇΓöÇΓöÇΓöÇΓöÇΓöÇΓöÇΓöÇΓöÇΓöÇΓöÇΓöÇΓöÇΓöÇΓöÇΓöÇΓöÇΓöÇΓöÇΓöÇΓöÇΓöÇΓöÇΓöÇΓöÇΓöÇΓöÇΓöÇ
    test-results\responsive-admin-routes-x-viewports-admin-dashboards-sellers-chromium\test-failed-1.png
    ΓöÇΓöÇΓöÇΓöÇΓöÇΓöÇΓöÇΓöÇΓöÇΓöÇΓöÇΓöÇΓöÇΓöÇΓöÇΓöÇΓöÇΓöÇΓöÇΓöÇΓöÇΓöÇΓöÇΓöÇΓöÇΓöÇΓöÇΓöÇΓöÇΓöÇΓöÇΓöÇΓöÇΓöÇΓöÇΓöÇΓöÇΓöÇΓöÇΓöÇΓöÇΓöÇΓöÇΓöÇΓöÇΓöÇΓöÇΓöÇΓöÇΓöÇΓöÇΓöÇΓöÇΓöÇΓöÇΓöÇΓöÇΓöÇΓöÇΓöÇΓöÇΓöÇΓöÇΓöÇΓöÇΓöÇΓöÇΓöÇΓöÇΓöÇΓöÇΓöÇΓöÇΓöÇΓöÇΓöÇΓöÇΓöÇΓöÇΓöÇΓöÇΓöÇΓöÇΓöÇΓöÇΓöÇΓöÇΓöÇΓöÇΓöÇΓöÇΓöÇΓöÇΓöÇΓöÇΓöÇ

    Error Context: test-results\responsive-admin-routes-x-viewports-admin-dashboards-sellers-chromium\error-context.md

    attachment #9: trace (application/zip) ΓöÇΓöÇΓöÇΓöÇΓöÇΓöÇΓöÇΓöÇΓöÇΓöÇΓöÇΓöÇΓöÇΓöÇΓöÇΓöÇΓöÇΓöÇΓöÇΓöÇΓöÇΓöÇΓöÇΓöÇΓöÇΓöÇΓöÇΓöÇΓöÇΓöÇΓöÇΓöÇΓöÇΓöÇΓöÇΓöÇΓöÇΓöÇΓöÇΓöÇΓöÇΓöÇΓöÇΓöÇΓöÇΓöÇΓöÇΓöÇΓöÇΓöÇΓöÇΓöÇΓöÇΓöÇΓöÇΓöÇΓöÇ
    test-results\responsive-admin-routes-x-viewports-admin-dashboards-sellers-chromium\trace.zip
    Usage:

        npx playwright show-trace test-results\responsive-admin-routes-x-viewports-admin-dashboards-sellers-chromium\trace.zip

    ΓöÇΓöÇΓöÇΓöÇΓöÇΓöÇΓöÇΓöÇΓöÇΓöÇΓöÇΓöÇΓöÇΓöÇΓöÇΓöÇΓöÇΓöÇΓöÇΓöÇΓöÇΓöÇΓöÇΓöÇΓöÇΓöÇΓöÇΓöÇΓöÇΓöÇΓöÇΓöÇΓöÇΓöÇΓöÇΓöÇΓöÇΓöÇΓöÇΓöÇΓöÇΓöÇΓöÇΓöÇΓöÇΓöÇΓöÇΓöÇΓöÇΓöÇΓöÇΓöÇΓöÇΓöÇΓöÇΓöÇΓöÇΓöÇΓöÇΓöÇΓöÇΓöÇΓöÇΓöÇΓöÇΓöÇΓöÇΓöÇΓöÇΓöÇΓöÇΓöÇΓöÇΓöÇΓöÇΓöÇΓöÇΓöÇΓöÇΓöÇΓöÇΓöÇΓöÇΓöÇΓöÇΓöÇΓöÇΓöÇΓöÇΓöÇΓöÇΓöÇΓöÇΓöÇΓöÇΓöÇ

  78) [chromium] ΓÇ║ e2e\responsive.spec.mjs:19:5 ΓÇ║ admin routes x viewports ΓÇ║ /admin/finance ΓöÇΓöÇΓöÇΓöÇΓöÇΓöÇΓöÇΓöÇ

    Error: /admin/finance
    @1600px:
      - navigation failed: page.goto: net::ERR_CONNECTION_REFUSED at http://localhost:3058/admin/finance
    @1200px:
      - navigation failed: page.goto: net::ERR_CONNECTION_REFUSED at http://localhost:3058/admin/finance
    @768px:
      - navigation failed: page.goto: net::ERR_CONNECTION_REFUSED at http://localhost:3058/admin/finance
    @480px:
      - navigation failed: page.goto: net::ERR_CONNECTION_REFUSED at http://localhost:3058/admin/finance
    @375px:
      - navigation failed: page.goto: net::ERR_CONNECTION_REFUSED at http://localhost:3058/admin/finance

    expect(received).toEqual(expected) // deep equality

    - Expected  -  1
    + Received  + 12

    - Array []
    + Array [
    +   "@1600px:
    +   - navigation failed: page.goto: net::ERR_CONNECTION_REFUSED at http://localhost:3058/admin/finance",
    +   "@1200px:
    +   - navigation failed: page.goto: net::ERR_CONNECTION_REFUSED at http://localhost:3058/admin/finance",
    +   "@768px:
    +   - navigation failed: page.goto: net::ERR_CONNECTION_REFUSED at http://localhost:3058/admin/finance",
    +   "@480px:
    +   - navigation failed: page.goto: net::ERR_CONNECTION_REFUSED at http://localhost:3058/admin/finance",
    +   "@375px:
    +   - navigation failed: page.goto: net::ERR_CONNECTION_REFUSED at http://localhost:3058/admin/finance",
    + ]

      12 |   await testInfo.attach("matrix", { body: JSON.stringify({ route, url, results }), contentType: "application/json" });
      13 |   const failed = results.filter((r) => r.issues.length).map((r) => `@${r.viewport}px:\n  - ${r.issues.join("\n  - ")}`);
    > 14 |   expect(failed, `${url}\n${failed.join("\n")}`).toEqual([]);
         |                                                  ^
      15 | }
      16 |
      17 | test.describe("admin routes x viewports", () => {
        at runMatrix (C:\Users\priyank\Desktop\Development\BharatAgrolink-admin\e2e\responsive.spec.mjs:14:50)
        at C:\Users\priyank\Desktop\Development\BharatAgrolink-admin\e2e\responsive.spec.mjs:20:7

    attachment #7: screenshot (image/png) ΓöÇΓöÇΓöÇΓöÇΓöÇΓöÇΓöÇΓöÇΓöÇΓöÇΓöÇΓöÇΓöÇΓöÇΓöÇΓöÇΓöÇΓöÇΓöÇΓöÇΓöÇΓöÇΓöÇΓöÇΓöÇΓöÇΓöÇΓöÇΓöÇΓöÇΓöÇΓöÇΓöÇΓöÇΓöÇΓöÇΓöÇΓöÇΓöÇΓöÇΓöÇΓöÇΓöÇΓöÇΓöÇΓöÇΓöÇΓöÇΓöÇΓöÇΓöÇΓöÇΓöÇΓöÇΓöÇΓöÇΓöÇΓöÇ
    test-results\responsive-admin-routes-x-viewports-admin-finance-chromium\test-failed-1.png
    ΓöÇΓöÇΓöÇΓöÇΓöÇΓöÇΓöÇΓöÇΓöÇΓöÇΓöÇΓöÇΓöÇΓöÇΓöÇΓöÇΓöÇΓöÇΓöÇΓöÇΓöÇΓöÇΓöÇΓöÇΓöÇΓöÇΓöÇΓöÇΓöÇΓöÇΓöÇΓöÇΓöÇΓöÇΓöÇΓöÇΓöÇΓöÇΓöÇΓöÇΓöÇΓöÇΓöÇΓöÇΓöÇΓöÇΓöÇΓöÇΓöÇΓöÇΓöÇΓöÇΓöÇΓöÇΓöÇΓöÇΓöÇΓöÇΓöÇΓöÇΓöÇΓöÇΓöÇΓöÇΓöÇΓöÇΓöÇΓöÇΓöÇΓöÇΓöÇΓöÇΓöÇΓöÇΓöÇΓöÇΓöÇΓöÇΓöÇΓöÇΓöÇΓöÇΓöÇΓöÇΓöÇΓöÇΓöÇΓöÇΓöÇΓöÇΓöÇΓöÇΓöÇΓöÇΓöÇΓöÇ

    Error Context: test-results\responsive-admin-routes-x-viewports-admin-finance-chromium\error-context.md

    attachment #9: trace (application/zip) ΓöÇΓöÇΓöÇΓöÇΓöÇΓöÇΓöÇΓöÇΓöÇΓöÇΓöÇΓöÇΓöÇΓöÇΓöÇΓöÇΓöÇΓöÇΓöÇΓöÇΓöÇΓöÇΓöÇΓöÇΓöÇΓöÇΓöÇΓöÇΓöÇΓöÇΓöÇΓöÇΓöÇΓöÇΓöÇΓöÇΓöÇΓöÇΓöÇΓöÇΓöÇΓöÇΓöÇΓöÇΓöÇΓöÇΓöÇΓöÇΓöÇΓöÇΓöÇΓöÇΓöÇΓöÇΓöÇΓöÇΓöÇ
    test-results\responsive-admin-routes-x-viewports-admin-finance-chromium\trace.zip
    Usage:

        npx playwright show-trace test-results\responsive-admin-routes-x-viewports-admin-finance-chromium\trace.zip

    ΓöÇΓöÇΓöÇΓöÇΓöÇΓöÇΓöÇΓöÇΓöÇΓöÇΓöÇΓöÇΓöÇΓöÇΓöÇΓöÇΓöÇΓöÇΓöÇΓöÇΓöÇΓöÇΓöÇΓöÇΓöÇΓöÇΓöÇΓöÇΓöÇΓöÇΓöÇΓöÇΓöÇΓöÇΓöÇΓöÇΓöÇΓöÇΓöÇΓöÇΓöÇΓöÇΓöÇΓöÇΓöÇΓöÇΓöÇΓöÇΓöÇΓöÇΓöÇΓöÇΓöÇΓöÇΓöÇΓöÇΓöÇΓöÇΓöÇΓöÇΓöÇΓöÇΓöÇΓöÇΓöÇΓöÇΓöÇΓöÇΓöÇΓöÇΓöÇΓöÇΓöÇΓöÇΓöÇΓöÇΓöÇΓöÇΓöÇΓöÇΓöÇΓöÇΓöÇΓöÇΓöÇΓöÇΓöÇΓöÇΓöÇΓöÇΓöÇΓöÇΓöÇΓöÇΓöÇΓöÇ

  79) [chromium] ΓÇ║ e2e\responsive.spec.mjs:19:5 ΓÇ║ admin routes x viewports ΓÇ║ /admin/finance/cod ΓöÇΓöÇΓöÇΓöÇ

    Error: /admin/finance/cod
    @1600px:
      - navigation failed: page.goto: net::ERR_CONNECTION_REFUSED at http://localhost:3058/admin/finance/cod
    @1200px:
      - navigation failed: page.goto: net::ERR_CONNECTION_REFUSED at http://localhost:3058/admin/finance/cod
    @768px:
      - navigation failed: page.goto: net::ERR_CONNECTION_REFUSED at http://localhost:3058/admin/finance/cod
    @480px:
      - navigation failed: page.goto: net::ERR_CONNECTION_REFUSED at http://localhost:3058/admin/finance/cod
    @375px:
      - navigation failed: page.goto: net::ERR_CONNECTION_REFUSED at http://localhost:3058/admin/finance/cod

    expect(received).toEqual(expected) // deep equality

    - Expected  -  1
    + Received  + 12

    - Array []
    + Array [
    +   "@1600px:
    +   - navigation failed: page.goto: net::ERR_CONNECTION_REFUSED at http://localhost:3058/admin/finance/cod",
    +   "@1200px:
    +   - navigation failed: page.goto: net::ERR_CONNECTION_REFUSED at http://localhost:3058/admin/finance/cod",
    +   "@768px:
    +   - navigation failed: page.goto: net::ERR_CONNECTION_REFUSED at http://localhost:3058/admin/finance/cod",
    +   "@480px:
    +   - navigation failed: page.goto: net::ERR_CONNECTION_REFUSED at http://localhost:3058/admin/finance/cod",
    +   "@375px:
    +   - navigation failed: page.goto: net::ERR_CONNECTION_REFUSED at http://localhost:3058/admin/finance/cod",
    + ]

      12 |   await testInfo.attach("matrix", { body: JSON.stringify({ route, url, results }), contentType: "application/json" });
      13 |   const failed = results.filter((r) => r.issues.length).map((r) => `@${r.viewport}px:\n  - ${r.issues.join("\n  - ")}`);
    > 14 |   expect(failed, `${url}\n${failed.join("\n")}`).toEqual([]);
         |                                                  ^
      15 | }
      16 |
      17 | test.describe("admin routes x viewports", () => {
        at runMatrix (C:\Users\priyank\Desktop\Development\BharatAgrolink-admin\e2e\responsive.spec.mjs:14:50)
        at C:\Users\priyank\Desktop\Development\BharatAgrolink-admin\e2e\responsive.spec.mjs:20:7

    attachment #7: screenshot (image/png) ΓöÇΓöÇΓöÇΓöÇΓöÇΓöÇΓöÇΓöÇΓöÇΓöÇΓöÇΓöÇΓöÇΓöÇΓöÇΓöÇΓöÇΓöÇΓöÇΓöÇΓöÇΓöÇΓöÇΓöÇΓöÇΓöÇΓöÇΓöÇΓöÇΓöÇΓöÇΓöÇΓöÇΓöÇΓöÇΓöÇΓöÇΓöÇΓöÇΓöÇΓöÇΓöÇΓöÇΓöÇΓöÇΓöÇΓöÇΓöÇΓöÇΓöÇΓöÇΓöÇΓöÇΓöÇΓöÇΓöÇΓöÇΓöÇ
    test-results\responsive-admin-routes-x-viewports-admin-finance-cod-chromium\test-failed-1.png
    ΓöÇΓöÇΓöÇΓöÇΓöÇΓöÇΓöÇΓöÇΓöÇΓöÇΓöÇΓöÇΓöÇΓöÇΓöÇΓöÇΓöÇΓöÇΓöÇΓöÇΓöÇΓöÇΓöÇΓöÇΓöÇΓöÇΓöÇΓöÇΓöÇΓöÇΓöÇΓöÇΓöÇΓöÇΓöÇΓöÇΓöÇΓöÇΓöÇΓöÇΓöÇΓöÇΓöÇΓöÇΓöÇΓöÇΓöÇΓöÇΓöÇΓöÇΓöÇΓöÇΓöÇΓöÇΓöÇΓöÇΓöÇΓöÇΓöÇΓöÇΓöÇΓöÇΓöÇΓöÇΓöÇΓöÇΓöÇΓöÇΓöÇΓöÇΓöÇΓöÇΓöÇΓöÇΓöÇΓöÇΓöÇΓöÇΓöÇΓöÇΓöÇΓöÇΓöÇΓöÇΓöÇΓöÇΓöÇΓöÇΓöÇΓöÇΓöÇΓöÇΓöÇΓöÇΓöÇΓöÇ

    Error Context: test-results\responsive-admin-routes-x-viewports-admin-finance-cod-chromium\error-context.md

    attachment #9: trace (application/zip) ΓöÇΓöÇΓöÇΓöÇΓöÇΓöÇΓöÇΓöÇΓöÇΓöÇΓöÇΓöÇΓöÇΓöÇΓöÇΓöÇΓöÇΓöÇΓöÇΓöÇΓöÇΓöÇΓöÇΓöÇΓöÇΓöÇΓöÇΓöÇΓöÇΓöÇΓöÇΓöÇΓöÇΓöÇΓöÇΓöÇΓöÇΓöÇΓöÇΓöÇΓöÇΓöÇΓöÇΓöÇΓöÇΓöÇΓöÇΓöÇΓöÇΓöÇΓöÇΓöÇΓöÇΓöÇΓöÇΓöÇΓöÇ
    test-results\responsive-admin-routes-x-viewports-admin-finance-cod-chromium\trace.zip
    Usage:

        npx playwright show-trace test-results\responsive-admin-routes-x-viewports-admin-finance-cod-chromium\trace.zip

    ΓöÇΓöÇΓöÇΓöÇΓöÇΓöÇΓöÇΓöÇΓöÇΓöÇΓöÇΓöÇΓöÇΓöÇΓöÇΓöÇΓöÇΓöÇΓöÇΓöÇΓöÇΓöÇΓöÇΓöÇΓöÇΓöÇΓöÇΓöÇΓöÇΓöÇΓöÇΓöÇΓöÇΓöÇΓöÇΓöÇΓöÇΓöÇΓöÇΓöÇΓöÇΓöÇΓöÇΓöÇΓöÇΓöÇΓöÇΓöÇΓöÇΓöÇΓöÇΓöÇΓöÇΓöÇΓöÇΓöÇΓöÇΓöÇΓöÇΓöÇΓöÇΓöÇΓöÇΓöÇΓöÇΓöÇΓöÇΓöÇΓöÇΓöÇΓöÇΓöÇΓöÇΓöÇΓöÇΓöÇΓöÇΓöÇΓöÇΓöÇΓöÇΓöÇΓöÇΓöÇΓöÇΓöÇΓöÇΓöÇΓöÇΓöÇΓöÇΓöÇΓöÇΓöÇΓöÇΓöÇ

  80) [chromium] ΓÇ║ e2e\responsive.spec.mjs:19:5 ΓÇ║ admin routes x viewports ΓÇ║ /admin/finance/expense-limits 

    Error: /admin/finance/expense-limits
    @1600px:
      - navigation failed: page.goto: net::ERR_CONNECTION_REFUSED at http://localhost:3058/admin/finance/expense-limits
    @1200px:
      - navigation failed: page.goto: net::ERR_CONNECTION_REFUSED at http://localhost:3058/admin/finance/expense-limits
    @768px:
      - navigation failed: page.goto: net::ERR_CONNECTION_REFUSED at http://localhost:3058/admin/finance/expense-limits
    @480px:
      - navigation failed: page.goto: net::ERR_CONNECTION_REFUSED at http://localhost:3058/admin/finance/expense-limits
    @375px:
      - navigation failed: page.goto: net::ERR_CONNECTION_REFUSED at http://localhost:3058/admin/finance/expense-limits

    expect(received).toEqual(expected) // deep equality

    - Expected  -  1
    + Received  + 12

    - Array []
    + Array [
    +   "@1600px:
    +   - navigation failed: page.goto: net::ERR_CONNECTION_REFUSED at http://localhost:3058/admin/finance/expense-limits",
    +   "@1200px:
    +   - navigation failed: page.goto: net::ERR_CONNECTION_REFUSED at http://localhost:3058/admin/finance/expense-limits",
    +   "@768px:
    +   - navigation failed: page.goto: net::ERR_CONNECTION_REFUSED at http://localhost:3058/admin/finance/expense-limits",
    +   "@480px:
    +   - navigation failed: page.goto: net::ERR_CONNECTION_REFUSED at http://localhost:3058/admin/finance/expense-limits",
    +   "@375px:
    +   - navigation failed: page.goto: net::ERR_CONNECTION_REFUSED at http://localhost:3058/admin/finance/expense-limits",
    + ]

      12 |   await testInfo.attach("matrix", { body: JSON.stringify({ route, url, results }), contentType: "application/json" });
      13 |   const failed = results.filter((r) => r.issues.length).map((r) => `@${r.viewport}px:\n  - ${r.issues.join("\n  - ")}`);
    > 14 |   expect(failed, `${url}\n${failed.join("\n")}`).toEqual([]);
         |                                                  ^
      15 | }
      16 |
      17 | test.describe("admin routes x viewports", () => {
        at runMatrix (C:\Users\priyank\Desktop\Development\BharatAgrolink-admin\e2e\responsive.spec.mjs:14:50)
        at C:\Users\priyank\Desktop\Development\BharatAgrolink-admin\e2e\responsive.spec.mjs:20:7

    attachment #7: screenshot (image/png) ΓöÇΓöÇΓöÇΓöÇΓöÇΓöÇΓöÇΓöÇΓöÇΓöÇΓöÇΓöÇΓöÇΓöÇΓöÇΓöÇΓöÇΓöÇΓöÇΓöÇΓöÇΓöÇΓöÇΓöÇΓöÇΓöÇΓöÇΓöÇΓöÇΓöÇΓöÇΓöÇΓöÇΓöÇΓöÇΓöÇΓöÇΓöÇΓöÇΓöÇΓöÇΓöÇΓöÇΓöÇΓöÇΓöÇΓöÇΓöÇΓöÇΓöÇΓöÇΓöÇΓöÇΓöÇΓöÇΓöÇΓöÇΓöÇ
    test-results\responsive-admin-routes-x--9d2fc-dmin-finance-expense-limits-chromium\test-failed-1.png
    ΓöÇΓöÇΓöÇΓöÇΓöÇΓöÇΓöÇΓöÇΓöÇΓöÇΓöÇΓöÇΓöÇΓöÇΓöÇΓöÇΓöÇΓöÇΓöÇΓöÇΓöÇΓöÇΓöÇΓöÇΓöÇΓöÇΓöÇΓöÇΓöÇΓöÇΓöÇΓöÇΓöÇΓöÇΓöÇΓöÇΓöÇΓöÇΓöÇΓöÇΓöÇΓöÇΓöÇΓöÇΓöÇΓöÇΓöÇΓöÇΓöÇΓöÇΓöÇΓöÇΓöÇΓöÇΓöÇΓöÇΓöÇΓöÇΓöÇΓöÇΓöÇΓöÇΓöÇΓöÇΓöÇΓöÇΓöÇΓöÇΓöÇΓöÇΓöÇΓöÇΓöÇΓöÇΓöÇΓöÇΓöÇΓöÇΓöÇΓöÇΓöÇΓöÇΓöÇΓöÇΓöÇΓöÇΓöÇΓöÇΓöÇΓöÇΓöÇΓöÇΓöÇΓöÇΓöÇΓöÇ

    Error Context: test-results\responsive-admin-routes-x--9d2fc-dmin-finance-expense-limits-chromium\error-context.md

    attachment #9: trace (application/zip) ΓöÇΓöÇΓöÇΓöÇΓöÇΓöÇΓöÇΓöÇΓöÇΓöÇΓöÇΓöÇΓöÇΓöÇΓöÇΓöÇΓöÇΓöÇΓöÇΓöÇΓöÇΓöÇΓöÇΓöÇΓöÇΓöÇΓöÇΓöÇΓöÇΓöÇΓöÇΓöÇΓöÇΓöÇΓöÇΓöÇΓöÇΓöÇΓöÇΓöÇΓöÇΓöÇΓöÇΓöÇΓöÇΓöÇΓöÇΓöÇΓöÇΓöÇΓöÇΓöÇΓöÇΓöÇΓöÇΓöÇΓöÇ
    test-results\responsive-admin-routes-x--9d2fc-dmin-finance-expense-limits-chromium\trace.zip
    Usage:

        npx playwright show-trace test-results\responsive-admin-routes-x--9d2fc-dmin-finance-expense-limits-chromium\trace.zip

    ΓöÇΓöÇΓöÇΓöÇΓöÇΓöÇΓöÇΓöÇΓöÇΓöÇΓöÇΓöÇΓöÇΓöÇΓöÇΓöÇΓöÇΓöÇΓöÇΓöÇΓöÇΓöÇΓöÇΓöÇΓöÇΓöÇΓöÇΓöÇΓöÇΓöÇΓöÇΓöÇΓöÇΓöÇΓöÇΓöÇΓöÇΓöÇΓöÇΓöÇΓöÇΓöÇΓöÇΓöÇΓöÇΓöÇΓöÇΓöÇΓöÇΓöÇΓöÇΓöÇΓöÇΓöÇΓöÇΓöÇΓöÇΓöÇΓöÇΓöÇΓöÇΓöÇΓöÇΓöÇΓöÇΓöÇΓöÇΓöÇΓöÇΓöÇΓöÇΓöÇΓöÇΓöÇΓöÇΓöÇΓöÇΓöÇΓöÇΓöÇΓöÇΓöÇΓöÇΓöÇΓöÇΓöÇΓöÇΓöÇΓöÇΓöÇΓöÇΓöÇΓöÇΓöÇΓöÇΓöÇ

  81) [chromium] ΓÇ║ e2e\responsive.spec.mjs:19:5 ΓÇ║ admin routes x viewports ΓÇ║ /admin/finance/fixed-expenses 

    Error: /admin/finance/fixed-expenses
    @1600px:
      - navigation failed: page.goto: net::ERR_CONNECTION_REFUSED at http://localhost:3058/admin/finance/fixed-expenses
    @1200px:
      - navigation failed: page.goto: net::ERR_CONNECTION_REFUSED at http://localhost:3058/admin/finance/fixed-expenses
    @768px:
      - navigation failed: page.goto: net::ERR_CONNECTION_REFUSED at http://localhost:3058/admin/finance/fixed-expenses
    @480px:
      - navigation failed: page.goto: net::ERR_CONNECTION_REFUSED at http://localhost:3058/admin/finance/fixed-expenses
    @375px:
      - navigation failed: page.goto: net::ERR_CONNECTION_REFUSED at http://localhost:3058/admin/finance/fixed-expenses

    expect(received).toEqual(expected) // deep equality

    - Expected  -  1
    + Received  + 12

    - Array []
    + Array [
    +   "@1600px:
    +   - navigation failed: page.goto: net::ERR_CONNECTION_REFUSED at http://localhost:3058/admin/finance/fixed-expenses",
    +   "@1200px:
    +   - navigation failed: page.goto: net::ERR_CONNECTION_REFUSED at http://localhost:3058/admin/finance/fixed-expenses",
    +   "@768px:
    +   - navigation failed: page.goto: net::ERR_CONNECTION_REFUSED at http://localhost:3058/admin/finance/fixed-expenses",
    +   "@480px:
    +   - navigation failed: page.goto: net::ERR_CONNECTION_REFUSED at http://localhost:3058/admin/finance/fixed-expenses",
    +   "@375px:
    +   - navigation failed: page.goto: net::ERR_CONNECTION_REFUSED at http://localhost:3058/admin/finance/fixed-expenses",
    + ]

      12 |   await testInfo.attach("matrix", { body: JSON.stringify({ route, url, results }), contentType: "application/json" });
      13 |   const failed = results.filter((r) => r.issues.length).map((r) => `@${r.viewport}px:\n  - ${r.issues.join("\n  - ")}`);
    > 14 |   expect(failed, `${url}\n${failed.join("\n")}`).toEqual([]);
         |                                                  ^
      15 | }
      16 |
      17 | test.describe("admin routes x viewports", () => {
        at runMatrix (C:\Users\priyank\Desktop\Development\BharatAgrolink-admin\e2e\responsive.spec.mjs:14:50)
        at C:\Users\priyank\Desktop\Development\BharatAgrolink-admin\e2e\responsive.spec.mjs:20:7

    attachment #7: screenshot (image/png) ΓöÇΓöÇΓöÇΓöÇΓöÇΓöÇΓöÇΓöÇΓöÇΓöÇΓöÇΓöÇΓöÇΓöÇΓöÇΓöÇΓöÇΓöÇΓöÇΓöÇΓöÇΓöÇΓöÇΓöÇΓöÇΓöÇΓöÇΓöÇΓöÇΓöÇΓöÇΓöÇΓöÇΓöÇΓöÇΓöÇΓöÇΓöÇΓöÇΓöÇΓöÇΓöÇΓöÇΓöÇΓöÇΓöÇΓöÇΓöÇΓöÇΓöÇΓöÇΓöÇΓöÇΓöÇΓöÇΓöÇΓöÇΓöÇ
    test-results\responsive-admin-routes-x--67ffc-dmin-finance-fixed-expenses-chromium\test-failed-1.png
    ΓöÇΓöÇΓöÇΓöÇΓöÇΓöÇΓöÇΓöÇΓöÇΓöÇΓöÇΓöÇΓöÇΓöÇΓöÇΓöÇΓöÇΓöÇΓöÇΓöÇΓöÇΓöÇΓöÇΓöÇΓöÇΓöÇΓöÇΓöÇΓöÇΓöÇΓöÇΓöÇΓöÇΓöÇΓöÇΓöÇΓöÇΓöÇΓöÇΓöÇΓöÇΓöÇΓöÇΓöÇΓöÇΓöÇΓöÇΓöÇΓöÇΓöÇΓöÇΓöÇΓöÇΓöÇΓöÇΓöÇΓöÇΓöÇΓöÇΓöÇΓöÇΓöÇΓöÇΓöÇΓöÇΓöÇΓöÇΓöÇΓöÇΓöÇΓöÇΓöÇΓöÇΓöÇΓöÇΓöÇΓöÇΓöÇΓöÇΓöÇΓöÇΓöÇΓöÇΓöÇΓöÇΓöÇΓöÇΓöÇΓöÇΓöÇΓöÇΓöÇΓöÇΓöÇΓöÇΓöÇ

    Error Context: test-results\responsive-admin-routes-x--67ffc-dmin-finance-fixed-expenses-chromium\error-context.md

    attachment #9: trace (application/zip) ΓöÇΓöÇΓöÇΓöÇΓöÇΓöÇΓöÇΓöÇΓöÇΓöÇΓöÇΓöÇΓöÇΓöÇΓöÇΓöÇΓöÇΓöÇΓöÇΓöÇΓöÇΓöÇΓöÇΓöÇΓöÇΓöÇΓöÇΓöÇΓöÇΓöÇΓöÇΓöÇΓöÇΓöÇΓöÇΓöÇΓöÇΓöÇΓöÇΓöÇΓöÇΓöÇΓöÇΓöÇΓöÇΓöÇΓöÇΓöÇΓöÇΓöÇΓöÇΓöÇΓöÇΓöÇΓöÇΓöÇΓöÇ
    test-results\responsive-admin-routes-x--67ffc-dmin-finance-fixed-expenses-chromium\trace.zip
    Usage:

        npx playwright show-trace test-results\responsive-admin-routes-x--67ffc-dmin-finance-fixed-expenses-chromium\trace.zip

    ΓöÇΓöÇΓöÇΓöÇΓöÇΓöÇΓöÇΓöÇΓöÇΓöÇΓöÇΓöÇΓöÇΓöÇΓöÇΓöÇΓöÇΓöÇΓöÇΓöÇΓöÇΓöÇΓöÇΓöÇΓöÇΓöÇΓöÇΓöÇΓöÇΓöÇΓöÇΓöÇΓöÇΓöÇΓöÇΓöÇΓöÇΓöÇΓöÇΓöÇΓöÇΓöÇΓöÇΓöÇΓöÇΓöÇΓöÇΓöÇΓöÇΓöÇΓöÇΓöÇΓöÇΓöÇΓöÇΓöÇΓöÇΓöÇΓöÇΓöÇΓöÇΓöÇΓöÇΓöÇΓöÇΓöÇΓöÇΓöÇΓöÇΓöÇΓöÇΓöÇΓöÇΓöÇΓöÇΓöÇΓöÇΓöÇΓöÇΓöÇΓöÇΓöÇΓöÇΓöÇΓöÇΓöÇΓöÇΓöÇΓöÇΓöÇΓöÇΓöÇΓöÇΓöÇΓöÇΓöÇ

  82) [chromium] ΓÇ║ e2e\responsive.spec.mjs:19:5 ΓÇ║ admin routes x viewports ΓÇ║ /admin/finance/fraud ΓöÇΓöÇ

    Error: /admin/finance/fraud
    @1600px:
      - navigation failed: page.goto: net::ERR_CONNECTION_REFUSED at http://localhost:3058/admin/finance/fraud
    @1200px:
      - navigation failed: page.goto: net::ERR_CONNECTION_REFUSED at http://localhost:3058/admin/finance/fraud
    @768px:
      - navigation failed: page.goto: net::ERR_CONNECTION_REFUSED at http://localhost:3058/admin/finance/fraud
    @480px:
      - navigation failed: page.goto: net::ERR_CONNECTION_REFUSED at http://localhost:3058/admin/finance/fraud
    @375px:
      - navigation failed: page.goto: net::ERR_CONNECTION_REFUSED at http://localhost:3058/admin/finance/fraud

    expect(received).toEqual(expected) // deep equality

    - Expected  -  1
    + Received  + 12

    - Array []
    + Array [
    +   "@1600px:
    +   - navigation failed: page.goto: net::ERR_CONNECTION_REFUSED at http://localhost:3058/admin/finance/fraud",
    +   "@1200px:
    +   - navigation failed: page.goto: net::ERR_CONNECTION_REFUSED at http://localhost:3058/admin/finance/fraud",
    +   "@768px:
    +   - navigation failed: page.goto: net::ERR_CONNECTION_REFUSED at http://localhost:3058/admin/finance/fraud",
    +   "@480px:
    +   - navigation failed: page.goto: net::ERR_CONNECTION_REFUSED at http://localhost:3058/admin/finance/fraud",
    +   "@375px:
    +   - navigation failed: page.goto: net::ERR_CONNECTION_REFUSED at http://localhost:3058/admin/finance/fraud",
    + ]

      12 |   await testInfo.attach("matrix", { body: JSON.stringify({ route, url, results }), contentType: "application/json" });
      13 |   const failed = results.filter((r) => r.issues.length).map((r) => `@${r.viewport}px:\n  - ${r.issues.join("\n  - ")}`);
    > 14 |   expect(failed, `${url}\n${failed.join("\n")}`).toEqual([]);
         |                                                  ^
      15 | }
      16 |
      17 | test.describe("admin routes x viewports", () => {
        at runMatrix (C:\Users\priyank\Desktop\Development\BharatAgrolink-admin\e2e\responsive.spec.mjs:14:50)
        at C:\Users\priyank\Desktop\Development\BharatAgrolink-admin\e2e\responsive.spec.mjs:20:7

    attachment #7: screenshot (image/png) ΓöÇΓöÇΓöÇΓöÇΓöÇΓöÇΓöÇΓöÇΓöÇΓöÇΓöÇΓöÇΓöÇΓöÇΓöÇΓöÇΓöÇΓöÇΓöÇΓöÇΓöÇΓöÇΓöÇΓöÇΓöÇΓöÇΓöÇΓöÇΓöÇΓöÇΓöÇΓöÇΓöÇΓöÇΓöÇΓöÇΓöÇΓöÇΓöÇΓöÇΓöÇΓöÇΓöÇΓöÇΓöÇΓöÇΓöÇΓöÇΓöÇΓöÇΓöÇΓöÇΓöÇΓöÇΓöÇΓöÇΓöÇΓöÇ
    test-results\responsive-admin-routes-x-viewports-admin-finance-fraud-chromium\test-failed-1.png
    ΓöÇΓöÇΓöÇΓöÇΓöÇΓöÇΓöÇΓöÇΓöÇΓöÇΓöÇΓöÇΓöÇΓöÇΓöÇΓöÇΓöÇΓöÇΓöÇΓöÇΓöÇΓöÇΓöÇΓöÇΓöÇΓöÇΓöÇΓöÇΓöÇΓöÇΓöÇΓöÇΓöÇΓöÇΓöÇΓöÇΓöÇΓöÇΓöÇΓöÇΓöÇΓöÇΓöÇΓöÇΓöÇΓöÇΓöÇΓöÇΓöÇΓöÇΓöÇΓöÇΓöÇΓöÇΓöÇΓöÇΓöÇΓöÇΓöÇΓöÇΓöÇΓöÇΓöÇΓöÇΓöÇΓöÇΓöÇΓöÇΓöÇΓöÇΓöÇΓöÇΓöÇΓöÇΓöÇΓöÇΓöÇΓöÇΓöÇΓöÇΓöÇΓöÇΓöÇΓöÇΓöÇΓöÇΓöÇΓöÇΓöÇΓöÇΓöÇΓöÇΓöÇΓöÇΓöÇΓöÇ

    Error Context: test-results\responsive-admin-routes-x-viewports-admin-finance-fraud-chromium\error-context.md

    attachment #9: trace (application/zip) ΓöÇΓöÇΓöÇΓöÇΓöÇΓöÇΓöÇΓöÇΓöÇΓöÇΓöÇΓöÇΓöÇΓöÇΓöÇΓöÇΓöÇΓöÇΓöÇΓöÇΓöÇΓöÇΓöÇΓöÇΓöÇΓöÇΓöÇΓöÇΓöÇΓöÇΓöÇΓöÇΓöÇΓöÇΓöÇΓöÇΓöÇΓöÇΓöÇΓöÇΓöÇΓöÇΓöÇΓöÇΓöÇΓöÇΓöÇΓöÇΓöÇΓöÇΓöÇΓöÇΓöÇΓöÇΓöÇΓöÇΓöÇ
    test-results\responsive-admin-routes-x-viewports-admin-finance-fraud-chromium\trace.zip
    Usage:

        npx playwright show-trace test-results\responsive-admin-routes-x-viewports-admin-finance-fraud-chromium\trace.zip

    ΓöÇΓöÇΓöÇΓöÇΓöÇΓöÇΓöÇΓöÇΓöÇΓöÇΓöÇΓöÇΓöÇΓöÇΓöÇΓöÇΓöÇΓöÇΓöÇΓöÇΓöÇΓöÇΓöÇΓöÇΓöÇΓöÇΓöÇΓöÇΓöÇΓöÇΓöÇΓöÇΓöÇΓöÇΓöÇΓöÇΓöÇΓöÇΓöÇΓöÇΓöÇΓöÇΓöÇΓöÇΓöÇΓöÇΓöÇΓöÇΓöÇΓöÇΓöÇΓöÇΓöÇΓöÇΓöÇΓöÇΓöÇΓöÇΓöÇΓöÇΓöÇΓöÇΓöÇΓöÇΓöÇΓöÇΓöÇΓöÇΓöÇΓöÇΓöÇΓöÇΓöÇΓöÇΓöÇΓöÇΓöÇΓöÇΓöÇΓöÇΓöÇΓöÇΓöÇΓöÇΓöÇΓöÇΓöÇΓöÇΓöÇΓöÇΓöÇΓöÇΓöÇΓöÇΓöÇΓöÇ

  83) [chromium] ΓÇ║ e2e\responsive.spec.mjs:19:5 ΓÇ║ admin routes x viewports ΓÇ║ /admin/finance/gst ΓöÇΓöÇΓöÇΓöÇ

    Error: /admin/finance/gst
    @1600px:
      - navigation failed: page.goto: net::ERR_CONNECTION_REFUSED at http://localhost:3058/admin/finance/gst
    @1200px:
      - navigation failed: page.goto: net::ERR_CONNECTION_REFUSED at http://localhost:3058/admin/finance/gst
    @768px:
      - navigation failed: page.goto: net::ERR_CONNECTION_REFUSED at http://localhost:3058/admin/finance/gst
    @480px:
      - navigation failed: page.goto: net::ERR_CONNECTION_REFUSED at http://localhost:3058/admin/finance/gst
    @375px:
      - navigation failed: page.goto: net::ERR_CONNECTION_REFUSED at http://localhost:3058/admin/finance/gst

    expect(received).toEqual(expected) // deep equality

    - Expected  -  1
    + Received  + 12

    - Array []
    + Array [
    +   "@1600px:
    +   - navigation failed: page.goto: net::ERR_CONNECTION_REFUSED at http://localhost:3058/admin/finance/gst",
    +   "@1200px:
    +   - navigation failed: page.goto: net::ERR_CONNECTION_REFUSED at http://localhost:3058/admin/finance/gst",
    +   "@768px:
    +   - navigation failed: page.goto: net::ERR_CONNECTION_REFUSED at http://localhost:3058/admin/finance/gst",
    +   "@480px:
    +   - navigation failed: page.goto: net::ERR_CONNECTION_REFUSED at http://localhost:3058/admin/finance/gst",
    +   "@375px:
    +   - navigation failed: page.goto: net::ERR_CONNECTION_REFUSED at http://localhost:3058/admin/finance/gst",
    + ]

      12 |   await testInfo.attach("matrix", { body: JSON.stringify({ route, url, results }), contentType: "application/json" });
      13 |   const failed = results.filter((r) => r.issues.length).map((r) => `@${r.viewport}px:\n  - ${r.issues.join("\n  - ")}`);
    > 14 |   expect(failed, `${url}\n${failed.join("\n")}`).toEqual([]);
         |                                                  ^
      15 | }
      16 |
      17 | test.describe("admin routes x viewports", () => {
        at runMatrix (C:\Users\priyank\Desktop\Development\BharatAgrolink-admin\e2e\responsive.spec.mjs:14:50)
        at C:\Users\priyank\Desktop\Development\BharatAgrolink-admin\e2e\responsive.spec.mjs:20:7

    attachment #7: screenshot (image/png) ΓöÇΓöÇΓöÇΓöÇΓöÇΓöÇΓöÇΓöÇΓöÇΓöÇΓöÇΓöÇΓöÇΓöÇΓöÇΓöÇΓöÇΓöÇΓöÇΓöÇΓöÇΓöÇΓöÇΓöÇΓöÇΓöÇΓöÇΓöÇΓöÇΓöÇΓöÇΓöÇΓöÇΓöÇΓöÇΓöÇΓöÇΓöÇΓöÇΓöÇΓöÇΓöÇΓöÇΓöÇΓöÇΓöÇΓöÇΓöÇΓöÇΓöÇΓöÇΓöÇΓöÇΓöÇΓöÇΓöÇΓöÇΓöÇ
    test-results\responsive-admin-routes-x-viewports-admin-finance-gst-chromium\test-failed-1.png
    ΓöÇΓöÇΓöÇΓöÇΓöÇΓöÇΓöÇΓöÇΓöÇΓöÇΓöÇΓöÇΓöÇΓöÇΓöÇΓöÇΓöÇΓöÇΓöÇΓöÇΓöÇΓöÇΓöÇΓöÇΓöÇΓöÇΓöÇΓöÇΓöÇΓöÇΓöÇΓöÇΓöÇΓöÇΓöÇΓöÇΓöÇΓöÇΓöÇΓöÇΓöÇΓöÇΓöÇΓöÇΓöÇΓöÇΓöÇΓöÇΓöÇΓöÇΓöÇΓöÇΓöÇΓöÇΓöÇΓöÇΓöÇΓöÇΓöÇΓöÇΓöÇΓöÇΓöÇΓöÇΓöÇΓöÇΓöÇΓöÇΓöÇΓöÇΓöÇΓöÇΓöÇΓöÇΓöÇΓöÇΓöÇΓöÇΓöÇΓöÇΓöÇΓöÇΓöÇΓöÇΓöÇΓöÇΓöÇΓöÇΓöÇΓöÇΓöÇΓöÇΓöÇΓöÇΓöÇΓöÇ

    Error Context: test-results\responsive-admin-routes-x-viewports-admin-finance-gst-chromium\error-context.md

    attachment #9: trace (application/zip) ΓöÇΓöÇΓöÇΓöÇΓöÇΓöÇΓöÇΓöÇΓöÇΓöÇΓöÇΓöÇΓöÇΓöÇΓöÇΓöÇΓöÇΓöÇΓöÇΓöÇΓöÇΓöÇΓöÇΓöÇΓöÇΓöÇΓöÇΓöÇΓöÇΓöÇΓöÇΓöÇΓöÇΓöÇΓöÇΓöÇΓöÇΓöÇΓöÇΓöÇΓöÇΓöÇΓöÇΓöÇΓöÇΓöÇΓöÇΓöÇΓöÇΓöÇΓöÇΓöÇΓöÇΓöÇΓöÇΓöÇΓöÇ
    test-results\responsive-admin-routes-x-viewports-admin-finance-gst-chromium\trace.zip
    Usage:

        npx playwright show-trace test-results\responsive-admin-routes-x-viewports-admin-finance-gst-chromium\trace.zip

    ΓöÇΓöÇΓöÇΓöÇΓöÇΓöÇΓöÇΓöÇΓöÇΓöÇΓöÇΓöÇΓöÇΓöÇΓöÇΓöÇΓöÇΓöÇΓöÇΓöÇΓöÇΓöÇΓöÇΓöÇΓöÇΓöÇΓöÇΓöÇΓöÇΓöÇΓöÇΓöÇΓöÇΓöÇΓöÇΓöÇΓöÇΓöÇΓöÇΓöÇΓöÇΓöÇΓöÇΓöÇΓöÇΓöÇΓöÇΓöÇΓöÇΓöÇΓöÇΓöÇΓöÇΓöÇΓöÇΓöÇΓöÇΓöÇΓöÇΓöÇΓöÇΓöÇΓöÇΓöÇΓöÇΓöÇΓöÇΓöÇΓöÇΓöÇΓöÇΓöÇΓöÇΓöÇΓöÇΓöÇΓöÇΓöÇΓöÇΓöÇΓöÇΓöÇΓöÇΓöÇΓöÇΓöÇΓöÇΓöÇΓöÇΓöÇΓöÇΓöÇΓöÇΓöÇΓöÇΓöÇ

  84) [chromium] ΓÇ║ e2e\responsive.spec.mjs:19:5 ΓÇ║ admin routes x viewports ΓÇ║ /admin/finance/hold-ledger 

    Error: /admin/finance/hold-ledger
    @1600px:
      - navigation failed: page.goto: net::ERR_CONNECTION_REFUSED at http://localhost:3058/admin/finance/hold-ledger
    @1200px:
      - navigation failed: page.goto: net::ERR_CONNECTION_REFUSED at http://localhost:3058/admin/finance/hold-ledger
    @768px:
      - navigation failed: page.goto: net::ERR_CONNECTION_REFUSED at http://localhost:3058/admin/finance/hold-ledger
    @480px:
      - navigation failed: page.goto: net::ERR_CONNECTION_REFUSED at http://localhost:3058/admin/finance/hold-ledger
    @375px:
      - navigation failed: page.goto: net::ERR_CONNECTION_REFUSED at http://localhost:3058/admin/finance/hold-ledger

    expect(received).toEqual(expected) // deep equality

    - Expected  -  1
    + Received  + 12

    - Array []
    + Array [
    +   "@1600px:
    +   - navigation failed: page.goto: net::ERR_CONNECTION_REFUSED at http://localhost:3058/admin/finance/hold-ledger",
    +   "@1200px:
    +   - navigation failed: page.goto: net::ERR_CONNECTION_REFUSED at http://localhost:3058/admin/finance/hold-ledger",
    +   "@768px:
    +   - navigation failed: page.goto: net::ERR_CONNECTION_REFUSED at http://localhost:3058/admin/finance/hold-ledger",
    +   "@480px:
    +   - navigation failed: page.goto: net::ERR_CONNECTION_REFUSED at http://localhost:3058/admin/finance/hold-ledger",
    +   "@375px:
    +   - navigation failed: page.goto: net::ERR_CONNECTION_REFUSED at http://localhost:3058/admin/finance/hold-ledger",
    + ]

      12 |   await testInfo.attach("matrix", { body: JSON.stringify({ route, url, results }), contentType: "application/json" });
      13 |   const failed = results.filter((r) => r.issues.length).map((r) => `@${r.viewport}px:\n  - ${r.issues.join("\n  - ")}`);
    > 14 |   expect(failed, `${url}\n${failed.join("\n")}`).toEqual([]);
         |                                                  ^
      15 | }
      16 |
      17 | test.describe("admin routes x viewports", () => {
        at runMatrix (C:\Users\priyank\Desktop\Development\BharatAgrolink-admin\e2e\responsive.spec.mjs:14:50)
        at C:\Users\priyank\Desktop\Development\BharatAgrolink-admin\e2e\responsive.spec.mjs:20:7

    attachment #7: screenshot (image/png) ΓöÇΓöÇΓöÇΓöÇΓöÇΓöÇΓöÇΓöÇΓöÇΓöÇΓöÇΓöÇΓöÇΓöÇΓöÇΓöÇΓöÇΓöÇΓöÇΓöÇΓöÇΓöÇΓöÇΓöÇΓöÇΓöÇΓöÇΓöÇΓöÇΓöÇΓöÇΓöÇΓöÇΓöÇΓöÇΓöÇΓöÇΓöÇΓöÇΓöÇΓöÇΓöÇΓöÇΓöÇΓöÇΓöÇΓöÇΓöÇΓöÇΓöÇΓöÇΓöÇΓöÇΓöÇΓöÇΓöÇΓöÇΓöÇ
    test-results\responsive-admin-routes-x--7c549-s-admin-finance-hold-ledger-chromium\test-failed-1.png
    ΓöÇΓöÇΓöÇΓöÇΓöÇΓöÇΓöÇΓöÇΓöÇΓöÇΓöÇΓöÇΓöÇΓöÇΓöÇΓöÇΓöÇΓöÇΓöÇΓöÇΓöÇΓöÇΓöÇΓöÇΓöÇΓöÇΓöÇΓöÇΓöÇΓöÇΓöÇΓöÇΓöÇΓöÇΓöÇΓöÇΓöÇΓöÇΓöÇΓöÇΓöÇΓöÇΓöÇΓöÇΓöÇΓöÇΓöÇΓöÇΓöÇΓöÇΓöÇΓöÇΓöÇΓöÇΓöÇΓöÇΓöÇΓöÇΓöÇΓöÇΓöÇΓöÇΓöÇΓöÇΓöÇΓöÇΓöÇΓöÇΓöÇΓöÇΓöÇΓöÇΓöÇΓöÇΓöÇΓöÇΓöÇΓöÇΓöÇΓöÇΓöÇΓöÇΓöÇΓöÇΓöÇΓöÇΓöÇΓöÇΓöÇΓöÇΓöÇΓöÇΓöÇΓöÇΓöÇΓöÇ

    Error Context: test-results\responsive-admin-routes-x--7c549-s-admin-finance-hold-ledger-chromium\error-context.md

    attachment #9: trace (application/zip) ΓöÇΓöÇΓöÇΓöÇΓöÇΓöÇΓöÇΓöÇΓöÇΓöÇΓöÇΓöÇΓöÇΓöÇΓöÇΓöÇΓöÇΓöÇΓöÇΓöÇΓöÇΓöÇΓöÇΓöÇΓöÇΓöÇΓöÇΓöÇΓöÇΓöÇΓöÇΓöÇΓöÇΓöÇΓöÇΓöÇΓöÇΓöÇΓöÇΓöÇΓöÇΓöÇΓöÇΓöÇΓöÇΓöÇΓöÇΓöÇΓöÇΓöÇΓöÇΓöÇΓöÇΓöÇΓöÇΓöÇΓöÇ
    test-results\responsive-admin-routes-x--7c549-s-admin-finance-hold-ledger-chromium\trace.zip
    Usage:

        npx playwright show-trace test-results\responsive-admin-routes-x--7c549-s-admin-finance-hold-ledger-chromium\trace.zip

    ΓöÇΓöÇΓöÇΓöÇΓöÇΓöÇΓöÇΓöÇΓöÇΓöÇΓöÇΓöÇΓöÇΓöÇΓöÇΓöÇΓöÇΓöÇΓöÇΓöÇΓöÇΓöÇΓöÇΓöÇΓöÇΓöÇΓöÇΓöÇΓöÇΓöÇΓöÇΓöÇΓöÇΓöÇΓöÇΓöÇΓöÇΓöÇΓöÇΓöÇΓöÇΓöÇΓöÇΓöÇΓöÇΓöÇΓöÇΓöÇΓöÇΓöÇΓöÇΓöÇΓöÇΓöÇΓöÇΓöÇΓöÇΓöÇΓöÇΓöÇΓöÇΓöÇΓöÇΓöÇΓöÇΓöÇΓöÇΓöÇΓöÇΓöÇΓöÇΓöÇΓöÇΓöÇΓöÇΓöÇΓöÇΓöÇΓöÇΓöÇΓöÇΓöÇΓöÇΓöÇΓöÇΓöÇΓöÇΓöÇΓöÇΓöÇΓöÇΓöÇΓöÇΓöÇΓöÇΓöÇ

  85) [chromium] ΓÇ║ e2e\responsive.spec.mjs:19:5 ΓÇ║ admin routes x viewports ΓÇ║ /admin/finance/ledger ΓöÇ

    Error: /admin/finance/ledger
    @1600px:
      - navigation failed: page.goto: net::ERR_CONNECTION_REFUSED at http://localhost:3058/admin/finance/ledger
    @1200px:
      - navigation failed: page.goto: net::ERR_CONNECTION_REFUSED at http://localhost:3058/admin/finance/ledger
    @768px:
      - navigation failed: page.goto: net::ERR_CONNECTION_REFUSED at http://localhost:3058/admin/finance/ledger
    @480px:
      - navigation failed: page.goto: net::ERR_CONNECTION_REFUSED at http://localhost:3058/admin/finance/ledger
    @375px:
      - navigation failed: page.goto: net::ERR_CONNECTION_REFUSED at http://localhost:3058/admin/finance/ledger

    expect(received).toEqual(expected) // deep equality

    - Expected  -  1
    + Received  + 12

    - Array []
    + Array [
    +   "@1600px:
    +   - navigation failed: page.goto: net::ERR_CONNECTION_REFUSED at http://localhost:3058/admin/finance/ledger",
    +   "@1200px:
    +   - navigation failed: page.goto: net::ERR_CONNECTION_REFUSED at http://localhost:3058/admin/finance/ledger",
    +   "@768px:
    +   - navigation failed: page.goto: net::ERR_CONNECTION_REFUSED at http://localhost:3058/admin/finance/ledger",
    +   "@480px:
    +   - navigation failed: page.goto: net::ERR_CONNECTION_REFUSED at http://localhost:3058/admin/finance/ledger",
    +   "@375px:
    +   - navigation failed: page.goto: net::ERR_CONNECTION_REFUSED at http://localhost:3058/admin/finance/ledger",
    + ]

      12 |   await testInfo.attach("matrix", { body: JSON.stringify({ route, url, results }), contentType: "application/json" });
      13 |   const failed = results.filter((r) => r.issues.length).map((r) => `@${r.viewport}px:\n  - ${r.issues.join("\n  - ")}`);
    > 14 |   expect(failed, `${url}\n${failed.join("\n")}`).toEqual([]);
         |                                                  ^
      15 | }
      16 |
      17 | test.describe("admin routes x viewports", () => {
        at runMatrix (C:\Users\priyank\Desktop\Development\BharatAgrolink-admin\e2e\responsive.spec.mjs:14:50)
        at C:\Users\priyank\Desktop\Development\BharatAgrolink-admin\e2e\responsive.spec.mjs:20:7

    attachment #7: screenshot (image/png) ΓöÇΓöÇΓöÇΓöÇΓöÇΓöÇΓöÇΓöÇΓöÇΓöÇΓöÇΓöÇΓöÇΓöÇΓöÇΓöÇΓöÇΓöÇΓöÇΓöÇΓöÇΓöÇΓöÇΓöÇΓöÇΓöÇΓöÇΓöÇΓöÇΓöÇΓöÇΓöÇΓöÇΓöÇΓöÇΓöÇΓöÇΓöÇΓöÇΓöÇΓöÇΓöÇΓöÇΓöÇΓöÇΓöÇΓöÇΓöÇΓöÇΓöÇΓöÇΓöÇΓöÇΓöÇΓöÇΓöÇΓöÇΓöÇ
    test-results\responsive-admin-routes-x-viewports-admin-finance-ledger-chromium\test-failed-1.png
    ΓöÇΓöÇΓöÇΓöÇΓöÇΓöÇΓöÇΓöÇΓöÇΓöÇΓöÇΓöÇΓöÇΓöÇΓöÇΓöÇΓöÇΓöÇΓöÇΓöÇΓöÇΓöÇΓöÇΓöÇΓöÇΓöÇΓöÇΓöÇΓöÇΓöÇΓöÇΓöÇΓöÇΓöÇΓöÇΓöÇΓöÇΓöÇΓöÇΓöÇΓöÇΓöÇΓöÇΓöÇΓöÇΓöÇΓöÇΓöÇΓöÇΓöÇΓöÇΓöÇΓöÇΓöÇΓöÇΓöÇΓöÇΓöÇΓöÇΓöÇΓöÇΓöÇΓöÇΓöÇΓöÇΓöÇΓöÇΓöÇΓöÇΓöÇΓöÇΓöÇΓöÇΓöÇΓöÇΓöÇΓöÇΓöÇΓöÇΓöÇΓöÇΓöÇΓöÇΓöÇΓöÇΓöÇΓöÇΓöÇΓöÇΓöÇΓöÇΓöÇΓöÇΓöÇΓöÇΓöÇ

    Error Context: test-results\responsive-admin-routes-x-viewports-admin-finance-ledger-chromium\error-context.md

    attachment #9: trace (application/zip) ΓöÇΓöÇΓöÇΓöÇΓöÇΓöÇΓöÇΓöÇΓöÇΓöÇΓöÇΓöÇΓöÇΓöÇΓöÇΓöÇΓöÇΓöÇΓöÇΓöÇΓöÇΓöÇΓöÇΓöÇΓöÇΓöÇΓöÇΓöÇΓöÇΓöÇΓöÇΓöÇΓöÇΓöÇΓöÇΓöÇΓöÇΓöÇΓöÇΓöÇΓöÇΓöÇΓöÇΓöÇΓöÇΓöÇΓöÇΓöÇΓöÇΓöÇΓöÇΓöÇΓöÇΓöÇΓöÇΓöÇΓöÇ
    test-results\responsive-admin-routes-x-viewports-admin-finance-ledger-chromium\trace.zip
    Usage:

        npx playwright show-trace test-results\responsive-admin-routes-x-viewports-admin-finance-ledger-chromium\trace.zip

    ΓöÇΓöÇΓöÇΓöÇΓöÇΓöÇΓöÇΓöÇΓöÇΓöÇΓöÇΓöÇΓöÇΓöÇΓöÇΓöÇΓöÇΓöÇΓöÇΓöÇΓöÇΓöÇΓöÇΓöÇΓöÇΓöÇΓöÇΓöÇΓöÇΓöÇΓöÇΓöÇΓöÇΓöÇΓöÇΓöÇΓöÇΓöÇΓöÇΓöÇΓöÇΓöÇΓöÇΓöÇΓöÇΓöÇΓöÇΓöÇΓöÇΓöÇΓöÇΓöÇΓöÇΓöÇΓöÇΓöÇΓöÇΓöÇΓöÇΓöÇΓöÇΓöÇΓöÇΓöÇΓöÇΓöÇΓöÇΓöÇΓöÇΓöÇΓöÇΓöÇΓöÇΓöÇΓöÇΓöÇΓöÇΓöÇΓöÇΓöÇΓöÇΓöÇΓöÇΓöÇΓöÇΓöÇΓöÇΓöÇΓöÇΓöÇΓöÇΓöÇΓöÇΓöÇΓöÇΓöÇ

  86) [chromium] ΓÇ║ e2e\responsive.spec.mjs:19:5 ΓÇ║ admin routes x viewports ΓÇ║ /admin/finance/wallet-withdrawals 

    Error: /admin/finance/wallet-withdrawals
    @1600px:
      - navigation failed: page.goto: net::ERR_CONNECTION_REFUSED at http://localhost:3058/admin/finance/wallet-withdrawals
    @1200px:
      - navigation failed: page.goto: net::ERR_CONNECTION_REFUSED at http://localhost:3058/admin/finance/wallet-withdrawals
    @768px:
      - navigation failed: page.goto: net::ERR_CONNECTION_REFUSED at http://localhost:3058/admin/finance/wallet-withdrawals
    @480px:
      - navigation failed: page.goto: net::ERR_CONNECTION_REFUSED at http://localhost:3058/admin/finance/wallet-withdrawals
    @375px:
      - navigation failed: page.goto: net::ERR_CONNECTION_REFUSED at http://localhost:3058/admin/finance/wallet-withdrawals

    expect(received).toEqual(expected) // deep equality

    - Expected  -  1
    + Received  + 12

    - Array []
    + Array [
    +   "@1600px:
    +   - navigation failed: page.goto: net::ERR_CONNECTION_REFUSED at http://localhost:3058/admin/finance/wallet-withdrawals",
    +   "@1200px:
    +   - navigation failed: page.goto: net::ERR_CONNECTION_REFUSED at http://localhost:3058/admin/finance/wallet-withdrawals",
    +   "@768px:
    +   - navigation failed: page.goto: net::ERR_CONNECTION_REFUSED at http://localhost:3058/admin/finance/wallet-withdrawals",
    +   "@480px:
    +   - navigation failed: page.goto: net::ERR_CONNECTION_REFUSED at http://localhost:3058/admin/finance/wallet-withdrawals",
    +   "@375px:
    +   - navigation failed: page.goto: net::ERR_CONNECTION_REFUSED at http://localhost:3058/admin/finance/wallet-withdrawals",
    + ]

      12 |   await testInfo.attach("matrix", { body: JSON.stringify({ route, url, results }), contentType: "application/json" });
      13 |   const failed = results.filter((r) => r.issues.length).map((r) => `@${r.viewport}px:\n  - ${r.issues.join("\n  - ")}`);
    > 14 |   expect(failed, `${url}\n${failed.join("\n")}`).toEqual([]);
         |                                                  ^
      15 | }
      16 |
      17 | test.describe("admin routes x viewports", () => {
        at runMatrix (C:\Users\priyank\Desktop\Development\BharatAgrolink-admin\e2e\responsive.spec.mjs:14:50)
        at C:\Users\priyank\Desktop\Development\BharatAgrolink-admin\e2e\responsive.spec.mjs:20:7

    attachment #7: screenshot (image/png) ΓöÇΓöÇΓöÇΓöÇΓöÇΓöÇΓöÇΓöÇΓöÇΓöÇΓöÇΓöÇΓöÇΓöÇΓöÇΓöÇΓöÇΓöÇΓöÇΓöÇΓöÇΓöÇΓöÇΓöÇΓöÇΓöÇΓöÇΓöÇΓöÇΓöÇΓöÇΓöÇΓöÇΓöÇΓöÇΓöÇΓöÇΓöÇΓöÇΓöÇΓöÇΓöÇΓöÇΓöÇΓöÇΓöÇΓöÇΓöÇΓöÇΓöÇΓöÇΓöÇΓöÇΓöÇΓöÇΓöÇΓöÇΓöÇ
    test-results\responsive-admin-routes-x--4e0d5--finance-wallet-withdrawals-chromium\test-failed-1.png
    ΓöÇΓöÇΓöÇΓöÇΓöÇΓöÇΓöÇΓöÇΓöÇΓöÇΓöÇΓöÇΓöÇΓöÇΓöÇΓöÇΓöÇΓöÇΓöÇΓöÇΓöÇΓöÇΓöÇΓöÇΓöÇΓöÇΓöÇΓöÇΓöÇΓöÇΓöÇΓöÇΓöÇΓöÇΓöÇΓöÇΓöÇΓöÇΓöÇΓöÇΓöÇΓöÇΓöÇΓöÇΓöÇΓöÇΓöÇΓöÇΓöÇΓöÇΓöÇΓöÇΓöÇΓöÇΓöÇΓöÇΓöÇΓöÇΓöÇΓöÇΓöÇΓöÇΓöÇΓöÇΓöÇΓöÇΓöÇΓöÇΓöÇΓöÇΓöÇΓöÇΓöÇΓöÇΓöÇΓöÇΓöÇΓöÇΓöÇΓöÇΓöÇΓöÇΓöÇΓöÇΓöÇΓöÇΓöÇΓöÇΓöÇΓöÇΓöÇΓöÇΓöÇΓöÇΓöÇΓöÇ

    Error Context: test-results\responsive-admin-routes-x--4e0d5--finance-wallet-withdrawals-chromium\error-context.md

    attachment #9: trace (application/zip) ΓöÇΓöÇΓöÇΓöÇΓöÇΓöÇΓöÇΓöÇΓöÇΓöÇΓöÇΓöÇΓöÇΓöÇΓöÇΓöÇΓöÇΓöÇΓöÇΓöÇΓöÇΓöÇΓöÇΓöÇΓöÇΓöÇΓöÇΓöÇΓöÇΓöÇΓöÇΓöÇΓöÇΓöÇΓöÇΓöÇΓöÇΓöÇΓöÇΓöÇΓöÇΓöÇΓöÇΓöÇΓöÇΓöÇΓöÇΓöÇΓöÇΓöÇΓöÇΓöÇΓöÇΓöÇΓöÇΓöÇΓöÇ
    test-results\responsive-admin-routes-x--4e0d5--finance-wallet-withdrawals-chromium\trace.zip
    Usage:

        npx playwright show-trace test-results\responsive-admin-routes-x--4e0d5--finance-wallet-withdrawals-chromium\trace.zip

    ΓöÇΓöÇΓöÇΓöÇΓöÇΓöÇΓöÇΓöÇΓöÇΓöÇΓöÇΓöÇΓöÇΓöÇΓöÇΓöÇΓöÇΓöÇΓöÇΓöÇΓöÇΓöÇΓöÇΓöÇΓöÇΓöÇΓöÇΓöÇΓöÇΓöÇΓöÇΓöÇΓöÇΓöÇΓöÇΓöÇΓöÇΓöÇΓöÇΓöÇΓöÇΓöÇΓöÇΓöÇΓöÇΓöÇΓöÇΓöÇΓöÇΓöÇΓöÇΓöÇΓöÇΓöÇΓöÇΓöÇΓöÇΓöÇΓöÇΓöÇΓöÇΓöÇΓöÇΓöÇΓöÇΓöÇΓöÇΓöÇΓöÇΓöÇΓöÇΓöÇΓöÇΓöÇΓöÇΓöÇΓöÇΓöÇΓöÇΓöÇΓöÇΓöÇΓöÇΓöÇΓöÇΓöÇΓöÇΓöÇΓöÇΓöÇΓöÇΓöÇΓöÇΓöÇΓöÇΓöÇ

  87) [chromium] ΓÇ║ e2e\responsive.spec.mjs:19:5 ΓÇ║ admin routes x viewports ΓÇ║ /admin/help ΓöÇΓöÇΓöÇΓöÇΓöÇΓöÇΓöÇΓöÇΓöÇΓöÇΓöÇ

    Error: /admin/help
    @1600px:
      - navigation failed: page.goto: net::ERR_CONNECTION_REFUSED at http://localhost:3058/admin/help
    @1200px:
      - navigation failed: page.goto: net::ERR_CONNECTION_REFUSED at http://localhost:3058/admin/help
    @768px:
      - navigation failed: page.goto: net::ERR_CONNECTION_REFUSED at http://localhost:3058/admin/help
    @480px:
      - navigation failed: page.goto: net::ERR_CONNECTION_REFUSED at http://localhost:3058/admin/help
    @375px:
      - navigation failed: page.goto: net::ERR_CONNECTION_REFUSED at http://localhost:3058/admin/help

    expect(received).toEqual(expected) // deep equality

    - Expected  -  1
    + Received  + 12

    - Array []
    + Array [
    +   "@1600px:
    +   - navigation failed: page.goto: net::ERR_CONNECTION_REFUSED at http://localhost:3058/admin/help",
    +   "@1200px:
    +   - navigation failed: page.goto: net::ERR_CONNECTION_REFUSED at http://localhost:3058/admin/help",
    +   "@768px:
    +   - navigation failed: page.goto: net::ERR_CONNECTION_REFUSED at http://localhost:3058/admin/help",
    +   "@480px:
    +   - navigation failed: page.goto: net::ERR_CONNECTION_REFUSED at http://localhost:3058/admin/help",
    +   "@375px:
    +   - navigation failed: page.goto: net::ERR_CONNECTION_REFUSED at http://localhost:3058/admin/help",
    + ]

      12 |   await testInfo.attach("matrix", { body: JSON.stringify({ route, url, results }), contentType: "application/json" });
      13 |   const failed = results.filter((r) => r.issues.length).map((r) => `@${r.viewport}px:\n  - ${r.issues.join("\n  - ")}`);
    > 14 |   expect(failed, `${url}\n${failed.join("\n")}`).toEqual([]);
         |                                                  ^
      15 | }
      16 |
      17 | test.describe("admin routes x viewports", () => {
        at runMatrix (C:\Users\priyank\Desktop\Development\BharatAgrolink-admin\e2e\responsive.spec.mjs:14:50)
        at C:\Users\priyank\Desktop\Development\BharatAgrolink-admin\e2e\responsive.spec.mjs:20:7

    attachment #7: screenshot (image/png) ΓöÇΓöÇΓöÇΓöÇΓöÇΓöÇΓöÇΓöÇΓöÇΓöÇΓöÇΓöÇΓöÇΓöÇΓöÇΓöÇΓöÇΓöÇΓöÇΓöÇΓöÇΓöÇΓöÇΓöÇΓöÇΓöÇΓöÇΓöÇΓöÇΓöÇΓöÇΓöÇΓöÇΓöÇΓöÇΓöÇΓöÇΓöÇΓöÇΓöÇΓöÇΓöÇΓöÇΓöÇΓöÇΓöÇΓöÇΓöÇΓöÇΓöÇΓöÇΓöÇΓöÇΓöÇΓöÇΓöÇΓöÇΓöÇ
    test-results\responsive-admin-routes-x-viewports-admin-help-chromium\test-failed-1.png
    ΓöÇΓöÇΓöÇΓöÇΓöÇΓöÇΓöÇΓöÇΓöÇΓöÇΓöÇΓöÇΓöÇΓöÇΓöÇΓöÇΓöÇΓöÇΓöÇΓöÇΓöÇΓöÇΓöÇΓöÇΓöÇΓöÇΓöÇΓöÇΓöÇΓöÇΓöÇΓöÇΓöÇΓöÇΓöÇΓöÇΓöÇΓöÇΓöÇΓöÇΓöÇΓöÇΓöÇΓöÇΓöÇΓöÇΓöÇΓöÇΓöÇΓöÇΓöÇΓöÇΓöÇΓöÇΓöÇΓöÇΓöÇΓöÇΓöÇΓöÇΓöÇΓöÇΓöÇΓöÇΓöÇΓöÇΓöÇΓöÇΓöÇΓöÇΓöÇΓöÇΓöÇΓöÇΓöÇΓöÇΓöÇΓöÇΓöÇΓöÇΓöÇΓöÇΓöÇΓöÇΓöÇΓöÇΓöÇΓöÇΓöÇΓöÇΓöÇΓöÇΓöÇΓöÇΓöÇΓöÇ

    Error Context: test-results\responsive-admin-routes-x-viewports-admin-help-chromium\error-context.md

    attachment #9: trace (application/zip) ΓöÇΓöÇΓöÇΓöÇΓöÇΓöÇΓöÇΓöÇΓöÇΓöÇΓöÇΓöÇΓöÇΓöÇΓöÇΓöÇΓöÇΓöÇΓöÇΓöÇΓöÇΓöÇΓöÇΓöÇΓöÇΓöÇΓöÇΓöÇΓöÇΓöÇΓöÇΓöÇΓöÇΓöÇΓöÇΓöÇΓöÇΓöÇΓöÇΓöÇΓöÇΓöÇΓöÇΓöÇΓöÇΓöÇΓöÇΓöÇΓöÇΓöÇΓöÇΓöÇΓöÇΓöÇΓöÇΓöÇΓöÇ
    test-results\responsive-admin-routes-x-viewports-admin-help-chromium\trace.zip
    Usage:

        npx playwright show-trace test-results\responsive-admin-routes-x-viewports-admin-help-chromium\trace.zip

    ΓöÇΓöÇΓöÇΓöÇΓöÇΓöÇΓöÇΓöÇΓöÇΓöÇΓöÇΓöÇΓöÇΓöÇΓöÇΓöÇΓöÇΓöÇΓöÇΓöÇΓöÇΓöÇΓöÇΓöÇΓöÇΓöÇΓöÇΓöÇΓöÇΓöÇΓöÇΓöÇΓöÇΓöÇΓöÇΓöÇΓöÇΓöÇΓöÇΓöÇΓöÇΓöÇΓöÇΓöÇΓöÇΓöÇΓöÇΓöÇΓöÇΓöÇΓöÇΓöÇΓöÇΓöÇΓöÇΓöÇΓöÇΓöÇΓöÇΓöÇΓöÇΓöÇΓöÇΓöÇΓöÇΓöÇΓöÇΓöÇΓöÇΓöÇΓöÇΓöÇΓöÇΓöÇΓöÇΓöÇΓöÇΓöÇΓöÇΓöÇΓöÇΓöÇΓöÇΓöÇΓöÇΓöÇΓöÇΓöÇΓöÇΓöÇΓöÇΓöÇΓöÇΓöÇΓöÇΓöÇ

  88) [chromium] ΓÇ║ e2e\responsive.spec.mjs:19:5 ΓÇ║ admin routes x viewports ΓÇ║ /admin/hiring/applications 

    Error: /admin/hiring/applications
    @1600px:
      - navigation failed: page.goto: net::ERR_CONNECTION_REFUSED at http://localhost:3058/admin/hiring/applications
    @1200px:
      - navigation failed: page.goto: net::ERR_CONNECTION_REFUSED at http://localhost:3058/admin/hiring/applications
    @768px:
      - navigation failed: page.goto: net::ERR_CONNECTION_REFUSED at http://localhost:3058/admin/hiring/applications
    @480px:
      - navigation failed: page.goto: net::ERR_CONNECTION_REFUSED at http://localhost:3058/admin/hiring/applications
    @375px:
      - navigation failed: page.goto: net::ERR_CONNECTION_REFUSED at http://localhost:3058/admin/hiring/applications

    expect(received).toEqual(expected) // deep equality

    - Expected  -  1
    + Received  + 12

    - Array []
    + Array [
    +   "@1600px:
    +   - navigation failed: page.goto: net::ERR_CONNECTION_REFUSED at http://localhost:3058/admin/hiring/applications",
    +   "@1200px:
    +   - navigation failed: page.goto: net::ERR_CONNECTION_REFUSED at http://localhost:3058/admin/hiring/applications",
    +   "@768px:
    +   - navigation failed: page.goto: net::ERR_CONNECTION_REFUSED at http://localhost:3058/admin/hiring/applications",
    +   "@480px:
    +   - navigation failed: page.goto: net::ERR_CONNECTION_REFUSED at http://localhost:3058/admin/hiring/applications",
    +   "@375px:
    +   - navigation failed: page.goto: net::ERR_CONNECTION_REFUSED at http://localhost:3058/admin/hiring/applications",
    + ]

      12 |   await testInfo.attach("matrix", { body: JSON.stringify({ route, url, results }), contentType: "application/json" });
      13 |   const failed = results.filter((r) => r.issues.length).map((r) => `@${r.viewport}px:\n  - ${r.issues.join("\n  - ")}`);
    > 14 |   expect(failed, `${url}\n${failed.join("\n")}`).toEqual([]);
         |                                                  ^
      15 | }
      16 |
      17 | test.describe("admin routes x viewports", () => {
        at runMatrix (C:\Users\priyank\Desktop\Development\BharatAgrolink-admin\e2e\responsive.spec.mjs:14:50)
        at C:\Users\priyank\Desktop\Development\BharatAgrolink-admin\e2e\responsive.spec.mjs:20:7

    attachment #7: screenshot (image/png) ΓöÇΓöÇΓöÇΓöÇΓöÇΓöÇΓöÇΓöÇΓöÇΓöÇΓöÇΓöÇΓöÇΓöÇΓöÇΓöÇΓöÇΓöÇΓöÇΓöÇΓöÇΓöÇΓöÇΓöÇΓöÇΓöÇΓöÇΓöÇΓöÇΓöÇΓöÇΓöÇΓöÇΓöÇΓöÇΓöÇΓöÇΓöÇΓöÇΓöÇΓöÇΓöÇΓöÇΓöÇΓöÇΓöÇΓöÇΓöÇΓöÇΓöÇΓöÇΓöÇΓöÇΓöÇΓöÇΓöÇΓöÇΓöÇ
    test-results\responsive-admin-routes-x--c5983-s-admin-hiring-applications-chromium\test-failed-1.png
    ΓöÇΓöÇΓöÇΓöÇΓöÇΓöÇΓöÇΓöÇΓöÇΓöÇΓöÇΓöÇΓöÇΓöÇΓöÇΓöÇΓöÇΓöÇΓöÇΓöÇΓöÇΓöÇΓöÇΓöÇΓöÇΓöÇΓöÇΓöÇΓöÇΓöÇΓöÇΓöÇΓöÇΓöÇΓöÇΓöÇΓöÇΓöÇΓöÇΓöÇΓöÇΓöÇΓöÇΓöÇΓöÇΓöÇΓöÇΓöÇΓöÇΓöÇΓöÇΓöÇΓöÇΓöÇΓöÇΓöÇΓöÇΓöÇΓöÇΓöÇΓöÇΓöÇΓöÇΓöÇΓöÇΓöÇΓöÇΓöÇΓöÇΓöÇΓöÇΓöÇΓöÇΓöÇΓöÇΓöÇΓöÇΓöÇΓöÇΓöÇΓöÇΓöÇΓöÇΓöÇΓöÇΓöÇΓöÇΓöÇΓöÇΓöÇΓöÇΓöÇΓöÇΓöÇΓöÇΓöÇ

    Error Context: test-results\responsive-admin-routes-x--c5983-s-admin-hiring-applications-chromium\error-context.md

    attachment #9: trace (application/zip) ΓöÇΓöÇΓöÇΓöÇΓöÇΓöÇΓöÇΓöÇΓöÇΓöÇΓöÇΓöÇΓöÇΓöÇΓöÇΓöÇΓöÇΓöÇΓöÇΓöÇΓöÇΓöÇΓöÇΓöÇΓöÇΓöÇΓöÇΓöÇΓöÇΓöÇΓöÇΓöÇΓöÇΓöÇΓöÇΓöÇΓöÇΓöÇΓöÇΓöÇΓöÇΓöÇΓöÇΓöÇΓöÇΓöÇΓöÇΓöÇΓöÇΓöÇΓöÇΓöÇΓöÇΓöÇΓöÇΓöÇΓöÇ
    test-results\responsive-admin-routes-x--c5983-s-admin-hiring-applications-chromium\trace.zip
    Usage:

        npx playwright show-trace test-results\responsive-admin-routes-x--c5983-s-admin-hiring-applications-chromium\trace.zip

    ΓöÇΓöÇΓöÇΓöÇΓöÇΓöÇΓöÇΓöÇΓöÇΓöÇΓöÇΓöÇΓöÇΓöÇΓöÇΓöÇΓöÇΓöÇΓöÇΓöÇΓöÇΓöÇΓöÇΓöÇΓöÇΓöÇΓöÇΓöÇΓöÇΓöÇΓöÇΓöÇΓöÇΓöÇΓöÇΓöÇΓöÇΓöÇΓöÇΓöÇΓöÇΓöÇΓöÇΓöÇΓöÇΓöÇΓöÇΓöÇΓöÇΓöÇΓöÇΓöÇΓöÇΓöÇΓöÇΓöÇΓöÇΓöÇΓöÇΓöÇΓöÇΓöÇΓöÇΓöÇΓöÇΓöÇΓöÇΓöÇΓöÇΓöÇΓöÇΓöÇΓöÇΓöÇΓöÇΓöÇΓöÇΓöÇΓöÇΓöÇΓöÇΓöÇΓöÇΓöÇΓöÇΓöÇΓöÇΓöÇΓöÇΓöÇΓöÇΓöÇΓöÇΓöÇΓöÇΓöÇ

  89) [chromium] ΓÇ║ e2e\responsive.spec.mjs:19:5 ΓÇ║ admin routes x viewports ΓÇ║ /admin/hiring/vacancies 

    Error: /admin/hiring/vacancies
    @1600px:
      - navigation failed: page.goto: net::ERR_CONNECTION_REFUSED at http://localhost:3058/admin/hiring/vacancies
    @1200px:
      - navigation failed: page.goto: net::ERR_CONNECTION_REFUSED at http://localhost:3058/admin/hiring/vacancies
    @768px:
      - navigation failed: page.goto: net::ERR_CONNECTION_REFUSED at http://localhost:3058/admin/hiring/vacancies
    @480px:
      - navigation failed: page.goto: net::ERR_CONNECTION_REFUSED at http://localhost:3058/admin/hiring/vacancies
    @375px:
      - navigation failed: page.goto: net::ERR_CONNECTION_REFUSED at http://localhost:3058/admin/hiring/vacancies

    expect(received).toEqual(expected) // deep equality

    - Expected  -  1
    + Received  + 12

    - Array []
    + Array [
    +   "@1600px:
    +   - navigation failed: page.goto: net::ERR_CONNECTION_REFUSED at http://localhost:3058/admin/hiring/vacancies",
    +   "@1200px:
    +   - navigation failed: page.goto: net::ERR_CONNECTION_REFUSED at http://localhost:3058/admin/hiring/vacancies",
    +   "@768px:
    +   - navigation failed: page.goto: net::ERR_CONNECTION_REFUSED at http://localhost:3058/admin/hiring/vacancies",
    +   "@480px:
    +   - navigation failed: page.goto: net::ERR_CONNECTION_REFUSED at http://localhost:3058/admin/hiring/vacancies",
    +   "@375px:
    +   - navigation failed: page.goto: net::ERR_CONNECTION_REFUSED at http://localhost:3058/admin/hiring/vacancies",
    + ]

      12 |   await testInfo.attach("matrix", { body: JSON.stringify({ route, url, results }), contentType: "application/json" });
      13 |   const failed = results.filter((r) => r.issues.length).map((r) => `@${r.viewport}px:\n  - ${r.issues.join("\n  - ")}`);
    > 14 |   expect(failed, `${url}\n${failed.join("\n")}`).toEqual([]);
         |                                                  ^
      15 | }
      16 |
      17 | test.describe("admin routes x viewports", () => {
        at runMatrix (C:\Users\priyank\Desktop\Development\BharatAgrolink-admin\e2e\responsive.spec.mjs:14:50)
        at C:\Users\priyank\Desktop\Development\BharatAgrolink-admin\e2e\responsive.spec.mjs:20:7

    attachment #7: screenshot (image/png) ΓöÇΓöÇΓöÇΓöÇΓöÇΓöÇΓöÇΓöÇΓöÇΓöÇΓöÇΓöÇΓöÇΓöÇΓöÇΓöÇΓöÇΓöÇΓöÇΓöÇΓöÇΓöÇΓöÇΓöÇΓöÇΓöÇΓöÇΓöÇΓöÇΓöÇΓöÇΓöÇΓöÇΓöÇΓöÇΓöÇΓöÇΓöÇΓöÇΓöÇΓöÇΓöÇΓöÇΓöÇΓöÇΓöÇΓöÇΓöÇΓöÇΓöÇΓöÇΓöÇΓöÇΓöÇΓöÇΓöÇΓöÇΓöÇ
    test-results\responsive-admin-routes-x-viewports-admin-hiring-vacancies-chromium\test-failed-1.png
    ΓöÇΓöÇΓöÇΓöÇΓöÇΓöÇΓöÇΓöÇΓöÇΓöÇΓöÇΓöÇΓöÇΓöÇΓöÇΓöÇΓöÇΓöÇΓöÇΓöÇΓöÇΓöÇΓöÇΓöÇΓöÇΓöÇΓöÇΓöÇΓöÇΓöÇΓöÇΓöÇΓöÇΓöÇΓöÇΓöÇΓöÇΓöÇΓöÇΓöÇΓöÇΓöÇΓöÇΓöÇΓöÇΓöÇΓöÇΓöÇΓöÇΓöÇΓöÇΓöÇΓöÇΓöÇΓöÇΓöÇΓöÇΓöÇΓöÇΓöÇΓöÇΓöÇΓöÇΓöÇΓöÇΓöÇΓöÇΓöÇΓöÇΓöÇΓöÇΓöÇΓöÇΓöÇΓöÇΓöÇΓöÇΓöÇΓöÇΓöÇΓöÇΓöÇΓöÇΓöÇΓöÇΓöÇΓöÇΓöÇΓöÇΓöÇΓöÇΓöÇΓöÇΓöÇΓöÇΓöÇ

    Error Context: test-results\responsive-admin-routes-x-viewports-admin-hiring-vacancies-chromium\error-context.md

    attachment #9: trace (application/zip) ΓöÇΓöÇΓöÇΓöÇΓöÇΓöÇΓöÇΓöÇΓöÇΓöÇΓöÇΓöÇΓöÇΓöÇΓöÇΓöÇΓöÇΓöÇΓöÇΓöÇΓöÇΓöÇΓöÇΓöÇΓöÇΓöÇΓöÇΓöÇΓöÇΓöÇΓöÇΓöÇΓöÇΓöÇΓöÇΓöÇΓöÇΓöÇΓöÇΓöÇΓöÇΓöÇΓöÇΓöÇΓöÇΓöÇΓöÇΓöÇΓöÇΓöÇΓöÇΓöÇΓöÇΓöÇΓöÇΓöÇΓöÇ
    test-results\responsive-admin-routes-x-viewports-admin-hiring-vacancies-chromium\trace.zip
    Usage:

        npx playwright show-trace test-results\responsive-admin-routes-x-viewports-admin-hiring-vacancies-chromium\trace.zip

    ΓöÇΓöÇΓöÇΓöÇΓöÇΓöÇΓöÇΓöÇΓöÇΓöÇΓöÇΓöÇΓöÇΓöÇΓöÇΓöÇΓöÇΓöÇΓöÇΓöÇΓöÇΓöÇΓöÇΓöÇΓöÇΓöÇΓöÇΓöÇΓöÇΓöÇΓöÇΓöÇΓöÇΓöÇΓöÇΓöÇΓöÇΓöÇΓöÇΓöÇΓöÇΓöÇΓöÇΓöÇΓöÇΓöÇΓöÇΓöÇΓöÇΓöÇΓöÇΓöÇΓöÇΓöÇΓöÇΓöÇΓöÇΓöÇΓöÇΓöÇΓöÇΓöÇΓöÇΓöÇΓöÇΓöÇΓöÇΓöÇΓöÇΓöÇΓöÇΓöÇΓöÇΓöÇΓöÇΓöÇΓöÇΓöÇΓöÇΓöÇΓöÇΓöÇΓöÇΓöÇΓöÇΓöÇΓöÇΓöÇΓöÇΓöÇΓöÇΓöÇΓöÇΓöÇΓöÇΓöÇ

  90) [chromium] ΓÇ║ e2e\responsive.spec.mjs:19:5 ΓÇ║ admin routes x viewports ΓÇ║ /admin/inventory ΓöÇΓöÇΓöÇΓöÇΓöÇΓöÇ

    Error: /admin/inventory
    @1600px:
      - navigation failed: page.goto: net::ERR_CONNECTION_REFUSED at http://localhost:3058/admin/inventory
    @1200px:
      - navigation failed: page.goto: net::ERR_CONNECTION_REFUSED at http://localhost:3058/admin/inventory
    @768px:
      - navigation failed: page.goto: net::ERR_CONNECTION_REFUSED at http://localhost:3058/admin/inventory
    @480px:
      - navigation failed: page.goto: net::ERR_CONNECTION_REFUSED at http://localhost:3058/admin/inventory
    @375px:
      - navigation failed: page.goto: net::ERR_CONNECTION_REFUSED at http://localhost:3058/admin/inventory

    expect(received).toEqual(expected) // deep equality

    - Expected  -  1
    + Received  + 12

    - Array []
    + Array [
    +   "@1600px:
    +   - navigation failed: page.goto: net::ERR_CONNECTION_REFUSED at http://localhost:3058/admin/inventory",
    +   "@1200px:
    +   - navigation failed: page.goto: net::ERR_CONNECTION_REFUSED at http://localhost:3058/admin/inventory",
    +   "@768px:
    +   - navigation failed: page.goto: net::ERR_CONNECTION_REFUSED at http://localhost:3058/admin/inventory",
    +   "@480px:
    +   - navigation failed: page.goto: net::ERR_CONNECTION_REFUSED at http://localhost:3058/admin/inventory",
    +   "@375px:
    +   - navigation failed: page.goto: net::ERR_CONNECTION_REFUSED at http://localhost:3058/admin/inventory",
    + ]

      12 |   await testInfo.attach("matrix", { body: JSON.stringify({ route, url, results }), contentType: "application/json" });
      13 |   const failed = results.filter((r) => r.issues.length).map((r) => `@${r.viewport}px:\n  - ${r.issues.join("\n  - ")}`);
    > 14 |   expect(failed, `${url}\n${failed.join("\n")}`).toEqual([]);
         |                                                  ^
      15 | }
      16 |
      17 | test.describe("admin routes x viewports", () => {
        at runMatrix (C:\Users\priyank\Desktop\Development\BharatAgrolink-admin\e2e\responsive.spec.mjs:14:50)
        at C:\Users\priyank\Desktop\Development\BharatAgrolink-admin\e2e\responsive.spec.mjs:20:7

    attachment #7: screenshot (image/png) ΓöÇΓöÇΓöÇΓöÇΓöÇΓöÇΓöÇΓöÇΓöÇΓöÇΓöÇΓöÇΓöÇΓöÇΓöÇΓöÇΓöÇΓöÇΓöÇΓöÇΓöÇΓöÇΓöÇΓöÇΓöÇΓöÇΓöÇΓöÇΓöÇΓöÇΓöÇΓöÇΓöÇΓöÇΓöÇΓöÇΓöÇΓöÇΓöÇΓöÇΓöÇΓöÇΓöÇΓöÇΓöÇΓöÇΓöÇΓöÇΓöÇΓöÇΓöÇΓöÇΓöÇΓöÇΓöÇΓöÇΓöÇΓöÇ
    test-results\responsive-admin-routes-x-viewports-admin-inventory-chromium\test-failed-1.png
    ΓöÇΓöÇΓöÇΓöÇΓöÇΓöÇΓöÇΓöÇΓöÇΓöÇΓöÇΓöÇΓöÇΓöÇΓöÇΓöÇΓöÇΓöÇΓöÇΓöÇΓöÇΓöÇΓöÇΓöÇΓöÇΓöÇΓöÇΓöÇΓöÇΓöÇΓöÇΓöÇΓöÇΓöÇΓöÇΓöÇΓöÇΓöÇΓöÇΓöÇΓöÇΓöÇΓöÇΓöÇΓöÇΓöÇΓöÇΓöÇΓöÇΓöÇΓöÇΓöÇΓöÇΓöÇΓöÇΓöÇΓöÇΓöÇΓöÇΓöÇΓöÇΓöÇΓöÇΓöÇΓöÇΓöÇΓöÇΓöÇΓöÇΓöÇΓöÇΓöÇΓöÇΓöÇΓöÇΓöÇΓöÇΓöÇΓöÇΓöÇΓöÇΓöÇΓöÇΓöÇΓöÇΓöÇΓöÇΓöÇΓöÇΓöÇΓöÇΓöÇΓöÇΓöÇΓöÇΓöÇ

    Error Context: test-results\responsive-admin-routes-x-viewports-admin-inventory-chromium\error-context.md

    attachment #9: trace (application/zip) ΓöÇΓöÇΓöÇΓöÇΓöÇΓöÇΓöÇΓöÇΓöÇΓöÇΓöÇΓöÇΓöÇΓöÇΓöÇΓöÇΓöÇΓöÇΓöÇΓöÇΓöÇΓöÇΓöÇΓöÇΓöÇΓöÇΓöÇΓöÇΓöÇΓöÇΓöÇΓöÇΓöÇΓöÇΓöÇΓöÇΓöÇΓöÇΓöÇΓöÇΓöÇΓöÇΓöÇΓöÇΓöÇΓöÇΓöÇΓöÇΓöÇΓöÇΓöÇΓöÇΓöÇΓöÇΓöÇΓöÇΓöÇ
    test-results\responsive-admin-routes-x-viewports-admin-inventory-chromium\trace.zip
    Usage:

        npx playwright show-trace test-results\responsive-admin-routes-x-viewports-admin-inventory-chromium\trace.zip

    ΓöÇΓöÇΓöÇΓöÇΓöÇΓöÇΓöÇΓöÇΓöÇΓöÇΓöÇΓöÇΓöÇΓöÇΓöÇΓöÇΓöÇΓöÇΓöÇΓöÇΓöÇΓöÇΓöÇΓöÇΓöÇΓöÇΓöÇΓöÇΓöÇΓöÇΓöÇΓöÇΓöÇΓöÇΓöÇΓöÇΓöÇΓöÇΓöÇΓöÇΓöÇΓöÇΓöÇΓöÇΓöÇΓöÇΓöÇΓöÇΓöÇΓöÇΓöÇΓöÇΓöÇΓöÇΓöÇΓöÇΓöÇΓöÇΓöÇΓöÇΓöÇΓöÇΓöÇΓöÇΓöÇΓöÇΓöÇΓöÇΓöÇΓöÇΓöÇΓöÇΓöÇΓöÇΓöÇΓöÇΓöÇΓöÇΓöÇΓöÇΓöÇΓöÇΓöÇΓöÇΓöÇΓöÇΓöÇΓöÇΓöÇΓöÇΓöÇΓöÇΓöÇΓöÇΓöÇΓöÇ

  91) [chromium] ΓÇ║ e2e\responsive.spec.mjs:19:5 ΓÇ║ admin routes x viewports ΓÇ║ /admin/inventory/history 

    Error: /admin/inventory/history
    @1600px:
      - navigation failed: page.goto: net::ERR_CONNECTION_REFUSED at http://localhost:3058/admin/inventory/history
    @1200px:
      - navigation failed: page.goto: net::ERR_CONNECTION_REFUSED at http://localhost:3058/admin/inventory/history
    @768px:
      - navigation failed: page.goto: net::ERR_CONNECTION_REFUSED at http://localhost:3058/admin/inventory/history
    @480px:
      - navigation failed: page.goto: net::ERR_CONNECTION_REFUSED at http://localhost:3058/admin/inventory/history
    @375px:
      - navigation failed: page.goto: net::ERR_CONNECTION_REFUSED at http://localhost:3058/admin/inventory/history

    expect(received).toEqual(expected) // deep equality

    - Expected  -  1
    + Received  + 12

    - Array []
    + Array [
    +   "@1600px:
    +   - navigation failed: page.goto: net::ERR_CONNECTION_REFUSED at http://localhost:3058/admin/inventory/history",
    +   "@1200px:
    +   - navigation failed: page.goto: net::ERR_CONNECTION_REFUSED at http://localhost:3058/admin/inventory/history",
    +   "@768px:
    +   - navigation failed: page.goto: net::ERR_CONNECTION_REFUSED at http://localhost:3058/admin/inventory/history",
    +   "@480px:
    +   - navigation failed: page.goto: net::ERR_CONNECTION_REFUSED at http://localhost:3058/admin/inventory/history",
    +   "@375px:
    +   - navigation failed: page.goto: net::ERR_CONNECTION_REFUSED at http://localhost:3058/admin/inventory/history",
    + ]

      12 |   await testInfo.attach("matrix", { body: JSON.stringify({ route, url, results }), contentType: "application/json" });
      13 |   const failed = results.filter((r) => r.issues.length).map((r) => `@${r.viewport}px:\n  - ${r.issues.join("\n  - ")}`);
    > 14 |   expect(failed, `${url}\n${failed.join("\n")}`).toEqual([]);
         |                                                  ^
      15 | }
      16 |
      17 | test.describe("admin routes x viewports", () => {
        at runMatrix (C:\Users\priyank\Desktop\Development\BharatAgrolink-admin\e2e\responsive.spec.mjs:14:50)
        at C:\Users\priyank\Desktop\Development\BharatAgrolink-admin\e2e\responsive.spec.mjs:20:7

    attachment #7: screenshot (image/png) ΓöÇΓöÇΓöÇΓöÇΓöÇΓöÇΓöÇΓöÇΓöÇΓöÇΓöÇΓöÇΓöÇΓöÇΓöÇΓöÇΓöÇΓöÇΓöÇΓöÇΓöÇΓöÇΓöÇΓöÇΓöÇΓöÇΓöÇΓöÇΓöÇΓöÇΓöÇΓöÇΓöÇΓöÇΓöÇΓöÇΓöÇΓöÇΓöÇΓöÇΓöÇΓöÇΓöÇΓöÇΓöÇΓöÇΓöÇΓöÇΓöÇΓöÇΓöÇΓöÇΓöÇΓöÇΓöÇΓöÇΓöÇΓöÇ
    test-results\responsive-admin-routes-x-viewports-admin-inventory-history-chromium\test-failed-1.png
    ΓöÇΓöÇΓöÇΓöÇΓöÇΓöÇΓöÇΓöÇΓöÇΓöÇΓöÇΓöÇΓöÇΓöÇΓöÇΓöÇΓöÇΓöÇΓöÇΓöÇΓöÇΓöÇΓöÇΓöÇΓöÇΓöÇΓöÇΓöÇΓöÇΓöÇΓöÇΓöÇΓöÇΓöÇΓöÇΓöÇΓöÇΓöÇΓöÇΓöÇΓöÇΓöÇΓöÇΓöÇΓöÇΓöÇΓöÇΓöÇΓöÇΓöÇΓöÇΓöÇΓöÇΓöÇΓöÇΓöÇΓöÇΓöÇΓöÇΓöÇΓöÇΓöÇΓöÇΓöÇΓöÇΓöÇΓöÇΓöÇΓöÇΓöÇΓöÇΓöÇΓöÇΓöÇΓöÇΓöÇΓöÇΓöÇΓöÇΓöÇΓöÇΓöÇΓöÇΓöÇΓöÇΓöÇΓöÇΓöÇΓöÇΓöÇΓöÇΓöÇΓöÇΓöÇΓöÇΓöÇ

    Error Context: test-results\responsive-admin-routes-x-viewports-admin-inventory-history-chromium\error-context.md

    attachment #9: trace (application/zip) ΓöÇΓöÇΓöÇΓöÇΓöÇΓöÇΓöÇΓöÇΓöÇΓöÇΓöÇΓöÇΓöÇΓöÇΓöÇΓöÇΓöÇΓöÇΓöÇΓöÇΓöÇΓöÇΓöÇΓöÇΓöÇΓöÇΓöÇΓöÇΓöÇΓöÇΓöÇΓöÇΓöÇΓöÇΓöÇΓöÇΓöÇΓöÇΓöÇΓöÇΓöÇΓöÇΓöÇΓöÇΓöÇΓöÇΓöÇΓöÇΓöÇΓöÇΓöÇΓöÇΓöÇΓöÇΓöÇΓöÇΓöÇ
    test-results\responsive-admin-routes-x-viewports-admin-inventory-history-chromium\trace.zip
    Usage:

        npx playwright show-trace test-results\responsive-admin-routes-x-viewports-admin-inventory-history-chromium\trace.zip

    ΓöÇΓöÇΓöÇΓöÇΓöÇΓöÇΓöÇΓöÇΓöÇΓöÇΓöÇΓöÇΓöÇΓöÇΓöÇΓöÇΓöÇΓöÇΓöÇΓöÇΓöÇΓöÇΓöÇΓöÇΓöÇΓöÇΓöÇΓöÇΓöÇΓöÇΓöÇΓöÇΓöÇΓöÇΓöÇΓöÇΓöÇΓöÇΓöÇΓöÇΓöÇΓöÇΓöÇΓöÇΓöÇΓöÇΓöÇΓöÇΓöÇΓöÇΓöÇΓöÇΓöÇΓöÇΓöÇΓöÇΓöÇΓöÇΓöÇΓöÇΓöÇΓöÇΓöÇΓöÇΓöÇΓöÇΓöÇΓöÇΓöÇΓöÇΓöÇΓöÇΓöÇΓöÇΓöÇΓöÇΓöÇΓöÇΓöÇΓöÇΓöÇΓöÇΓöÇΓöÇΓöÇΓöÇΓöÇΓöÇΓöÇΓöÇΓöÇΓöÇΓöÇΓöÇΓöÇΓöÇ

  92) [chromium] ΓÇ║ e2e\responsive.spec.mjs:19:5 ΓÇ║ admin routes x viewports ΓÇ║ /admin/marketing ΓöÇΓöÇΓöÇΓöÇΓöÇΓöÇ

    Error: /admin/marketing
    @1600px:
      - navigation failed: page.goto: net::ERR_CONNECTION_REFUSED at http://localhost:3058/admin/marketing
    @1200px:
      - navigation failed: page.goto: net::ERR_CONNECTION_REFUSED at http://localhost:3058/admin/marketing
    @768px:
      - navigation failed: page.goto: net::ERR_CONNECTION_REFUSED at http://localhost:3058/admin/marketing
    @480px:
      - navigation failed: page.goto: net::ERR_CONNECTION_REFUSED at http://localhost:3058/admin/marketing
    @375px:
      - navigation failed: page.goto: net::ERR_CONNECTION_REFUSED at http://localhost:3058/admin/marketing

    expect(received).toEqual(expected) // deep equality

    - Expected  -  1
    + Received  + 12

    - Array []
    + Array [
    +   "@1600px:
    +   - navigation failed: page.goto: net::ERR_CONNECTION_REFUSED at http://localhost:3058/admin/marketing",
    +   "@1200px:
    +   - navigation failed: page.goto: net::ERR_CONNECTION_REFUSED at http://localhost:3058/admin/marketing",
    +   "@768px:
    +   - navigation failed: page.goto: net::ERR_CONNECTION_REFUSED at http://localhost:3058/admin/marketing",
    +   "@480px:
    +   - navigation failed: page.goto: net::ERR_CONNECTION_REFUSED at http://localhost:3058/admin/marketing",
    +   "@375px:
    +   - navigation failed: page.goto: net::ERR_CONNECTION_REFUSED at http://localhost:3058/admin/marketing",
    + ]

      12 |   await testInfo.attach("matrix", { body: JSON.stringify({ route, url, results }), contentType: "application/json" });
      13 |   const failed = results.filter((r) => r.issues.length).map((r) => `@${r.viewport}px:\n  - ${r.issues.join("\n  - ")}`);
    > 14 |   expect(failed, `${url}\n${failed.join("\n")}`).toEqual([]);
         |                                                  ^
      15 | }
      16 |
      17 | test.describe("admin routes x viewports", () => {
        at runMatrix (C:\Users\priyank\Desktop\Development\BharatAgrolink-admin\e2e\responsive.spec.mjs:14:50)
        at C:\Users\priyank\Desktop\Development\BharatAgrolink-admin\e2e\responsive.spec.mjs:20:7

    attachment #7: screenshot (image/png) ΓöÇΓöÇΓöÇΓöÇΓöÇΓöÇΓöÇΓöÇΓöÇΓöÇΓöÇΓöÇΓöÇΓöÇΓöÇΓöÇΓöÇΓöÇΓöÇΓöÇΓöÇΓöÇΓöÇΓöÇΓöÇΓöÇΓöÇΓöÇΓöÇΓöÇΓöÇΓöÇΓöÇΓöÇΓöÇΓöÇΓöÇΓöÇΓöÇΓöÇΓöÇΓöÇΓöÇΓöÇΓöÇΓöÇΓöÇΓöÇΓöÇΓöÇΓöÇΓöÇΓöÇΓöÇΓöÇΓöÇΓöÇΓöÇ
    test-results\responsive-admin-routes-x-viewports-admin-marketing-chromium\test-failed-1.png
    ΓöÇΓöÇΓöÇΓöÇΓöÇΓöÇΓöÇΓöÇΓöÇΓöÇΓöÇΓöÇΓöÇΓöÇΓöÇΓöÇΓöÇΓöÇΓöÇΓöÇΓöÇΓöÇΓöÇΓöÇΓöÇΓöÇΓöÇΓöÇΓöÇΓöÇΓöÇΓöÇΓöÇΓöÇΓöÇΓöÇΓöÇΓöÇΓöÇΓöÇΓöÇΓöÇΓöÇΓöÇΓöÇΓöÇΓöÇΓöÇΓöÇΓöÇΓöÇΓöÇΓöÇΓöÇΓöÇΓöÇΓöÇΓöÇΓöÇΓöÇΓöÇΓöÇΓöÇΓöÇΓöÇΓöÇΓöÇΓöÇΓöÇΓöÇΓöÇΓöÇΓöÇΓöÇΓöÇΓöÇΓöÇΓöÇΓöÇΓöÇΓöÇΓöÇΓöÇΓöÇΓöÇΓöÇΓöÇΓöÇΓöÇΓöÇΓöÇΓöÇΓöÇΓöÇΓöÇΓöÇ

    Error Context: test-results\responsive-admin-routes-x-viewports-admin-marketing-chromium\error-context.md

    attachment #9: trace (application/zip) ΓöÇΓöÇΓöÇΓöÇΓöÇΓöÇΓöÇΓöÇΓöÇΓöÇΓöÇΓöÇΓöÇΓöÇΓöÇΓöÇΓöÇΓöÇΓöÇΓöÇΓöÇΓöÇΓöÇΓöÇΓöÇΓöÇΓöÇΓöÇΓöÇΓöÇΓöÇΓöÇΓöÇΓöÇΓöÇΓöÇΓöÇΓöÇΓöÇΓöÇΓöÇΓöÇΓöÇΓöÇΓöÇΓöÇΓöÇΓöÇΓöÇΓöÇΓöÇΓöÇΓöÇΓöÇΓöÇΓöÇΓöÇ
    test-results\responsive-admin-routes-x-viewports-admin-marketing-chromium\trace.zip
    Usage:

        npx playwright show-trace test-results\responsive-admin-routes-x-viewports-admin-marketing-chromium\trace.zip

    ΓöÇΓöÇΓöÇΓöÇΓöÇΓöÇΓöÇΓöÇΓöÇΓöÇΓöÇΓöÇΓöÇΓöÇΓöÇΓöÇΓöÇΓöÇΓöÇΓöÇΓöÇΓöÇΓöÇΓöÇΓöÇΓöÇΓöÇΓöÇΓöÇΓöÇΓöÇΓöÇΓöÇΓöÇΓöÇΓöÇΓöÇΓöÇΓöÇΓöÇΓöÇΓöÇΓöÇΓöÇΓöÇΓöÇΓöÇΓöÇΓöÇΓöÇΓöÇΓöÇΓöÇΓöÇΓöÇΓöÇΓöÇΓöÇΓöÇΓöÇΓöÇΓöÇΓöÇΓöÇΓöÇΓöÇΓöÇΓöÇΓöÇΓöÇΓöÇΓöÇΓöÇΓöÇΓöÇΓöÇΓöÇΓöÇΓöÇΓöÇΓöÇΓöÇΓöÇΓöÇΓöÇΓöÇΓöÇΓöÇΓöÇΓöÇΓöÇΓöÇΓöÇΓöÇΓöÇΓöÇ

  93) [chromium] ΓÇ║ e2e\responsive.spec.mjs:19:5 ΓÇ║ admin routes x viewports ΓÇ║ /admin/marketing/engagement 

    Error: /admin/marketing/engagement
    @1600px:
      - navigation failed: page.goto: net::ERR_CONNECTION_REFUSED at http://localhost:3058/admin/marketing/engagement
    @1200px:
      - navigation failed: page.goto: net::ERR_CONNECTION_REFUSED at http://localhost:3058/admin/marketing/engagement
    @768px:
      - navigation failed: page.goto: net::ERR_CONNECTION_REFUSED at http://localhost:3058/admin/marketing/engagement
    @480px:
      - navigation failed: page.goto: net::ERR_CONNECTION_REFUSED at http://localhost:3058/admin/marketing/engagement
    @375px:
      - navigation failed: page.goto: net::ERR_CONNECTION_REFUSED at http://localhost:3058/admin/marketing/engagement

    expect(received).toEqual(expected) // deep equality

    - Expected  -  1
    + Received  + 12

    - Array []
    + Array [
    +   "@1600px:
    +   - navigation failed: page.goto: net::ERR_CONNECTION_REFUSED at http://localhost:3058/admin/marketing/engagement",
    +   "@1200px:
    +   - navigation failed: page.goto: net::ERR_CONNECTION_REFUSED at http://localhost:3058/admin/marketing/engagement",
    +   "@768px:
    +   - navigation failed: page.goto: net::ERR_CONNECTION_REFUSED at http://localhost:3058/admin/marketing/engagement",
    +   "@480px:
    +   - navigation failed: page.goto: net::ERR_CONNECTION_REFUSED at http://localhost:3058/admin/marketing/engagement",
    +   "@375px:
    +   - navigation failed: page.goto: net::ERR_CONNECTION_REFUSED at http://localhost:3058/admin/marketing/engagement",
    + ]

      12 |   await testInfo.attach("matrix", { body: JSON.stringify({ route, url, results }), contentType: "application/json" });
      13 |   const failed = results.filter((r) => r.issues.length).map((r) => `@${r.viewport}px:\n  - ${r.issues.join("\n  - ")}`);
    > 14 |   expect(failed, `${url}\n${failed.join("\n")}`).toEqual([]);
         |                                                  ^
      15 | }
      16 |
      17 | test.describe("admin routes x viewports", () => {
        at runMatrix (C:\Users\priyank\Desktop\Development\BharatAgrolink-admin\e2e\responsive.spec.mjs:14:50)
        at C:\Users\priyank\Desktop\Development\BharatAgrolink-admin\e2e\responsive.spec.mjs:20:7

    attachment #7: screenshot (image/png) ΓöÇΓöÇΓöÇΓöÇΓöÇΓöÇΓöÇΓöÇΓöÇΓöÇΓöÇΓöÇΓöÇΓöÇΓöÇΓöÇΓöÇΓöÇΓöÇΓöÇΓöÇΓöÇΓöÇΓöÇΓöÇΓöÇΓöÇΓöÇΓöÇΓöÇΓöÇΓöÇΓöÇΓöÇΓöÇΓöÇΓöÇΓöÇΓöÇΓöÇΓöÇΓöÇΓöÇΓöÇΓöÇΓöÇΓöÇΓöÇΓöÇΓöÇΓöÇΓöÇΓöÇΓöÇΓöÇΓöÇΓöÇΓöÇ
    test-results\responsive-admin-routes-x--92e85--admin-marketing-engagement-chromium\test-failed-1.png
    ΓöÇΓöÇΓöÇΓöÇΓöÇΓöÇΓöÇΓöÇΓöÇΓöÇΓöÇΓöÇΓöÇΓöÇΓöÇΓöÇΓöÇΓöÇΓöÇΓöÇΓöÇΓöÇΓöÇΓöÇΓöÇΓöÇΓöÇΓöÇΓöÇΓöÇΓöÇΓöÇΓöÇΓöÇΓöÇΓöÇΓöÇΓöÇΓöÇΓöÇΓöÇΓöÇΓöÇΓöÇΓöÇΓöÇΓöÇΓöÇΓöÇΓöÇΓöÇΓöÇΓöÇΓöÇΓöÇΓöÇΓöÇΓöÇΓöÇΓöÇΓöÇΓöÇΓöÇΓöÇΓöÇΓöÇΓöÇΓöÇΓöÇΓöÇΓöÇΓöÇΓöÇΓöÇΓöÇΓöÇΓöÇΓöÇΓöÇΓöÇΓöÇΓöÇΓöÇΓöÇΓöÇΓöÇΓöÇΓöÇΓöÇΓöÇΓöÇΓöÇΓöÇΓöÇΓöÇΓöÇ

    Error Context: test-results\responsive-admin-routes-x--92e85--admin-marketing-engagement-chromium\error-context.md

    attachment #9: trace (application/zip) ΓöÇΓöÇΓöÇΓöÇΓöÇΓöÇΓöÇΓöÇΓöÇΓöÇΓöÇΓöÇΓöÇΓöÇΓöÇΓöÇΓöÇΓöÇΓöÇΓöÇΓöÇΓöÇΓöÇΓöÇΓöÇΓöÇΓöÇΓöÇΓöÇΓöÇΓöÇΓöÇΓöÇΓöÇΓöÇΓöÇΓöÇΓöÇΓöÇΓöÇΓöÇΓöÇΓöÇΓöÇΓöÇΓöÇΓöÇΓöÇΓöÇΓöÇΓöÇΓöÇΓöÇΓöÇΓöÇΓöÇΓöÇ
    test-results\responsive-admin-routes-x--92e85--admin-marketing-engagement-chromium\trace.zip
    Usage:

        npx playwright show-trace test-results\responsive-admin-routes-x--92e85--admin-marketing-engagement-chromium\trace.zip

    ΓöÇΓöÇΓöÇΓöÇΓöÇΓöÇΓöÇΓöÇΓöÇΓöÇΓöÇΓöÇΓöÇΓöÇΓöÇΓöÇΓöÇΓöÇΓöÇΓöÇΓöÇΓöÇΓöÇΓöÇΓöÇΓöÇΓöÇΓöÇΓöÇΓöÇΓöÇΓöÇΓöÇΓöÇΓöÇΓöÇΓöÇΓöÇΓöÇΓöÇΓöÇΓöÇΓöÇΓöÇΓöÇΓöÇΓöÇΓöÇΓöÇΓöÇΓöÇΓöÇΓöÇΓöÇΓöÇΓöÇΓöÇΓöÇΓöÇΓöÇΓöÇΓöÇΓöÇΓöÇΓöÇΓöÇΓöÇΓöÇΓöÇΓöÇΓöÇΓöÇΓöÇΓöÇΓöÇΓöÇΓöÇΓöÇΓöÇΓöÇΓöÇΓöÇΓöÇΓöÇΓöÇΓöÇΓöÇΓöÇΓöÇΓöÇΓöÇΓöÇΓöÇΓöÇΓöÇΓöÇ

  94) [chromium] ΓÇ║ e2e\responsive.spec.mjs:19:5 ΓÇ║ admin routes x viewports ΓÇ║ /admin/marketing/expenses 

    Error: /admin/marketing/expenses
    @1600px:
      - navigation failed: page.goto: net::ERR_CONNECTION_REFUSED at http://localhost:3058/admin/marketing/expenses
    @1200px:
      - navigation failed: page.goto: net::ERR_CONNECTION_REFUSED at http://localhost:3058/admin/marketing/expenses
    @768px:
      - navigation failed: page.goto: net::ERR_CONNECTION_REFUSED at http://localhost:3058/admin/marketing/expenses
    @480px:
      - navigation failed: page.goto: net::ERR_CONNECTION_REFUSED at http://localhost:3058/admin/marketing/expenses
    @375px:
      - navigation failed: page.goto: net::ERR_CONNECTION_REFUSED at http://localhost:3058/admin/marketing/expenses

    expect(received).toEqual(expected) // deep equality

    - Expected  -  1
    + Received  + 12

    - Array []
    + Array [
    +   "@1600px:
    +   - navigation failed: page.goto: net::ERR_CONNECTION_REFUSED at http://localhost:3058/admin/marketing/expenses",
    +   "@1200px:
    +   - navigation failed: page.goto: net::ERR_CONNECTION_REFUSED at http://localhost:3058/admin/marketing/expenses",
    +   "@768px:
    +   - navigation failed: page.goto: net::ERR_CONNECTION_REFUSED at http://localhost:3058/admin/marketing/expenses",
    +   "@480px:
    +   - navigation failed: page.goto: net::ERR_CONNECTION_REFUSED at http://localhost:3058/admin/marketing/expenses",
    +   "@375px:
    +   - navigation failed: page.goto: net::ERR_CONNECTION_REFUSED at http://localhost:3058/admin/marketing/expenses",
    + ]

      12 |   await testInfo.attach("matrix", { body: JSON.stringify({ route, url, results }), contentType: "application/json" });
      13 |   const failed = results.filter((r) => r.issues.length).map((r) => `@${r.viewport}px:\n  - ${r.issues.join("\n  - ")}`);
    > 14 |   expect(failed, `${url}\n${failed.join("\n")}`).toEqual([]);
         |                                                  ^
      15 | }
      16 |
      17 | test.describe("admin routes x viewports", () => {
        at runMatrix (C:\Users\priyank\Desktop\Development\BharatAgrolink-admin\e2e\responsive.spec.mjs:14:50)
        at C:\Users\priyank\Desktop\Development\BharatAgrolink-admin\e2e\responsive.spec.mjs:20:7

    attachment #7: screenshot (image/png) ΓöÇΓöÇΓöÇΓöÇΓöÇΓöÇΓöÇΓöÇΓöÇΓöÇΓöÇΓöÇΓöÇΓöÇΓöÇΓöÇΓöÇΓöÇΓöÇΓöÇΓöÇΓöÇΓöÇΓöÇΓöÇΓöÇΓöÇΓöÇΓöÇΓöÇΓöÇΓöÇΓöÇΓöÇΓöÇΓöÇΓöÇΓöÇΓöÇΓöÇΓöÇΓöÇΓöÇΓöÇΓöÇΓöÇΓöÇΓöÇΓöÇΓöÇΓöÇΓöÇΓöÇΓöÇΓöÇΓöÇΓöÇΓöÇ
    test-results\responsive-admin-routes-x-viewports-admin-marketing-expenses-chromium\test-failed-1.png
    ΓöÇΓöÇΓöÇΓöÇΓöÇΓöÇΓöÇΓöÇΓöÇΓöÇΓöÇΓöÇΓöÇΓöÇΓöÇΓöÇΓöÇΓöÇΓöÇΓöÇΓöÇΓöÇΓöÇΓöÇΓöÇΓöÇΓöÇΓöÇΓöÇΓöÇΓöÇΓöÇΓöÇΓöÇΓöÇΓöÇΓöÇΓöÇΓöÇΓöÇΓöÇΓöÇΓöÇΓöÇΓöÇΓöÇΓöÇΓöÇΓöÇΓöÇΓöÇΓöÇΓöÇΓöÇΓöÇΓöÇΓöÇΓöÇΓöÇΓöÇΓöÇΓöÇΓöÇΓöÇΓöÇΓöÇΓöÇΓöÇΓöÇΓöÇΓöÇΓöÇΓöÇΓöÇΓöÇΓöÇΓöÇΓöÇΓöÇΓöÇΓöÇΓöÇΓöÇΓöÇΓöÇΓöÇΓöÇΓöÇΓöÇΓöÇΓöÇΓöÇΓöÇΓöÇΓöÇΓöÇ

    Error Context: test-results\responsive-admin-routes-x-viewports-admin-marketing-expenses-chromium\error-context.md

    attachment #9: trace (application/zip) ΓöÇΓöÇΓöÇΓöÇΓöÇΓöÇΓöÇΓöÇΓöÇΓöÇΓöÇΓöÇΓöÇΓöÇΓöÇΓöÇΓöÇΓöÇΓöÇΓöÇΓöÇΓöÇΓöÇΓöÇΓöÇΓöÇΓöÇΓöÇΓöÇΓöÇΓöÇΓöÇΓöÇΓöÇΓöÇΓöÇΓöÇΓöÇΓöÇΓöÇΓöÇΓöÇΓöÇΓöÇΓöÇΓöÇΓöÇΓöÇΓöÇΓöÇΓöÇΓöÇΓöÇΓöÇΓöÇΓöÇΓöÇ
    test-results\responsive-admin-routes-x-viewports-admin-marketing-expenses-chromium\trace.zip
    Usage:

        npx playwright show-trace test-results\responsive-admin-routes-x-viewports-admin-marketing-expenses-chromium\trace.zip

    ΓöÇΓöÇΓöÇΓöÇΓöÇΓöÇΓöÇΓöÇΓöÇΓöÇΓöÇΓöÇΓöÇΓöÇΓöÇΓöÇΓöÇΓöÇΓöÇΓöÇΓöÇΓöÇΓöÇΓöÇΓöÇΓöÇΓöÇΓöÇΓöÇΓöÇΓöÇΓöÇΓöÇΓöÇΓöÇΓöÇΓöÇΓöÇΓöÇΓöÇΓöÇΓöÇΓöÇΓöÇΓöÇΓöÇΓöÇΓöÇΓöÇΓöÇΓöÇΓöÇΓöÇΓöÇΓöÇΓöÇΓöÇΓöÇΓöÇΓöÇΓöÇΓöÇΓöÇΓöÇΓöÇΓöÇΓöÇΓöÇΓöÇΓöÇΓöÇΓöÇΓöÇΓöÇΓöÇΓöÇΓöÇΓöÇΓöÇΓöÇΓöÇΓöÇΓöÇΓöÇΓöÇΓöÇΓöÇΓöÇΓöÇΓöÇΓöÇΓöÇΓöÇΓöÇΓöÇΓöÇ

  95) [chromium] ΓÇ║ e2e\responsive.spec.mjs:19:5 ΓÇ║ admin routes x viewports ΓÇ║ /admin/masters/currency 

    Error: /admin/masters/currency
    @1600px:
      - navigation failed: page.goto: net::ERR_CONNECTION_REFUSED at http://localhost:3058/admin/masters/currency
    @1200px:
      - navigation failed: page.goto: net::ERR_CONNECTION_REFUSED at http://localhost:3058/admin/masters/currency
    @768px:
      - navigation failed: page.goto: net::ERR_CONNECTION_REFUSED at http://localhost:3058/admin/masters/currency
    @480px:
      - navigation failed: page.goto: net::ERR_CONNECTION_REFUSED at http://localhost:3058/admin/masters/currency
    @375px:
      - navigation failed: page.goto: net::ERR_CONNECTION_REFUSED at http://localhost:3058/admin/masters/currency

    expect(received).toEqual(expected) // deep equality

    - Expected  -  1
    + Received  + 12

    - Array []
    + Array [
    +   "@1600px:
    +   - navigation failed: page.goto: net::ERR_CONNECTION_REFUSED at http://localhost:3058/admin/masters/currency",
    +   "@1200px:
    +   - navigation failed: page.goto: net::ERR_CONNECTION_REFUSED at http://localhost:3058/admin/masters/currency",
    +   "@768px:
    +   - navigation failed: page.goto: net::ERR_CONNECTION_REFUSED at http://localhost:3058/admin/masters/currency",
    +   "@480px:
    +   - navigation failed: page.goto: net::ERR_CONNECTION_REFUSED at http://localhost:3058/admin/masters/currency",
    +   "@375px:
    +   - navigation failed: page.goto: net::ERR_CONNECTION_REFUSED at http://localhost:3058/admin/masters/currency",
    + ]

      12 |   await testInfo.attach("matrix", { body: JSON.stringify({ route, url, results }), contentType: "application/json" });
      13 |   const failed = results.filter((r) => r.issues.length).map((r) => `@${r.viewport}px:\n  - ${r.issues.join("\n  - ")}`);
    > 14 |   expect(failed, `${url}\n${failed.join("\n")}`).toEqual([]);
         |                                                  ^
      15 | }
      16 |
      17 | test.describe("admin routes x viewports", () => {
        at runMatrix (C:\Users\priyank\Desktop\Development\BharatAgrolink-admin\e2e\responsive.spec.mjs:14:50)
        at C:\Users\priyank\Desktop\Development\BharatAgrolink-admin\e2e\responsive.spec.mjs:20:7

    attachment #7: screenshot (image/png) ΓöÇΓöÇΓöÇΓöÇΓöÇΓöÇΓöÇΓöÇΓöÇΓöÇΓöÇΓöÇΓöÇΓöÇΓöÇΓöÇΓöÇΓöÇΓöÇΓöÇΓöÇΓöÇΓöÇΓöÇΓöÇΓöÇΓöÇΓöÇΓöÇΓöÇΓöÇΓöÇΓöÇΓöÇΓöÇΓöÇΓöÇΓöÇΓöÇΓöÇΓöÇΓöÇΓöÇΓöÇΓöÇΓöÇΓöÇΓöÇΓöÇΓöÇΓöÇΓöÇΓöÇΓöÇΓöÇΓöÇΓöÇΓöÇ
    test-results\responsive-admin-routes-x-viewports-admin-masters-currency-chromium\test-failed-1.png
    ΓöÇΓöÇΓöÇΓöÇΓöÇΓöÇΓöÇΓöÇΓöÇΓöÇΓöÇΓöÇΓöÇΓöÇΓöÇΓöÇΓöÇΓöÇΓöÇΓöÇΓöÇΓöÇΓöÇΓöÇΓöÇΓöÇΓöÇΓöÇΓöÇΓöÇΓöÇΓöÇΓöÇΓöÇΓöÇΓöÇΓöÇΓöÇΓöÇΓöÇΓöÇΓöÇΓöÇΓöÇΓöÇΓöÇΓöÇΓöÇΓöÇΓöÇΓöÇΓöÇΓöÇΓöÇΓöÇΓöÇΓöÇΓöÇΓöÇΓöÇΓöÇΓöÇΓöÇΓöÇΓöÇΓöÇΓöÇΓöÇΓöÇΓöÇΓöÇΓöÇΓöÇΓöÇΓöÇΓöÇΓöÇΓöÇΓöÇΓöÇΓöÇΓöÇΓöÇΓöÇΓöÇΓöÇΓöÇΓöÇΓöÇΓöÇΓöÇΓöÇΓöÇΓöÇΓöÇΓöÇ

    Error Context: test-results\responsive-admin-routes-x-viewports-admin-masters-currency-chromium\error-context.md

    attachment #9: trace (application/zip) ΓöÇΓöÇΓöÇΓöÇΓöÇΓöÇΓöÇΓöÇΓöÇΓöÇΓöÇΓöÇΓöÇΓöÇΓöÇΓöÇΓöÇΓöÇΓöÇΓöÇΓöÇΓöÇΓöÇΓöÇΓöÇΓöÇΓöÇΓöÇΓöÇΓöÇΓöÇΓöÇΓöÇΓöÇΓöÇΓöÇΓöÇΓöÇΓöÇΓöÇΓöÇΓöÇΓöÇΓöÇΓöÇΓöÇΓöÇΓöÇΓöÇΓöÇΓöÇΓöÇΓöÇΓöÇΓöÇΓöÇΓöÇ
    test-results\responsive-admin-routes-x-viewports-admin-masters-currency-chromium\trace.zip
    Usage:

        npx playwright show-trace test-results\responsive-admin-routes-x-viewports-admin-masters-currency-chromium\trace.zip

    ΓöÇΓöÇΓöÇΓöÇΓöÇΓöÇΓöÇΓöÇΓöÇΓöÇΓöÇΓöÇΓöÇΓöÇΓöÇΓöÇΓöÇΓöÇΓöÇΓöÇΓöÇΓöÇΓöÇΓöÇΓöÇΓöÇΓöÇΓöÇΓöÇΓöÇΓöÇΓöÇΓöÇΓöÇΓöÇΓöÇΓöÇΓöÇΓöÇΓöÇΓöÇΓöÇΓöÇΓöÇΓöÇΓöÇΓöÇΓöÇΓöÇΓöÇΓöÇΓöÇΓöÇΓöÇΓöÇΓöÇΓöÇΓöÇΓöÇΓöÇΓöÇΓöÇΓöÇΓöÇΓöÇΓöÇΓöÇΓöÇΓöÇΓöÇΓöÇΓöÇΓöÇΓöÇΓöÇΓöÇΓöÇΓöÇΓöÇΓöÇΓöÇΓöÇΓöÇΓöÇΓöÇΓöÇΓöÇΓöÇΓöÇΓöÇΓöÇΓöÇΓöÇΓöÇΓöÇΓöÇ

  96) [chromium] ΓÇ║ e2e\responsive.spec.mjs:19:5 ΓÇ║ admin routes x viewports ΓÇ║ /admin/masters/geography 

    Error: /admin/masters/geography
    @1600px:
      - navigation failed: page.goto: net::ERR_CONNECTION_REFUSED at http://localhost:3058/admin/masters/geography
    @1200px:
      - navigation failed: page.goto: net::ERR_CONNECTION_REFUSED at http://localhost:3058/admin/masters/geography
    @768px:
      - navigation failed: page.goto: net::ERR_CONNECTION_REFUSED at http://localhost:3058/admin/masters/geography
    @480px:
      - navigation failed: page.goto: net::ERR_CONNECTION_REFUSED at http://localhost:3058/admin/masters/geography
    @375px:
      - navigation failed: page.goto: net::ERR_CONNECTION_REFUSED at http://localhost:3058/admin/masters/geography

    expect(received).toEqual(expected) // deep equality

    - Expected  -  1
    + Received  + 12

    - Array []
    + Array [
    +   "@1600px:
    +   - navigation failed: page.goto: net::ERR_CONNECTION_REFUSED at http://localhost:3058/admin/masters/geography",
    +   "@1200px:
    +   - navigation failed: page.goto: net::ERR_CONNECTION_REFUSED at http://localhost:3058/admin/masters/geography",
    +   "@768px:
    +   - navigation failed: page.goto: net::ERR_CONNECTION_REFUSED at http://localhost:3058/admin/masters/geography",
    +   "@480px:
    +   - navigation failed: page.goto: net::ERR_CONNECTION_REFUSED at http://localhost:3058/admin/masters/geography",
    +   "@375px:
    +   - navigation failed: page.goto: net::ERR_CONNECTION_REFUSED at http://localhost:3058/admin/masters/geography",
    + ]

      12 |   await testInfo.attach("matrix", { body: JSON.stringify({ route, url, results }), contentType: "application/json" });
      13 |   const failed = results.filter((r) => r.issues.length).map((r) => `@${r.viewport}px:\n  - ${r.issues.join("\n  - ")}`);
    > 14 |   expect(failed, `${url}\n${failed.join("\n")}`).toEqual([]);
         |                                                  ^
      15 | }
      16 |
      17 | test.describe("admin routes x viewports", () => {
        at runMatrix (C:\Users\priyank\Desktop\Development\BharatAgrolink-admin\e2e\responsive.spec.mjs:14:50)
        at C:\Users\priyank\Desktop\Development\BharatAgrolink-admin\e2e\responsive.spec.mjs:20:7

    attachment #7: screenshot (image/png) ΓöÇΓöÇΓöÇΓöÇΓöÇΓöÇΓöÇΓöÇΓöÇΓöÇΓöÇΓöÇΓöÇΓöÇΓöÇΓöÇΓöÇΓöÇΓöÇΓöÇΓöÇΓöÇΓöÇΓöÇΓöÇΓöÇΓöÇΓöÇΓöÇΓöÇΓöÇΓöÇΓöÇΓöÇΓöÇΓöÇΓöÇΓöÇΓöÇΓöÇΓöÇΓöÇΓöÇΓöÇΓöÇΓöÇΓöÇΓöÇΓöÇΓöÇΓöÇΓöÇΓöÇΓöÇΓöÇΓöÇΓöÇΓöÇ
    test-results\responsive-admin-routes-x-viewports-admin-masters-geography-chromium\test-failed-1.png
    ΓöÇΓöÇΓöÇΓöÇΓöÇΓöÇΓöÇΓöÇΓöÇΓöÇΓöÇΓöÇΓöÇΓöÇΓöÇΓöÇΓöÇΓöÇΓöÇΓöÇΓöÇΓöÇΓöÇΓöÇΓöÇΓöÇΓöÇΓöÇΓöÇΓöÇΓöÇΓöÇΓöÇΓöÇΓöÇΓöÇΓöÇΓöÇΓöÇΓöÇΓöÇΓöÇΓöÇΓöÇΓöÇΓöÇΓöÇΓöÇΓöÇΓöÇΓöÇΓöÇΓöÇΓöÇΓöÇΓöÇΓöÇΓöÇΓöÇΓöÇΓöÇΓöÇΓöÇΓöÇΓöÇΓöÇΓöÇΓöÇΓöÇΓöÇΓöÇΓöÇΓöÇΓöÇΓöÇΓöÇΓöÇΓöÇΓöÇΓöÇΓöÇΓöÇΓöÇΓöÇΓöÇΓöÇΓöÇΓöÇΓöÇΓöÇΓöÇΓöÇΓöÇΓöÇΓöÇΓöÇ

    Error Context: test-results\responsive-admin-routes-x-viewports-admin-masters-geography-chromium\error-context.md

    attachment #9: trace (application/zip) ΓöÇΓöÇΓöÇΓöÇΓöÇΓöÇΓöÇΓöÇΓöÇΓöÇΓöÇΓöÇΓöÇΓöÇΓöÇΓöÇΓöÇΓöÇΓöÇΓöÇΓöÇΓöÇΓöÇΓöÇΓöÇΓöÇΓöÇΓöÇΓöÇΓöÇΓöÇΓöÇΓöÇΓöÇΓöÇΓöÇΓöÇΓöÇΓöÇΓöÇΓöÇΓöÇΓöÇΓöÇΓöÇΓöÇΓöÇΓöÇΓöÇΓöÇΓöÇΓöÇΓöÇΓöÇΓöÇΓöÇΓöÇ
    test-results\responsive-admin-routes-x-viewports-admin-masters-geography-chromium\trace.zip
    Usage:

        npx playwright show-trace test-results\responsive-admin-routes-x-viewports-admin-masters-geography-chromium\trace.zip

    ΓöÇΓöÇΓöÇΓöÇΓöÇΓöÇΓöÇΓöÇΓöÇΓöÇΓöÇΓöÇΓöÇΓöÇΓöÇΓöÇΓöÇΓöÇΓöÇΓöÇΓöÇΓöÇΓöÇΓöÇΓöÇΓöÇΓöÇΓöÇΓöÇΓöÇΓöÇΓöÇΓöÇΓöÇΓöÇΓöÇΓöÇΓöÇΓöÇΓöÇΓöÇΓöÇΓöÇΓöÇΓöÇΓöÇΓöÇΓöÇΓöÇΓöÇΓöÇΓöÇΓöÇΓöÇΓöÇΓöÇΓöÇΓöÇΓöÇΓöÇΓöÇΓöÇΓöÇΓöÇΓöÇΓöÇΓöÇΓöÇΓöÇΓöÇΓöÇΓöÇΓöÇΓöÇΓöÇΓöÇΓöÇΓöÇΓöÇΓöÇΓöÇΓöÇΓöÇΓöÇΓöÇΓöÇΓöÇΓöÇΓöÇΓöÇΓöÇΓöÇΓöÇΓöÇΓöÇΓöÇ

  97) [chromium] ΓÇ║ e2e\responsive.spec.mjs:19:5 ΓÇ║ admin routes x viewports ΓÇ║ /admin/masters/reject-reasons 

    Error: /admin/masters/reject-reasons
    @1600px:
      - navigation failed: page.goto: net::ERR_CONNECTION_REFUSED at http://localhost:3058/admin/masters/reject-reasons
    @1200px:
      - navigation failed: page.goto: net::ERR_CONNECTION_REFUSED at http://localhost:3058/admin/masters/reject-reasons
    @768px:
      - navigation failed: page.goto: net::ERR_CONNECTION_REFUSED at http://localhost:3058/admin/masters/reject-reasons
    @480px:
      - navigation failed: page.goto: net::ERR_CONNECTION_REFUSED at http://localhost:3058/admin/masters/reject-reasons
    @375px:
      - navigation failed: page.goto: net::ERR_CONNECTION_REFUSED at http://localhost:3058/admin/masters/reject-reasons

    expect(received).toEqual(expected) // deep equality

    - Expected  -  1
    + Received  + 12

    - Array []
    + Array [
    +   "@1600px:
    +   - navigation failed: page.goto: net::ERR_CONNECTION_REFUSED at http://localhost:3058/admin/masters/reject-reasons",
    +   "@1200px:
    +   - navigation failed: page.goto: net::ERR_CONNECTION_REFUSED at http://localhost:3058/admin/masters/reject-reasons",
    +   "@768px:
    +   - navigation failed: page.goto: net::ERR_CONNECTION_REFUSED at http://localhost:3058/admin/masters/reject-reasons",
    +   "@480px:
    +   - navigation failed: page.goto: net::ERR_CONNECTION_REFUSED at http://localhost:3058/admin/masters/reject-reasons",
    +   "@375px:
    +   - navigation failed: page.goto: net::ERR_CONNECTION_REFUSED at http://localhost:3058/admin/masters/reject-reasons",
    + ]

      12 |   await testInfo.attach("matrix", { body: JSON.stringify({ route, url, results }), contentType: "application/json" });
      13 |   const failed = results.filter((r) => r.issues.length).map((r) => `@${r.viewport}px:\n  - ${r.issues.join("\n  - ")}`);
    > 14 |   expect(failed, `${url}\n${failed.join("\n")}`).toEqual([]);
         |                                                  ^
      15 | }
      16 |
      17 | test.describe("admin routes x viewports", () => {
        at runMatrix (C:\Users\priyank\Desktop\Development\BharatAgrolink-admin\e2e\responsive.spec.mjs:14:50)
        at C:\Users\priyank\Desktop\Development\BharatAgrolink-admin\e2e\responsive.spec.mjs:20:7

    attachment #7: screenshot (image/png) ΓöÇΓöÇΓöÇΓöÇΓöÇΓöÇΓöÇΓöÇΓöÇΓöÇΓöÇΓöÇΓöÇΓöÇΓöÇΓöÇΓöÇΓöÇΓöÇΓöÇΓöÇΓöÇΓöÇΓöÇΓöÇΓöÇΓöÇΓöÇΓöÇΓöÇΓöÇΓöÇΓöÇΓöÇΓöÇΓöÇΓöÇΓöÇΓöÇΓöÇΓöÇΓöÇΓöÇΓöÇΓöÇΓöÇΓöÇΓöÇΓöÇΓöÇΓöÇΓöÇΓöÇΓöÇΓöÇΓöÇΓöÇΓöÇ
    test-results\responsive-admin-routes-x--beec7-dmin-masters-reject-reasons-chromium\test-failed-1.png
    ΓöÇΓöÇΓöÇΓöÇΓöÇΓöÇΓöÇΓöÇΓöÇΓöÇΓöÇΓöÇΓöÇΓöÇΓöÇΓöÇΓöÇΓöÇΓöÇΓöÇΓöÇΓöÇΓöÇΓöÇΓöÇΓöÇΓöÇΓöÇΓöÇΓöÇΓöÇΓöÇΓöÇΓöÇΓöÇΓöÇΓöÇΓöÇΓöÇΓöÇΓöÇΓöÇΓöÇΓöÇΓöÇΓöÇΓöÇΓöÇΓöÇΓöÇΓöÇΓöÇΓöÇΓöÇΓöÇΓöÇΓöÇΓöÇΓöÇΓöÇΓöÇΓöÇΓöÇΓöÇΓöÇΓöÇΓöÇΓöÇΓöÇΓöÇΓöÇΓöÇΓöÇΓöÇΓöÇΓöÇΓöÇΓöÇΓöÇΓöÇΓöÇΓöÇΓöÇΓöÇΓöÇΓöÇΓöÇΓöÇΓöÇΓöÇΓöÇΓöÇΓöÇΓöÇΓöÇΓöÇ

    Error Context: test-results\responsive-admin-routes-x--beec7-dmin-masters-reject-reasons-chromium\error-context.md

    attachment #9: trace (application/zip) ΓöÇΓöÇΓöÇΓöÇΓöÇΓöÇΓöÇΓöÇΓöÇΓöÇΓöÇΓöÇΓöÇΓöÇΓöÇΓöÇΓöÇΓöÇΓöÇΓöÇΓöÇΓöÇΓöÇΓöÇΓöÇΓöÇΓöÇΓöÇΓöÇΓöÇΓöÇΓöÇΓöÇΓöÇΓöÇΓöÇΓöÇΓöÇΓöÇΓöÇΓöÇΓöÇΓöÇΓöÇΓöÇΓöÇΓöÇΓöÇΓöÇΓöÇΓöÇΓöÇΓöÇΓöÇΓöÇΓöÇΓöÇ
    test-results\responsive-admin-routes-x--beec7-dmin-masters-reject-reasons-chromium\trace.zip
    Usage:

        npx playwright show-trace test-results\responsive-admin-routes-x--beec7-dmin-masters-reject-reasons-chromium\trace.zip

    ΓöÇΓöÇΓöÇΓöÇΓöÇΓöÇΓöÇΓöÇΓöÇΓöÇΓöÇΓöÇΓöÇΓöÇΓöÇΓöÇΓöÇΓöÇΓöÇΓöÇΓöÇΓöÇΓöÇΓöÇΓöÇΓöÇΓöÇΓöÇΓöÇΓöÇΓöÇΓöÇΓöÇΓöÇΓöÇΓöÇΓöÇΓöÇΓöÇΓöÇΓöÇΓöÇΓöÇΓöÇΓöÇΓöÇΓöÇΓöÇΓöÇΓöÇΓöÇΓöÇΓöÇΓöÇΓöÇΓöÇΓöÇΓöÇΓöÇΓöÇΓöÇΓöÇΓöÇΓöÇΓöÇΓöÇΓöÇΓöÇΓöÇΓöÇΓöÇΓöÇΓöÇΓöÇΓöÇΓöÇΓöÇΓöÇΓöÇΓöÇΓöÇΓöÇΓöÇΓöÇΓöÇΓöÇΓöÇΓöÇΓöÇΓöÇΓöÇΓöÇΓöÇΓöÇΓöÇΓöÇ

  98) [chromium] ΓÇ║ e2e\responsive.spec.mjs:19:5 ΓÇ║ admin routes x viewports ΓÇ║ /admin/not-ported?link=x.php&name=X 

    Error: /admin/not-ported?link=x.php&name=X
    @1600px:
      - navigation failed: page.goto: net::ERR_CONNECTION_REFUSED at http://localhost:3058/admin/not-ported?link=x.php&name=X
    @1200px:
      - navigation failed: page.goto: net::ERR_CONNECTION_REFUSED at http://localhost:3058/admin/not-ported?link=x.php&name=X
    @768px:
      - navigation failed: page.goto: net::ERR_CONNECTION_REFUSED at http://localhost:3058/admin/not-ported?link=x.php&name=X
    @480px:
      - navigation failed: page.goto: net::ERR_CONNECTION_REFUSED at http://localhost:3058/admin/not-ported?link=x.php&name=X
    @375px:
      - navigation failed: page.goto: net::ERR_CONNECTION_REFUSED at http://localhost:3058/admin/not-ported?link=x.php&name=X

    expect(received).toEqual(expected) // deep equality

    - Expected  -  1
    + Received  + 12

    - Array []
    + Array [
    +   "@1600px:
    +   - navigation failed: page.goto: net::ERR_CONNECTION_REFUSED at http://localhost:3058/admin/not-ported?link=x.php&name=X",
    +   "@1200px:
    +   - navigation failed: page.goto: net::ERR_CONNECTION_REFUSED at http://localhost:3058/admin/not-ported?link=x.php&name=X",
    +   "@768px:
    +   - navigation failed: page.goto: net::ERR_CONNECTION_REFUSED at http://localhost:3058/admin/not-ported?link=x.php&name=X",
    +   "@480px:
    +   - navigation failed: page.goto: net::ERR_CONNECTION_REFUSED at http://localhost:3058/admin/not-ported?link=x.php&name=X",
    +   "@375px:
    +   - navigation failed: page.goto: net::ERR_CONNECTION_REFUSED at http://localhost:3058/admin/not-ported?link=x.php&name=X",
    + ]

      12 |   await testInfo.attach("matrix", { body: JSON.stringify({ route, url, results }), contentType: "application/json" });
      13 |   const failed = results.filter((r) => r.issues.length).map((r) => `@${r.viewport}px:\n  - ${r.issues.join("\n  - ")}`);
    > 14 |   expect(failed, `${url}\n${failed.join("\n")}`).toEqual([]);
         |                                                  ^
      15 | }
      16 |
      17 | test.describe("admin routes x viewports", () => {
        at runMatrix (C:\Users\priyank\Desktop\Development\BharatAgrolink-admin\e2e\responsive.spec.mjs:14:50)
        at C:\Users\priyank\Desktop\Development\BharatAgrolink-admin\e2e\responsive.spec.mjs:20:7

    attachment #7: screenshot (image/png) ΓöÇΓöÇΓöÇΓöÇΓöÇΓöÇΓöÇΓöÇΓöÇΓöÇΓöÇΓöÇΓöÇΓöÇΓöÇΓöÇΓöÇΓöÇΓöÇΓöÇΓöÇΓöÇΓöÇΓöÇΓöÇΓöÇΓöÇΓöÇΓöÇΓöÇΓöÇΓöÇΓöÇΓöÇΓöÇΓöÇΓöÇΓöÇΓöÇΓöÇΓöÇΓöÇΓöÇΓöÇΓöÇΓöÇΓöÇΓöÇΓöÇΓöÇΓöÇΓöÇΓöÇΓöÇΓöÇΓöÇΓöÇΓöÇ
    test-results\responsive-admin-routes-x--29350-ot-ported-link-x-php-name-X-chromium\test-failed-1.png
    ΓöÇΓöÇΓöÇΓöÇΓöÇΓöÇΓöÇΓöÇΓöÇΓöÇΓöÇΓöÇΓöÇΓöÇΓöÇΓöÇΓöÇΓöÇΓöÇΓöÇΓöÇΓöÇΓöÇΓöÇΓöÇΓöÇΓöÇΓöÇΓöÇΓöÇΓöÇΓöÇΓöÇΓöÇΓöÇΓöÇΓöÇΓöÇΓöÇΓöÇΓöÇΓöÇΓöÇΓöÇΓöÇΓöÇΓöÇΓöÇΓöÇΓöÇΓöÇΓöÇΓöÇΓöÇΓöÇΓöÇΓöÇΓöÇΓöÇΓöÇΓöÇΓöÇΓöÇΓöÇΓöÇΓöÇΓöÇΓöÇΓöÇΓöÇΓöÇΓöÇΓöÇΓöÇΓöÇΓöÇΓöÇΓöÇΓöÇΓöÇΓöÇΓöÇΓöÇΓöÇΓöÇΓöÇΓöÇΓöÇΓöÇΓöÇΓöÇΓöÇΓöÇΓöÇΓöÇΓöÇ

    Error Context: test-results\responsive-admin-routes-x--29350-ot-ported-link-x-php-name-X-chromium\error-context.md

    attachment #9: trace (application/zip) ΓöÇΓöÇΓöÇΓöÇΓöÇΓöÇΓöÇΓöÇΓöÇΓöÇΓöÇΓöÇΓöÇΓöÇΓöÇΓöÇΓöÇΓöÇΓöÇΓöÇΓöÇΓöÇΓöÇΓöÇΓöÇΓöÇΓöÇΓöÇΓöÇΓöÇΓöÇΓöÇΓöÇΓöÇΓöÇΓöÇΓöÇΓöÇΓöÇΓöÇΓöÇΓöÇΓöÇΓöÇΓöÇΓöÇΓöÇΓöÇΓöÇΓöÇΓöÇΓöÇΓöÇΓöÇΓöÇΓöÇΓöÇ
    test-results\responsive-admin-routes-x--29350-ot-ported-link-x-php-name-X-chromium\trace.zip
    Usage:

        npx playwright show-trace test-results\responsive-admin-routes-x--29350-ot-ported-link-x-php-name-X-chromium\trace.zip

    ΓöÇΓöÇΓöÇΓöÇΓöÇΓöÇΓöÇΓöÇΓöÇΓöÇΓöÇΓöÇΓöÇΓöÇΓöÇΓöÇΓöÇΓöÇΓöÇΓöÇΓöÇΓöÇΓöÇΓöÇΓöÇΓöÇΓöÇΓöÇΓöÇΓöÇΓöÇΓöÇΓöÇΓöÇΓöÇΓöÇΓöÇΓöÇΓöÇΓöÇΓöÇΓöÇΓöÇΓöÇΓöÇΓöÇΓöÇΓöÇΓöÇΓöÇΓöÇΓöÇΓöÇΓöÇΓöÇΓöÇΓöÇΓöÇΓöÇΓöÇΓöÇΓöÇΓöÇΓöÇΓöÇΓöÇΓöÇΓöÇΓöÇΓöÇΓöÇΓöÇΓöÇΓöÇΓöÇΓöÇΓöÇΓöÇΓöÇΓöÇΓöÇΓöÇΓöÇΓöÇΓöÇΓöÇΓöÇΓöÇΓöÇΓöÇΓöÇΓöÇΓöÇΓöÇΓöÇΓöÇ

  99) [chromium] ΓÇ║ e2e\responsive.spec.mjs:19:5 ΓÇ║ admin routes x viewports ΓÇ║ /admin/operations ΓöÇΓöÇΓöÇΓöÇΓöÇ

    Error: /admin/operations
    @1600px:
      - navigation failed: page.goto: net::ERR_CONNECTION_REFUSED at http://localhost:3058/admin/operations
    @1200px:
      - navigation failed: page.goto: net::ERR_CONNECTION_REFUSED at http://localhost:3058/admin/operations
    @768px:
      - navigation failed: page.goto: net::ERR_CONNECTION_REFUSED at http://localhost:3058/admin/operations
    @480px:
      - navigation failed: page.goto: net::ERR_CONNECTION_REFUSED at http://localhost:3058/admin/operations
    @375px:
      - navigation failed: page.goto: net::ERR_CONNECTION_REFUSED at http://localhost:3058/admin/operations

    expect(received).toEqual(expected) // deep equality

    - Expected  -  1
    + Received  + 12

    - Array []
    + Array [
    +   "@1600px:
    +   - navigation failed: page.goto: net::ERR_CONNECTION_REFUSED at http://localhost:3058/admin/operations",
    +   "@1200px:
    +   - navigation failed: page.goto: net::ERR_CONNECTION_REFUSED at http://localhost:3058/admin/operations",
    +   "@768px:
    +   - navigation failed: page.goto: net::ERR_CONNECTION_REFUSED at http://localhost:3058/admin/operations",
    +   "@480px:
    +   - navigation failed: page.goto: net::ERR_CONNECTION_REFUSED at http://localhost:3058/admin/operations",
    +   "@375px:
    +   - navigation failed: page.goto: net::ERR_CONNECTION_REFUSED at http://localhost:3058/admin/operations",
    + ]

      12 |   await testInfo.attach("matrix", { body: JSON.stringify({ route, url, results }), contentType: "application/json" });
      13 |   const failed = results.filter((r) => r.issues.length).map((r) => `@${r.viewport}px:\n  - ${r.issues.join("\n  - ")}`);
    > 14 |   expect(failed, `${url}\n${failed.join("\n")}`).toEqual([]);
         |                                                  ^
      15 | }
      16 |
      17 | test.describe("admin routes x viewports", () => {
        at runMatrix (C:\Users\priyank\Desktop\Development\BharatAgrolink-admin\e2e\responsive.spec.mjs:14:50)
        at C:\Users\priyank\Desktop\Development\BharatAgrolink-admin\e2e\responsive.spec.mjs:20:7

    attachment #7: screenshot (image/png) ΓöÇΓöÇΓöÇΓöÇΓöÇΓöÇΓöÇΓöÇΓöÇΓöÇΓöÇΓöÇΓöÇΓöÇΓöÇΓöÇΓöÇΓöÇΓöÇΓöÇΓöÇΓöÇΓöÇΓöÇΓöÇΓöÇΓöÇΓöÇΓöÇΓöÇΓöÇΓöÇΓöÇΓöÇΓöÇΓöÇΓöÇΓöÇΓöÇΓöÇΓöÇΓöÇΓöÇΓöÇΓöÇΓöÇΓöÇΓöÇΓöÇΓöÇΓöÇΓöÇΓöÇΓöÇΓöÇΓöÇΓöÇΓöÇ
    test-results\responsive-admin-routes-x-viewports-admin-operations-chromium\test-failed-1.png
    ΓöÇΓöÇΓöÇΓöÇΓöÇΓöÇΓöÇΓöÇΓöÇΓöÇΓöÇΓöÇΓöÇΓöÇΓöÇΓöÇΓöÇΓöÇΓöÇΓöÇΓöÇΓöÇΓöÇΓöÇΓöÇΓöÇΓöÇΓöÇΓöÇΓöÇΓöÇΓöÇΓöÇΓöÇΓöÇΓöÇΓöÇΓöÇΓöÇΓöÇΓöÇΓöÇΓöÇΓöÇΓöÇΓöÇΓöÇΓöÇΓöÇΓöÇΓöÇΓöÇΓöÇΓöÇΓöÇΓöÇΓöÇΓöÇΓöÇΓöÇΓöÇΓöÇΓöÇΓöÇΓöÇΓöÇΓöÇΓöÇΓöÇΓöÇΓöÇΓöÇΓöÇΓöÇΓöÇΓöÇΓöÇΓöÇΓöÇΓöÇΓöÇΓöÇΓöÇΓöÇΓöÇΓöÇΓöÇΓöÇΓöÇΓöÇΓöÇΓöÇΓöÇΓöÇΓöÇΓöÇ

    Error Context: test-results\responsive-admin-routes-x-viewports-admin-operations-chromium\error-context.md

    attachment #9: trace (application/zip) ΓöÇΓöÇΓöÇΓöÇΓöÇΓöÇΓöÇΓöÇΓöÇΓöÇΓöÇΓöÇΓöÇΓöÇΓöÇΓöÇΓöÇΓöÇΓöÇΓöÇΓöÇΓöÇΓöÇΓöÇΓöÇΓöÇΓöÇΓöÇΓöÇΓöÇΓöÇΓöÇΓöÇΓöÇΓöÇΓöÇΓöÇΓöÇΓöÇΓöÇΓöÇΓöÇΓöÇΓöÇΓöÇΓöÇΓöÇΓöÇΓöÇΓöÇΓöÇΓöÇΓöÇΓöÇΓöÇΓöÇΓöÇ
    test-results\responsive-admin-routes-x-viewports-admin-operations-chromium\trace.zip
    Usage:

        npx playwright show-trace test-results\responsive-admin-routes-x-viewports-admin-operations-chromium\trace.zip

    ΓöÇΓöÇΓöÇΓöÇΓöÇΓöÇΓöÇΓöÇΓöÇΓöÇΓöÇΓöÇΓöÇΓöÇΓöÇΓöÇΓöÇΓöÇΓöÇΓöÇΓöÇΓöÇΓöÇΓöÇΓöÇΓöÇΓöÇΓöÇΓöÇΓöÇΓöÇΓöÇΓöÇΓöÇΓöÇΓöÇΓöÇΓöÇΓöÇΓöÇΓöÇΓöÇΓöÇΓöÇΓöÇΓöÇΓöÇΓöÇΓöÇΓöÇΓöÇΓöÇΓöÇΓöÇΓöÇΓöÇΓöÇΓöÇΓöÇΓöÇΓöÇΓöÇΓöÇΓöÇΓöÇΓöÇΓöÇΓöÇΓöÇΓöÇΓöÇΓöÇΓöÇΓöÇΓöÇΓöÇΓöÇΓöÇΓöÇΓöÇΓöÇΓöÇΓöÇΓöÇΓöÇΓöÇΓöÇΓöÇΓöÇΓöÇΓöÇΓöÇΓöÇΓöÇΓöÇΓöÇ

  100) [chromium] ΓÇ║ e2e\responsive.spec.mjs:19:5 ΓÇ║ admin routes x viewports ΓÇ║ /admin/operations/escalations 

    Error: /admin/operations/escalations
    @1600px:
      - navigation failed: page.goto: net::ERR_CONNECTION_REFUSED at http://localhost:3058/admin/operations/escalations
    @1200px:
      - navigation failed: page.goto: net::ERR_CONNECTION_REFUSED at http://localhost:3058/admin/operations/escalations
    @768px:
      - navigation failed: page.goto: net::ERR_CONNECTION_REFUSED at http://localhost:3058/admin/operations/escalations
    @480px:
      - navigation failed: page.goto: net::ERR_CONNECTION_REFUSED at http://localhost:3058/admin/operations/escalations
    @375px:
      - navigation failed: page.goto: net::ERR_CONNECTION_REFUSED at http://localhost:3058/admin/operations/escalations

    expect(received).toEqual(expected) // deep equality

    - Expected  -  1
    + Received  + 12

    - Array []
    + Array [
    +   "@1600px:
    +   - navigation failed: page.goto: net::ERR_CONNECTION_REFUSED at http://localhost:3058/admin/operations/escalations",
    +   "@1200px:
    +   - navigation failed: page.goto: net::ERR_CONNECTION_REFUSED at http://localhost:3058/admin/operations/escalations",
    +   "@768px:
    +   - navigation failed: page.goto: net::ERR_CONNECTION_REFUSED at http://localhost:3058/admin/operations/escalations",
    +   "@480px:
    +   - navigation failed: page.goto: net::ERR_CONNECTION_REFUSED at http://localhost:3058/admin/operations/escalations",
    +   "@375px:
    +   - navigation failed: page.goto: net::ERR_CONNECTION_REFUSED at http://localhost:3058/admin/operations/escalations",
    + ]

      12 |   await testInfo.attach("matrix", { body: JSON.stringify({ route, url, results }), contentType: "application/json" });
      13 |   const failed = results.filter((r) => r.issues.length).map((r) => `@${r.viewport}px:\n  - ${r.issues.join("\n  - ")}`);
    > 14 |   expect(failed, `${url}\n${failed.join("\n")}`).toEqual([]);
         |                                                  ^
      15 | }
      16 |
      17 | test.describe("admin routes x viewports", () => {
        at runMatrix (C:\Users\priyank\Desktop\Development\BharatAgrolink-admin\e2e\responsive.spec.mjs:14:50)
        at C:\Users\priyank\Desktop\Development\BharatAgrolink-admin\e2e\responsive.spec.mjs:20:7

    attachment #7: screenshot (image/png) ΓöÇΓöÇΓöÇΓöÇΓöÇΓöÇΓöÇΓöÇΓöÇΓöÇΓöÇΓöÇΓöÇΓöÇΓöÇΓöÇΓöÇΓöÇΓöÇΓöÇΓöÇΓöÇΓöÇΓöÇΓöÇΓöÇΓöÇΓöÇΓöÇΓöÇΓöÇΓöÇΓöÇΓöÇΓöÇΓöÇΓöÇΓöÇΓöÇΓöÇΓöÇΓöÇΓöÇΓöÇΓöÇΓöÇΓöÇΓöÇΓöÇΓöÇΓöÇΓöÇΓöÇΓöÇΓöÇΓöÇΓöÇΓöÇ
    test-results\responsive-admin-routes-x--a6d67-dmin-operations-escalations-chromium\test-failed-1.png
    ΓöÇΓöÇΓöÇΓöÇΓöÇΓöÇΓöÇΓöÇΓöÇΓöÇΓöÇΓöÇΓöÇΓöÇΓöÇΓöÇΓöÇΓöÇΓöÇΓöÇΓöÇΓöÇΓöÇΓöÇΓöÇΓöÇΓöÇΓöÇΓöÇΓöÇΓöÇΓöÇΓöÇΓöÇΓöÇΓöÇΓöÇΓöÇΓöÇΓöÇΓöÇΓöÇΓöÇΓöÇΓöÇΓöÇΓöÇΓöÇΓöÇΓöÇΓöÇΓöÇΓöÇΓöÇΓöÇΓöÇΓöÇΓöÇΓöÇΓöÇΓöÇΓöÇΓöÇΓöÇΓöÇΓöÇΓöÇΓöÇΓöÇΓöÇΓöÇΓöÇΓöÇΓöÇΓöÇΓöÇΓöÇΓöÇΓöÇΓöÇΓöÇΓöÇΓöÇΓöÇΓöÇΓöÇΓöÇΓöÇΓöÇΓöÇΓöÇΓöÇΓöÇΓöÇΓöÇΓöÇ

    Error Context: test-results\responsive-admin-routes-x--a6d67-dmin-operations-escalations-chromium\error-context.md

    attachment #9: trace (application/zip) ΓöÇΓöÇΓöÇΓöÇΓöÇΓöÇΓöÇΓöÇΓöÇΓöÇΓöÇΓöÇΓöÇΓöÇΓöÇΓöÇΓöÇΓöÇΓöÇΓöÇΓöÇΓöÇΓöÇΓöÇΓöÇΓöÇΓöÇΓöÇΓöÇΓöÇΓöÇΓöÇΓöÇΓöÇΓöÇΓöÇΓöÇΓöÇΓöÇΓöÇΓöÇΓöÇΓöÇΓöÇΓöÇΓöÇΓöÇΓöÇΓöÇΓöÇΓöÇΓöÇΓöÇΓöÇΓöÇΓöÇΓöÇ
    test-results\responsive-admin-routes-x--a6d67-dmin-operations-escalations-chromium\trace.zip
    Usage:

        npx playwright show-trace test-results\responsive-admin-routes-x--a6d67-dmin-operations-escalations-chromium\trace.zip

    ΓöÇΓöÇΓöÇΓöÇΓöÇΓöÇΓöÇΓöÇΓöÇΓöÇΓöÇΓöÇΓöÇΓöÇΓöÇΓöÇΓöÇΓöÇΓöÇΓöÇΓöÇΓöÇΓöÇΓöÇΓöÇΓöÇΓöÇΓöÇΓöÇΓöÇΓöÇΓöÇΓöÇΓöÇΓöÇΓöÇΓöÇΓöÇΓöÇΓöÇΓöÇΓöÇΓöÇΓöÇΓöÇΓöÇΓöÇΓöÇΓöÇΓöÇΓöÇΓöÇΓöÇΓöÇΓöÇΓöÇΓöÇΓöÇΓöÇΓöÇΓöÇΓöÇΓöÇΓöÇΓöÇΓöÇΓöÇΓöÇΓöÇΓöÇΓöÇΓöÇΓöÇΓöÇΓöÇΓöÇΓöÇΓöÇΓöÇΓöÇΓöÇΓöÇΓöÇΓöÇΓöÇΓöÇΓöÇΓöÇΓöÇΓöÇΓöÇΓöÇΓöÇΓöÇΓöÇΓöÇ

  101) [chromium] ΓÇ║ e2e\responsive.spec.mjs:19:5 ΓÇ║ admin routes x viewports ΓÇ║ /admin/operations/ndr 

    Error: /admin/operations/ndr
    @1600px:
      - navigation failed: page.goto: net::ERR_CONNECTION_REFUSED at http://localhost:3058/admin/operations/ndr
    @1200px:
      - navigation failed: page.goto: net::ERR_CONNECTION_REFUSED at http://localhost:3058/admin/operations/ndr
    @768px:
      - navigation failed: page.goto: net::ERR_CONNECTION_REFUSED at http://localhost:3058/admin/operations/ndr
    @480px:
      - navigation failed: page.goto: net::ERR_CONNECTION_REFUSED at http://localhost:3058/admin/operations/ndr
    @375px:
      - navigation failed: page.goto: net::ERR_CONNECTION_REFUSED at http://localhost:3058/admin/operations/ndr

    expect(received).toEqual(expected) // deep equality

    - Expected  -  1
    + Received  + 12

    - Array []
    + Array [
    +   "@1600px:
    +   - navigation failed: page.goto: net::ERR_CONNECTION_REFUSED at http://localhost:3058/admin/operations/ndr",
    +   "@1200px:
    +   - navigation failed: page.goto: net::ERR_CONNECTION_REFUSED at http://localhost:3058/admin/operations/ndr",
    +   "@768px:
    +   - navigation failed: page.goto: net::ERR_CONNECTION_REFUSED at http://localhost:3058/admin/operations/ndr",
    +   "@480px:
    +   - navigation failed: page.goto: net::ERR_CONNECTION_REFUSED at http://localhost:3058/admin/operations/ndr",
    +   "@375px:
    +   - navigation failed: page.goto: net::ERR_CONNECTION_REFUSED at http://localhost:3058/admin/operations/ndr",
    + ]

      12 |   await testInfo.attach("matrix", { body: JSON.stringify({ route, url, results }), contentType: "application/json" });
      13 |   const failed = results.filter((r) => r.issues.length).map((r) => `@${r.viewport}px:\n  - ${r.issues.join("\n  - ")}`);
    > 14 |   expect(failed, `${url}\n${failed.join("\n")}`).toEqual([]);
         |                                                  ^
      15 | }
      16 |
      17 | test.describe("admin routes x viewports", () => {
        at runMatrix (C:\Users\priyank\Desktop\Development\BharatAgrolink-admin\e2e\responsive.spec.mjs:14:50)
        at C:\Users\priyank\Desktop\Development\BharatAgrolink-admin\e2e\responsive.spec.mjs:20:7

    attachment #7: screenshot (image/png) ΓöÇΓöÇΓöÇΓöÇΓöÇΓöÇΓöÇΓöÇΓöÇΓöÇΓöÇΓöÇΓöÇΓöÇΓöÇΓöÇΓöÇΓöÇΓöÇΓöÇΓöÇΓöÇΓöÇΓöÇΓöÇΓöÇΓöÇΓöÇΓöÇΓöÇΓöÇΓöÇΓöÇΓöÇΓöÇΓöÇΓöÇΓöÇΓöÇΓöÇΓöÇΓöÇΓöÇΓöÇΓöÇΓöÇΓöÇΓöÇΓöÇΓöÇΓöÇΓöÇΓöÇΓöÇΓöÇΓöÇΓöÇΓöÇ
    test-results\responsive-admin-routes-x-viewports-admin-operations-ndr-chromium\test-failed-1.png
    ΓöÇΓöÇΓöÇΓöÇΓöÇΓöÇΓöÇΓöÇΓöÇΓöÇΓöÇΓöÇΓöÇΓöÇΓöÇΓöÇΓöÇΓöÇΓöÇΓöÇΓöÇΓöÇΓöÇΓöÇΓöÇΓöÇΓöÇΓöÇΓöÇΓöÇΓöÇΓöÇΓöÇΓöÇΓöÇΓöÇΓöÇΓöÇΓöÇΓöÇΓöÇΓöÇΓöÇΓöÇΓöÇΓöÇΓöÇΓöÇΓöÇΓöÇΓöÇΓöÇΓöÇΓöÇΓöÇΓöÇΓöÇΓöÇΓöÇΓöÇΓöÇΓöÇΓöÇΓöÇΓöÇΓöÇΓöÇΓöÇΓöÇΓöÇΓöÇΓöÇΓöÇΓöÇΓöÇΓöÇΓöÇΓöÇΓöÇΓöÇΓöÇΓöÇΓöÇΓöÇΓöÇΓöÇΓöÇΓöÇΓöÇΓöÇΓöÇΓöÇΓöÇΓöÇΓöÇΓöÇ

    Error Context: test-results\responsive-admin-routes-x-viewports-admin-operations-ndr-chromium\error-context.md

    attachment #9: trace (application/zip) ΓöÇΓöÇΓöÇΓöÇΓöÇΓöÇΓöÇΓöÇΓöÇΓöÇΓöÇΓöÇΓöÇΓöÇΓöÇΓöÇΓöÇΓöÇΓöÇΓöÇΓöÇΓöÇΓöÇΓöÇΓöÇΓöÇΓöÇΓöÇΓöÇΓöÇΓöÇΓöÇΓöÇΓöÇΓöÇΓöÇΓöÇΓöÇΓöÇΓöÇΓöÇΓöÇΓöÇΓöÇΓöÇΓöÇΓöÇΓöÇΓöÇΓöÇΓöÇΓöÇΓöÇΓöÇΓöÇΓöÇΓöÇ
    test-results\responsive-admin-routes-x-viewports-admin-operations-ndr-chromium\trace.zip
    Usage:

        npx playwright show-trace test-results\responsive-admin-routes-x-viewports-admin-operations-ndr-chromium\trace.zip

    ΓöÇΓöÇΓöÇΓöÇΓöÇΓöÇΓöÇΓöÇΓöÇΓöÇΓöÇΓöÇΓöÇΓöÇΓöÇΓöÇΓöÇΓöÇΓöÇΓöÇΓöÇΓöÇΓöÇΓöÇΓöÇΓöÇΓöÇΓöÇΓöÇΓöÇΓöÇΓöÇΓöÇΓöÇΓöÇΓöÇΓöÇΓöÇΓöÇΓöÇΓöÇΓöÇΓöÇΓöÇΓöÇΓöÇΓöÇΓöÇΓöÇΓöÇΓöÇΓöÇΓöÇΓöÇΓöÇΓöÇΓöÇΓöÇΓöÇΓöÇΓöÇΓöÇΓöÇΓöÇΓöÇΓöÇΓöÇΓöÇΓöÇΓöÇΓöÇΓöÇΓöÇΓöÇΓöÇΓöÇΓöÇΓöÇΓöÇΓöÇΓöÇΓöÇΓöÇΓöÇΓöÇΓöÇΓöÇΓöÇΓöÇΓöÇΓöÇΓöÇΓöÇΓöÇΓöÇΓöÇ

  102) [chromium] ΓÇ║ e2e\responsive.spec.mjs:19:5 ΓÇ║ admin routes x viewports ΓÇ║ /admin/operations/recordings 

    Error: /admin/operations/recordings
    @1600px:
      - navigation failed: page.goto: net::ERR_CONNECTION_REFUSED at http://localhost:3058/admin/operations/recordings
    @1200px:
      - navigation failed: page.goto: net::ERR_CONNECTION_REFUSED at http://localhost:3058/admin/operations/recordings
    @768px:
      - navigation failed: page.goto: net::ERR_CONNECTION_REFUSED at http://localhost:3058/admin/operations/recordings
    @480px:
      - navigation failed: page.goto: net::ERR_CONNECTION_REFUSED at http://localhost:3058/admin/operations/recordings
    @375px:
      - navigation failed: page.goto: net::ERR_CONNECTION_REFUSED at http://localhost:3058/admin/operations/recordings

    expect(received).toEqual(expected) // deep equality

    - Expected  -  1
    + Received  + 12

    - Array []
    + Array [
    +   "@1600px:
    +   - navigation failed: page.goto: net::ERR_CONNECTION_REFUSED at http://localhost:3058/admin/operations/recordings",
    +   "@1200px:
    +   - navigation failed: page.goto: net::ERR_CONNECTION_REFUSED at http://localhost:3058/admin/operations/recordings",
    +   "@768px:
    +   - navigation failed: page.goto: net::ERR_CONNECTION_REFUSED at http://localhost:3058/admin/operations/recordings",
    +   "@480px:
    +   - navigation failed: page.goto: net::ERR_CONNECTION_REFUSED at http://localhost:3058/admin/operations/recordings",
    +   "@375px:
    +   - navigation failed: page.goto: net::ERR_CONNECTION_REFUSED at http://localhost:3058/admin/operations/recordings",
    + ]

      12 |   await testInfo.attach("matrix", { body: JSON.stringify({ route, url, results }), contentType: "application/json" });
      13 |   const failed = results.filter((r) => r.issues.length).map((r) => `@${r.viewport}px:\n  - ${r.issues.join("\n  - ")}`);
    > 14 |   expect(failed, `${url}\n${failed.join("\n")}`).toEqual([]);
         |                                                  ^
      15 | }
      16 |
      17 | test.describe("admin routes x viewports", () => {
        at runMatrix (C:\Users\priyank\Desktop\Development\BharatAgrolink-admin\e2e\responsive.spec.mjs:14:50)
        at C:\Users\priyank\Desktop\Development\BharatAgrolink-admin\e2e\responsive.spec.mjs:20:7

    attachment #7: screenshot (image/png) ΓöÇΓöÇΓöÇΓöÇΓöÇΓöÇΓöÇΓöÇΓöÇΓöÇΓöÇΓöÇΓöÇΓöÇΓöÇΓöÇΓöÇΓöÇΓöÇΓöÇΓöÇΓöÇΓöÇΓöÇΓöÇΓöÇΓöÇΓöÇΓöÇΓöÇΓöÇΓöÇΓöÇΓöÇΓöÇΓöÇΓöÇΓöÇΓöÇΓöÇΓöÇΓöÇΓöÇΓöÇΓöÇΓöÇΓöÇΓöÇΓöÇΓöÇΓöÇΓöÇΓöÇΓöÇΓöÇΓöÇΓöÇΓöÇ
    test-results\responsive-admin-routes-x--fcff8-admin-operations-recordings-chromium\test-failed-1.png
    ΓöÇΓöÇΓöÇΓöÇΓöÇΓöÇΓöÇΓöÇΓöÇΓöÇΓöÇΓöÇΓöÇΓöÇΓöÇΓöÇΓöÇΓöÇΓöÇΓöÇΓöÇΓöÇΓöÇΓöÇΓöÇΓöÇΓöÇΓöÇΓöÇΓöÇΓöÇΓöÇΓöÇΓöÇΓöÇΓöÇΓöÇΓöÇΓöÇΓöÇΓöÇΓöÇΓöÇΓöÇΓöÇΓöÇΓöÇΓöÇΓöÇΓöÇΓöÇΓöÇΓöÇΓöÇΓöÇΓöÇΓöÇΓöÇΓöÇΓöÇΓöÇΓöÇΓöÇΓöÇΓöÇΓöÇΓöÇΓöÇΓöÇΓöÇΓöÇΓöÇΓöÇΓöÇΓöÇΓöÇΓöÇΓöÇΓöÇΓöÇΓöÇΓöÇΓöÇΓöÇΓöÇΓöÇΓöÇΓöÇΓöÇΓöÇΓöÇΓöÇΓöÇΓöÇΓöÇΓöÇ

    Error Context: test-results\responsive-admin-routes-x--fcff8-admin-operations-recordings-chromium\error-context.md

    attachment #9: trace (application/zip) ΓöÇΓöÇΓöÇΓöÇΓöÇΓöÇΓöÇΓöÇΓöÇΓöÇΓöÇΓöÇΓöÇΓöÇΓöÇΓöÇΓöÇΓöÇΓöÇΓöÇΓöÇΓöÇΓöÇΓöÇΓöÇΓöÇΓöÇΓöÇΓöÇΓöÇΓöÇΓöÇΓöÇΓöÇΓöÇΓöÇΓöÇΓöÇΓöÇΓöÇΓöÇΓöÇΓöÇΓöÇΓöÇΓöÇΓöÇΓöÇΓöÇΓöÇΓöÇΓöÇΓöÇΓöÇΓöÇΓöÇΓöÇ
    test-results\responsive-admin-routes-x--fcff8-admin-operations-recordings-chromium\trace.zip
    Usage:

        npx playwright show-trace test-results\responsive-admin-routes-x--fcff8-admin-operations-recordings-chromium\trace.zip

    ΓöÇΓöÇΓöÇΓöÇΓöÇΓöÇΓöÇΓöÇΓöÇΓöÇΓöÇΓöÇΓöÇΓöÇΓöÇΓöÇΓöÇΓöÇΓöÇΓöÇΓöÇΓöÇΓöÇΓöÇΓöÇΓöÇΓöÇΓöÇΓöÇΓöÇΓöÇΓöÇΓöÇΓöÇΓöÇΓöÇΓöÇΓöÇΓöÇΓöÇΓöÇΓöÇΓöÇΓöÇΓöÇΓöÇΓöÇΓöÇΓöÇΓöÇΓöÇΓöÇΓöÇΓöÇΓöÇΓöÇΓöÇΓöÇΓöÇΓöÇΓöÇΓöÇΓöÇΓöÇΓöÇΓöÇΓöÇΓöÇΓöÇΓöÇΓöÇΓöÇΓöÇΓöÇΓöÇΓöÇΓöÇΓöÇΓöÇΓöÇΓöÇΓöÇΓöÇΓöÇΓöÇΓöÇΓöÇΓöÇΓöÇΓöÇΓöÇΓöÇΓöÇΓöÇΓöÇΓöÇ

  103) [chromium] ΓÇ║ e2e\responsive.spec.mjs:19:5 ΓÇ║ admin routes x viewports ΓÇ║ /admin/operations/rules 

    Error: /admin/operations/rules
    @1600px:
      - navigation failed: page.goto: net::ERR_CONNECTION_REFUSED at http://localhost:3058/admin/operations/rules
    @1200px:
      - navigation failed: page.goto: net::ERR_CONNECTION_REFUSED at http://localhost:3058/admin/operations/rules
    @768px:
      - navigation failed: page.goto: net::ERR_CONNECTION_REFUSED at http://localhost:3058/admin/operations/rules
    @480px:
      - navigation failed: page.goto: net::ERR_CONNECTION_REFUSED at http://localhost:3058/admin/operations/rules
    @375px:
      - navigation failed: page.goto: net::ERR_CONNECTION_REFUSED at http://localhost:3058/admin/operations/rules

    expect(received).toEqual(expected) // deep equality

    - Expected  -  1
    + Received  + 12

    - Array []
    + Array [
    +   "@1600px:
    +   - navigation failed: page.goto: net::ERR_CONNECTION_REFUSED at http://localhost:3058/admin/operations/rules",
    +   "@1200px:
    +   - navigation failed: page.goto: net::ERR_CONNECTION_REFUSED at http://localhost:3058/admin/operations/rules",
    +   "@768px:
    +   - navigation failed: page.goto: net::ERR_CONNECTION_REFUSED at http://localhost:3058/admin/operations/rules",
    +   "@480px:
    +   - navigation failed: page.goto: net::ERR_CONNECTION_REFUSED at http://localhost:3058/admin/operations/rules",
    +   "@375px:
    +   - navigation failed: page.goto: net::ERR_CONNECTION_REFUSED at http://localhost:3058/admin/operations/rules",
    + ]

      12 |   await testInfo.attach("matrix", { body: JSON.stringify({ route, url, results }), contentType: "application/json" });
      13 |   const failed = results.filter((r) => r.issues.length).map((r) => `@${r.viewport}px:\n  - ${r.issues.join("\n  - ")}`);
    > 14 |   expect(failed, `${url}\n${failed.join("\n")}`).toEqual([]);
         |                                                  ^
      15 | }
      16 |
      17 | test.describe("admin routes x viewports", () => {
        at runMatrix (C:\Users\priyank\Desktop\Development\BharatAgrolink-admin\e2e\responsive.spec.mjs:14:50)
        at C:\Users\priyank\Desktop\Development\BharatAgrolink-admin\e2e\responsive.spec.mjs:20:7

    attachment #7: screenshot (image/png) ΓöÇΓöÇΓöÇΓöÇΓöÇΓöÇΓöÇΓöÇΓöÇΓöÇΓöÇΓöÇΓöÇΓöÇΓöÇΓöÇΓöÇΓöÇΓöÇΓöÇΓöÇΓöÇΓöÇΓöÇΓöÇΓöÇΓöÇΓöÇΓöÇΓöÇΓöÇΓöÇΓöÇΓöÇΓöÇΓöÇΓöÇΓöÇΓöÇΓöÇΓöÇΓöÇΓöÇΓöÇΓöÇΓöÇΓöÇΓöÇΓöÇΓöÇΓöÇΓöÇΓöÇΓöÇΓöÇΓöÇΓöÇΓöÇ
    test-results\responsive-admin-routes-x-viewports-admin-operations-rules-chromium\test-failed-1.png
    ΓöÇΓöÇΓöÇΓöÇΓöÇΓöÇΓöÇΓöÇΓöÇΓöÇΓöÇΓöÇΓöÇΓöÇΓöÇΓöÇΓöÇΓöÇΓöÇΓöÇΓöÇΓöÇΓöÇΓöÇΓöÇΓöÇΓöÇΓöÇΓöÇΓöÇΓöÇΓöÇΓöÇΓöÇΓöÇΓöÇΓöÇΓöÇΓöÇΓöÇΓöÇΓöÇΓöÇΓöÇΓöÇΓöÇΓöÇΓöÇΓöÇΓöÇΓöÇΓöÇΓöÇΓöÇΓöÇΓöÇΓöÇΓöÇΓöÇΓöÇΓöÇΓöÇΓöÇΓöÇΓöÇΓöÇΓöÇΓöÇΓöÇΓöÇΓöÇΓöÇΓöÇΓöÇΓöÇΓöÇΓöÇΓöÇΓöÇΓöÇΓöÇΓöÇΓöÇΓöÇΓöÇΓöÇΓöÇΓöÇΓöÇΓöÇΓöÇΓöÇΓöÇΓöÇΓöÇΓöÇ

    Error Context: test-results\responsive-admin-routes-x-viewports-admin-operations-rules-chromium\error-context.md

    attachment #9: trace (application/zip) ΓöÇΓöÇΓöÇΓöÇΓöÇΓöÇΓöÇΓöÇΓöÇΓöÇΓöÇΓöÇΓöÇΓöÇΓöÇΓöÇΓöÇΓöÇΓöÇΓöÇΓöÇΓöÇΓöÇΓöÇΓöÇΓöÇΓöÇΓöÇΓöÇΓöÇΓöÇΓöÇΓöÇΓöÇΓöÇΓöÇΓöÇΓöÇΓöÇΓöÇΓöÇΓöÇΓöÇΓöÇΓöÇΓöÇΓöÇΓöÇΓöÇΓöÇΓöÇΓöÇΓöÇΓöÇΓöÇΓöÇΓöÇ
    test-results\responsive-admin-routes-x-viewports-admin-operations-rules-chromium\trace.zip
    Usage:

        npx playwright show-trace test-results\responsive-admin-routes-x-viewports-admin-operations-rules-chromium\trace.zip

    ΓöÇΓöÇΓöÇΓöÇΓöÇΓöÇΓöÇΓöÇΓöÇΓöÇΓöÇΓöÇΓöÇΓöÇΓöÇΓöÇΓöÇΓöÇΓöÇΓöÇΓöÇΓöÇΓöÇΓöÇΓöÇΓöÇΓöÇΓöÇΓöÇΓöÇΓöÇΓöÇΓöÇΓöÇΓöÇΓöÇΓöÇΓöÇΓöÇΓöÇΓöÇΓöÇΓöÇΓöÇΓöÇΓöÇΓöÇΓöÇΓöÇΓöÇΓöÇΓöÇΓöÇΓöÇΓöÇΓöÇΓöÇΓöÇΓöÇΓöÇΓöÇΓöÇΓöÇΓöÇΓöÇΓöÇΓöÇΓöÇΓöÇΓöÇΓöÇΓöÇΓöÇΓöÇΓöÇΓöÇΓöÇΓöÇΓöÇΓöÇΓöÇΓöÇΓöÇΓöÇΓöÇΓöÇΓöÇΓöÇΓöÇΓöÇΓöÇΓöÇΓöÇΓöÇΓöÇΓöÇ

  104) [chromium] ΓÇ║ e2e\responsive.spec.mjs:19:5 ΓÇ║ admin routes x viewports ΓÇ║ /admin/operations/sla 

    Error: /admin/operations/sla
    @1600px:
      - navigation failed: page.goto: net::ERR_CONNECTION_REFUSED at http://localhost:3058/admin/operations/sla
    @1200px:
      - navigation failed: page.goto: net::ERR_CONNECTION_REFUSED at http://localhost:3058/admin/operations/sla
    @768px:
      - navigation failed: page.goto: net::ERR_CONNECTION_REFUSED at http://localhost:3058/admin/operations/sla
    @480px:
      - navigation failed: page.goto: net::ERR_CONNECTION_REFUSED at http://localhost:3058/admin/operations/sla
    @375px:
      - navigation failed: page.goto: net::ERR_CONNECTION_REFUSED at http://localhost:3058/admin/operations/sla

    expect(received).toEqual(expected) // deep equality

    - Expected  -  1
    + Received  + 12

    - Array []
    + Array [
    +   "@1600px:
    +   - navigation failed: page.goto: net::ERR_CONNECTION_REFUSED at http://localhost:3058/admin/operations/sla",
    +   "@1200px:
    +   - navigation failed: page.goto: net::ERR_CONNECTION_REFUSED at http://localhost:3058/admin/operations/sla",
    +   "@768px:
    +   - navigation failed: page.goto: net::ERR_CONNECTION_REFUSED at http://localhost:3058/admin/operations/sla",
    +   "@480px:
    +   - navigation failed: page.goto: net::ERR_CONNECTION_REFUSED at http://localhost:3058/admin/operations/sla",
    +   "@375px:
    +   - navigation failed: page.goto: net::ERR_CONNECTION_REFUSED at http://localhost:3058/admin/operations/sla",
    + ]

      12 |   await testInfo.attach("matrix", { body: JSON.stringify({ route, url, results }), contentType: "application/json" });
      13 |   const failed = results.filter((r) => r.issues.length).map((r) => `@${r.viewport}px:\n  - ${r.issues.join("\n  - ")}`);
    > 14 |   expect(failed, `${url}\n${failed.join("\n")}`).toEqual([]);
         |                                                  ^
      15 | }
      16 |
      17 | test.describe("admin routes x viewports", () => {
        at runMatrix (C:\Users\priyank\Desktop\Development\BharatAgrolink-admin\e2e\responsive.spec.mjs:14:50)
        at C:\Users\priyank\Desktop\Development\BharatAgrolink-admin\e2e\responsive.spec.mjs:20:7

    attachment #7: screenshot (image/png) ΓöÇΓöÇΓöÇΓöÇΓöÇΓöÇΓöÇΓöÇΓöÇΓöÇΓöÇΓöÇΓöÇΓöÇΓöÇΓöÇΓöÇΓöÇΓöÇΓöÇΓöÇΓöÇΓöÇΓöÇΓöÇΓöÇΓöÇΓöÇΓöÇΓöÇΓöÇΓöÇΓöÇΓöÇΓöÇΓöÇΓöÇΓöÇΓöÇΓöÇΓöÇΓöÇΓöÇΓöÇΓöÇΓöÇΓöÇΓöÇΓöÇΓöÇΓöÇΓöÇΓöÇΓöÇΓöÇΓöÇΓöÇΓöÇ
    test-results\responsive-admin-routes-x-viewports-admin-operations-sla-chromium\test-failed-1.png
    ΓöÇΓöÇΓöÇΓöÇΓöÇΓöÇΓöÇΓöÇΓöÇΓöÇΓöÇΓöÇΓöÇΓöÇΓöÇΓöÇΓöÇΓöÇΓöÇΓöÇΓöÇΓöÇΓöÇΓöÇΓöÇΓöÇΓöÇΓöÇΓöÇΓöÇΓöÇΓöÇΓöÇΓöÇΓöÇΓöÇΓöÇΓöÇΓöÇΓöÇΓöÇΓöÇΓöÇΓöÇΓöÇΓöÇΓöÇΓöÇΓöÇΓöÇΓöÇΓöÇΓöÇΓöÇΓöÇΓöÇΓöÇΓöÇΓöÇΓöÇΓöÇΓöÇΓöÇΓöÇΓöÇΓöÇΓöÇΓöÇΓöÇΓöÇΓöÇΓöÇΓöÇΓöÇΓöÇΓöÇΓöÇΓöÇΓöÇΓöÇΓöÇΓöÇΓöÇΓöÇΓöÇΓöÇΓöÇΓöÇΓöÇΓöÇΓöÇΓöÇΓöÇΓöÇΓöÇΓöÇ

    Error Context: test-results\responsive-admin-routes-x-viewports-admin-operations-sla-chromium\error-context.md

    attachment #9: trace (application/zip) ΓöÇΓöÇΓöÇΓöÇΓöÇΓöÇΓöÇΓöÇΓöÇΓöÇΓöÇΓöÇΓöÇΓöÇΓöÇΓöÇΓöÇΓöÇΓöÇΓöÇΓöÇΓöÇΓöÇΓöÇΓöÇΓöÇΓöÇΓöÇΓöÇΓöÇΓöÇΓöÇΓöÇΓöÇΓöÇΓöÇΓöÇΓöÇΓöÇΓöÇΓöÇΓöÇΓöÇΓöÇΓöÇΓöÇΓöÇΓöÇΓöÇΓöÇΓöÇΓöÇΓöÇΓöÇΓöÇΓöÇΓöÇ
    test-results\responsive-admin-routes-x-viewports-admin-operations-sla-chromium\trace.zip
    Usage:

        npx playwright show-trace test-results\responsive-admin-routes-x-viewports-admin-operations-sla-chromium\trace.zip

    ΓöÇΓöÇΓöÇΓöÇΓöÇΓöÇΓöÇΓöÇΓöÇΓöÇΓöÇΓöÇΓöÇΓöÇΓöÇΓöÇΓöÇΓöÇΓöÇΓöÇΓöÇΓöÇΓöÇΓöÇΓöÇΓöÇΓöÇΓöÇΓöÇΓöÇΓöÇΓöÇΓöÇΓöÇΓöÇΓöÇΓöÇΓöÇΓöÇΓöÇΓöÇΓöÇΓöÇΓöÇΓöÇΓöÇΓöÇΓöÇΓöÇΓöÇΓöÇΓöÇΓöÇΓöÇΓöÇΓöÇΓöÇΓöÇΓöÇΓöÇΓöÇΓöÇΓöÇΓöÇΓöÇΓöÇΓöÇΓöÇΓöÇΓöÇΓöÇΓöÇΓöÇΓöÇΓöÇΓöÇΓöÇΓöÇΓöÇΓöÇΓöÇΓöÇΓöÇΓöÇΓöÇΓöÇΓöÇΓöÇΓöÇΓöÇΓöÇΓöÇΓöÇΓöÇΓöÇΓöÇ

  105) [chromium] ΓÇ║ e2e\responsive.spec.mjs:19:5 ΓÇ║ admin routes x viewports ΓÇ║ /admin/operations/team 

    Error: /admin/operations/team
    @1600px:
      - navigation failed: page.goto: net::ERR_CONNECTION_REFUSED at http://localhost:3058/admin/operations/team
    @1200px:
      - navigation failed: page.goto: net::ERR_CONNECTION_REFUSED at http://localhost:3058/admin/operations/team
    @768px:
      - navigation failed: page.goto: net::ERR_CONNECTION_REFUSED at http://localhost:3058/admin/operations/team
    @480px:
      - navigation failed: page.goto: net::ERR_CONNECTION_REFUSED at http://localhost:3058/admin/operations/team
    @375px:
      - navigation failed: page.goto: net::ERR_CONNECTION_REFUSED at http://localhost:3058/admin/operations/team

    expect(received).toEqual(expected) // deep equality

    - Expected  -  1
    + Received  + 12

    - Array []
    + Array [
    +   "@1600px:
    +   - navigation failed: page.goto: net::ERR_CONNECTION_REFUSED at http://localhost:3058/admin/operations/team",
    +   "@1200px:
    +   - navigation failed: page.goto: net::ERR_CONNECTION_REFUSED at http://localhost:3058/admin/operations/team",
    +   "@768px:
    +   - navigation failed: page.goto: net::ERR_CONNECTION_REFUSED at http://localhost:3058/admin/operations/team",
    +   "@480px:
    +   - navigation failed: page.goto: net::ERR_CONNECTION_REFUSED at http://localhost:3058/admin/operations/team",
    +   "@375px:
    +   - navigation failed: page.goto: net::ERR_CONNECTION_REFUSED at http://localhost:3058/admin/operations/team",
    + ]

      12 |   await testInfo.attach("matrix", { body: JSON.stringify({ route, url, results }), contentType: "application/json" });
      13 |   const failed = results.filter((r) => r.issues.length).map((r) => `@${r.viewport}px:\n  - ${r.issues.join("\n  - ")}`);
    > 14 |   expect(failed, `${url}\n${failed.join("\n")}`).toEqual([]);
         |                                                  ^
      15 | }
      16 |
      17 | test.describe("admin routes x viewports", () => {
        at runMatrix (C:\Users\priyank\Desktop\Development\BharatAgrolink-admin\e2e\responsive.spec.mjs:14:50)
        at C:\Users\priyank\Desktop\Development\BharatAgrolink-admin\e2e\responsive.spec.mjs:20:7

    attachment #7: screenshot (image/png) ΓöÇΓöÇΓöÇΓöÇΓöÇΓöÇΓöÇΓöÇΓöÇΓöÇΓöÇΓöÇΓöÇΓöÇΓöÇΓöÇΓöÇΓöÇΓöÇΓöÇΓöÇΓöÇΓöÇΓöÇΓöÇΓöÇΓöÇΓöÇΓöÇΓöÇΓöÇΓöÇΓöÇΓöÇΓöÇΓöÇΓöÇΓöÇΓöÇΓöÇΓöÇΓöÇΓöÇΓöÇΓöÇΓöÇΓöÇΓöÇΓöÇΓöÇΓöÇΓöÇΓöÇΓöÇΓöÇΓöÇΓöÇΓöÇ
    test-results\responsive-admin-routes-x-viewports-admin-operations-team-chromium\test-failed-1.png
    ΓöÇΓöÇΓöÇΓöÇΓöÇΓöÇΓöÇΓöÇΓöÇΓöÇΓöÇΓöÇΓöÇΓöÇΓöÇΓöÇΓöÇΓöÇΓöÇΓöÇΓöÇΓöÇΓöÇΓöÇΓöÇΓöÇΓöÇΓöÇΓöÇΓöÇΓöÇΓöÇΓöÇΓöÇΓöÇΓöÇΓöÇΓöÇΓöÇΓöÇΓöÇΓöÇΓöÇΓöÇΓöÇΓöÇΓöÇΓöÇΓöÇΓöÇΓöÇΓöÇΓöÇΓöÇΓöÇΓöÇΓöÇΓöÇΓöÇΓöÇΓöÇΓöÇΓöÇΓöÇΓöÇΓöÇΓöÇΓöÇΓöÇΓöÇΓöÇΓöÇΓöÇΓöÇΓöÇΓöÇΓöÇΓöÇΓöÇΓöÇΓöÇΓöÇΓöÇΓöÇΓöÇΓöÇΓöÇΓöÇΓöÇΓöÇΓöÇΓöÇΓöÇΓöÇΓöÇΓöÇ

    Error Context: test-results\responsive-admin-routes-x-viewports-admin-operations-team-chromium\error-context.md

    attachment #9: trace (application/zip) ΓöÇΓöÇΓöÇΓöÇΓöÇΓöÇΓöÇΓöÇΓöÇΓöÇΓöÇΓöÇΓöÇΓöÇΓöÇΓöÇΓöÇΓöÇΓöÇΓöÇΓöÇΓöÇΓöÇΓöÇΓöÇΓöÇΓöÇΓöÇΓöÇΓöÇΓöÇΓöÇΓöÇΓöÇΓöÇΓöÇΓöÇΓöÇΓöÇΓöÇΓöÇΓöÇΓöÇΓöÇΓöÇΓöÇΓöÇΓöÇΓöÇΓöÇΓöÇΓöÇΓöÇΓöÇΓöÇΓöÇΓöÇ
    test-results\responsive-admin-routes-x-viewports-admin-operations-team-chromium\trace.zip
    Usage:

        npx playwright show-trace test-results\responsive-admin-routes-x-viewports-admin-operations-team-chromium\trace.zip

    ΓöÇΓöÇΓöÇΓöÇΓöÇΓöÇΓöÇΓöÇΓöÇΓöÇΓöÇΓöÇΓöÇΓöÇΓöÇΓöÇΓöÇΓöÇΓöÇΓöÇΓöÇΓöÇΓöÇΓöÇΓöÇΓöÇΓöÇΓöÇΓöÇΓöÇΓöÇΓöÇΓöÇΓöÇΓöÇΓöÇΓöÇΓöÇΓöÇΓöÇΓöÇΓöÇΓöÇΓöÇΓöÇΓöÇΓöÇΓöÇΓöÇΓöÇΓöÇΓöÇΓöÇΓöÇΓöÇΓöÇΓöÇΓöÇΓöÇΓöÇΓöÇΓöÇΓöÇΓöÇΓöÇΓöÇΓöÇΓöÇΓöÇΓöÇΓöÇΓöÇΓöÇΓöÇΓöÇΓöÇΓöÇΓöÇΓöÇΓöÇΓöÇΓöÇΓöÇΓöÇΓöÇΓöÇΓöÇΓöÇΓöÇΓöÇΓöÇΓöÇΓöÇΓöÇΓöÇΓöÇ

  106) [chromium] ΓÇ║ e2e\responsive.spec.mjs:19:5 ΓÇ║ admin routes x viewports ΓÇ║ /admin/operations/team/agents 

    Error: /admin/operations/team/agents
    @1600px:
      - navigation failed: page.goto: net::ERR_CONNECTION_REFUSED at http://localhost:3058/admin/operations/team/agents
    @1200px:
      - navigation failed: page.goto: net::ERR_CONNECTION_REFUSED at http://localhost:3058/admin/operations/team/agents
    @768px:
      - navigation failed: page.goto: net::ERR_CONNECTION_REFUSED at http://localhost:3058/admin/operations/team/agents
    @480px:
      - navigation failed: page.goto: net::ERR_CONNECTION_REFUSED at http://localhost:3058/admin/operations/team/agents
    @375px:
      - navigation failed: page.goto: net::ERR_CONNECTION_REFUSED at http://localhost:3058/admin/operations/team/agents

    expect(received).toEqual(expected) // deep equality

    - Expected  -  1
    + Received  + 12

    - Array []
    + Array [
    +   "@1600px:
    +   - navigation failed: page.goto: net::ERR_CONNECTION_REFUSED at http://localhost:3058/admin/operations/team/agents",
    +   "@1200px:
    +   - navigation failed: page.goto: net::ERR_CONNECTION_REFUSED at http://localhost:3058/admin/operations/team/agents",
    +   "@768px:
    +   - navigation failed: page.goto: net::ERR_CONNECTION_REFUSED at http://localhost:3058/admin/operations/team/agents",
    +   "@480px:
    +   - navigation failed: page.goto: net::ERR_CONNECTION_REFUSED at http://localhost:3058/admin/operations/team/agents",
    +   "@375px:
    +   - navigation failed: page.goto: net::ERR_CONNECTION_REFUSED at http://localhost:3058/admin/operations/team/agents",
    + ]

      12 |   await testInfo.attach("matrix", { body: JSON.stringify({ route, url, results }), contentType: "application/json" });
      13 |   const failed = results.filter((r) => r.issues.length).map((r) => `@${r.viewport}px:\n  - ${r.issues.join("\n  - ")}`);
    > 14 |   expect(failed, `${url}\n${failed.join("\n")}`).toEqual([]);
         |                                                  ^
      15 | }
      16 |
      17 | test.describe("admin routes x viewports", () => {
        at runMatrix (C:\Users\priyank\Desktop\Development\BharatAgrolink-admin\e2e\responsive.spec.mjs:14:50)
        at C:\Users\priyank\Desktop\Development\BharatAgrolink-admin\e2e\responsive.spec.mjs:20:7

    attachment #7: screenshot (image/png) ΓöÇΓöÇΓöÇΓöÇΓöÇΓöÇΓöÇΓöÇΓöÇΓöÇΓöÇΓöÇΓöÇΓöÇΓöÇΓöÇΓöÇΓöÇΓöÇΓöÇΓöÇΓöÇΓöÇΓöÇΓöÇΓöÇΓöÇΓöÇΓöÇΓöÇΓöÇΓöÇΓöÇΓöÇΓöÇΓöÇΓöÇΓöÇΓöÇΓöÇΓöÇΓöÇΓöÇΓöÇΓöÇΓöÇΓöÇΓöÇΓöÇΓöÇΓöÇΓöÇΓöÇΓöÇΓöÇΓöÇΓöÇΓöÇ
    test-results\responsive-admin-routes-x--54f53-dmin-operations-team-agents-chromium\test-failed-1.png
    ΓöÇΓöÇΓöÇΓöÇΓöÇΓöÇΓöÇΓöÇΓöÇΓöÇΓöÇΓöÇΓöÇΓöÇΓöÇΓöÇΓöÇΓöÇΓöÇΓöÇΓöÇΓöÇΓöÇΓöÇΓöÇΓöÇΓöÇΓöÇΓöÇΓöÇΓöÇΓöÇΓöÇΓöÇΓöÇΓöÇΓöÇΓöÇΓöÇΓöÇΓöÇΓöÇΓöÇΓöÇΓöÇΓöÇΓöÇΓöÇΓöÇΓöÇΓöÇΓöÇΓöÇΓöÇΓöÇΓöÇΓöÇΓöÇΓöÇΓöÇΓöÇΓöÇΓöÇΓöÇΓöÇΓöÇΓöÇΓöÇΓöÇΓöÇΓöÇΓöÇΓöÇΓöÇΓöÇΓöÇΓöÇΓöÇΓöÇΓöÇΓöÇΓöÇΓöÇΓöÇΓöÇΓöÇΓöÇΓöÇΓöÇΓöÇΓöÇΓöÇΓöÇΓöÇΓöÇΓöÇ

    Error Context: test-results\responsive-admin-routes-x--54f53-dmin-operations-team-agents-chromium\error-context.md

    attachment #9: trace (application/zip) ΓöÇΓöÇΓöÇΓöÇΓöÇΓöÇΓöÇΓöÇΓöÇΓöÇΓöÇΓöÇΓöÇΓöÇΓöÇΓöÇΓöÇΓöÇΓöÇΓöÇΓöÇΓöÇΓöÇΓöÇΓöÇΓöÇΓöÇΓöÇΓöÇΓöÇΓöÇΓöÇΓöÇΓöÇΓöÇΓöÇΓöÇΓöÇΓöÇΓöÇΓöÇΓöÇΓöÇΓöÇΓöÇΓöÇΓöÇΓöÇΓöÇΓöÇΓöÇΓöÇΓöÇΓöÇΓöÇΓöÇΓöÇ
    test-results\responsive-admin-routes-x--54f53-dmin-operations-team-agents-chromium\trace.zip
    Usage:

        npx playwright show-trace test-results\responsive-admin-routes-x--54f53-dmin-operations-team-agents-chromium\trace.zip

    ΓöÇΓöÇΓöÇΓöÇΓöÇΓöÇΓöÇΓöÇΓöÇΓöÇΓöÇΓöÇΓöÇΓöÇΓöÇΓöÇΓöÇΓöÇΓöÇΓöÇΓöÇΓöÇΓöÇΓöÇΓöÇΓöÇΓöÇΓöÇΓöÇΓöÇΓöÇΓöÇΓöÇΓöÇΓöÇΓöÇΓöÇΓöÇΓöÇΓöÇΓöÇΓöÇΓöÇΓöÇΓöÇΓöÇΓöÇΓöÇΓöÇΓöÇΓöÇΓöÇΓöÇΓöÇΓöÇΓöÇΓöÇΓöÇΓöÇΓöÇΓöÇΓöÇΓöÇΓöÇΓöÇΓöÇΓöÇΓöÇΓöÇΓöÇΓöÇΓöÇΓöÇΓöÇΓöÇΓöÇΓöÇΓöÇΓöÇΓöÇΓöÇΓöÇΓöÇΓöÇΓöÇΓöÇΓöÇΓöÇΓöÇΓöÇΓöÇΓöÇΓöÇΓöÇΓöÇΓöÇ

  107) [chromium] ΓÇ║ e2e\responsive.spec.mjs:19:5 ΓÇ║ admin routes x viewports ΓÇ║ /admin/operations/team/assignments 

    Error: /admin/operations/team/assignments
    @1600px:
      - navigation failed: page.goto: net::ERR_CONNECTION_REFUSED at http://localhost:3058/admin/operations/team/assignments
    @1200px:
      - navigation failed: page.goto: net::ERR_CONNECTION_REFUSED at http://localhost:3058/admin/operations/team/assignments
    @768px:
      - navigation failed: page.goto: net::ERR_CONNECTION_REFUSED at http://localhost:3058/admin/operations/team/assignments
    @480px:
      - navigation failed: page.goto: net::ERR_CONNECTION_REFUSED at http://localhost:3058/admin/operations/team/assignments
    @375px:
      - navigation failed: page.goto: net::ERR_CONNECTION_REFUSED at http://localhost:3058/admin/operations/team/assignments

    expect(received).toEqual(expected) // deep equality

    - Expected  -  1
    + Received  + 12

    - Array []
    + Array [
    +   "@1600px:
    +   - navigation failed: page.goto: net::ERR_CONNECTION_REFUSED at http://localhost:3058/admin/operations/team/assignments",
    +   "@1200px:
    +   - navigation failed: page.goto: net::ERR_CONNECTION_REFUSED at http://localhost:3058/admin/operations/team/assignments",
    +   "@768px:
    +   - navigation failed: page.goto: net::ERR_CONNECTION_REFUSED at http://localhost:3058/admin/operations/team/assignments",
    +   "@480px:
    +   - navigation failed: page.goto: net::ERR_CONNECTION_REFUSED at http://localhost:3058/admin/operations/team/assignments",
    +   "@375px:
    +   - navigation failed: page.goto: net::ERR_CONNECTION_REFUSED at http://localhost:3058/admin/operations/team/assignments",
    + ]

      12 |   await testInfo.attach("matrix", { body: JSON.stringify({ route, url, results }), contentType: "application/json" });
      13 |   const failed = results.filter((r) => r.issues.length).map((r) => `@${r.viewport}px:\n  - ${r.issues.join("\n  - ")}`);
    > 14 |   expect(failed, `${url}\n${failed.join("\n")}`).toEqual([]);
         |                                                  ^
      15 | }
      16 |
      17 | test.describe("admin routes x viewports", () => {
        at runMatrix (C:\Users\priyank\Desktop\Development\BharatAgrolink-admin\e2e\responsive.spec.mjs:14:50)
        at C:\Users\priyank\Desktop\Development\BharatAgrolink-admin\e2e\responsive.spec.mjs:20:7

    attachment #7: screenshot (image/png) ΓöÇΓöÇΓöÇΓöÇΓöÇΓöÇΓöÇΓöÇΓöÇΓöÇΓöÇΓöÇΓöÇΓöÇΓöÇΓöÇΓöÇΓöÇΓöÇΓöÇΓöÇΓöÇΓöÇΓöÇΓöÇΓöÇΓöÇΓöÇΓöÇΓöÇΓöÇΓöÇΓöÇΓöÇΓöÇΓöÇΓöÇΓöÇΓöÇΓöÇΓöÇΓöÇΓöÇΓöÇΓöÇΓöÇΓöÇΓöÇΓöÇΓöÇΓöÇΓöÇΓöÇΓöÇΓöÇΓöÇΓöÇΓöÇ
    test-results\responsive-admin-routes-x--02b84-operations-team-assignments-chromium\test-failed-1.png
    ΓöÇΓöÇΓöÇΓöÇΓöÇΓöÇΓöÇΓöÇΓöÇΓöÇΓöÇΓöÇΓöÇΓöÇΓöÇΓöÇΓöÇΓöÇΓöÇΓöÇΓöÇΓöÇΓöÇΓöÇΓöÇΓöÇΓöÇΓöÇΓöÇΓöÇΓöÇΓöÇΓöÇΓöÇΓöÇΓöÇΓöÇΓöÇΓöÇΓöÇΓöÇΓöÇΓöÇΓöÇΓöÇΓöÇΓöÇΓöÇΓöÇΓöÇΓöÇΓöÇΓöÇΓöÇΓöÇΓöÇΓöÇΓöÇΓöÇΓöÇΓöÇΓöÇΓöÇΓöÇΓöÇΓöÇΓöÇΓöÇΓöÇΓöÇΓöÇΓöÇΓöÇΓöÇΓöÇΓöÇΓöÇΓöÇΓöÇΓöÇΓöÇΓöÇΓöÇΓöÇΓöÇΓöÇΓöÇΓöÇΓöÇΓöÇΓöÇΓöÇΓöÇΓöÇΓöÇΓöÇ

    Error Context: test-results\responsive-admin-routes-x--02b84-operations-team-assignments-chromium\error-context.md

    attachment #9: trace (application/zip) ΓöÇΓöÇΓöÇΓöÇΓöÇΓöÇΓöÇΓöÇΓöÇΓöÇΓöÇΓöÇΓöÇΓöÇΓöÇΓöÇΓöÇΓöÇΓöÇΓöÇΓöÇΓöÇΓöÇΓöÇΓöÇΓöÇΓöÇΓöÇΓöÇΓöÇΓöÇΓöÇΓöÇΓöÇΓöÇΓöÇΓöÇΓöÇΓöÇΓöÇΓöÇΓöÇΓöÇΓöÇΓöÇΓöÇΓöÇΓöÇΓöÇΓöÇΓöÇΓöÇΓöÇΓöÇΓöÇΓöÇΓöÇ
    test-results\responsive-admin-routes-x--02b84-operations-team-assignments-chromium\trace.zip
    Usage:

        npx playwright show-trace test-results\responsive-admin-routes-x--02b84-operations-team-assignments-chromium\trace.zip

    ΓöÇΓöÇΓöÇΓöÇΓöÇΓöÇΓöÇΓöÇΓöÇΓöÇΓöÇΓöÇΓöÇΓöÇΓöÇΓöÇΓöÇΓöÇΓöÇΓöÇΓöÇΓöÇΓöÇΓöÇΓöÇΓöÇΓöÇΓöÇΓöÇΓöÇΓöÇΓöÇΓöÇΓöÇΓöÇΓöÇΓöÇΓöÇΓöÇΓöÇΓöÇΓöÇΓöÇΓöÇΓöÇΓöÇΓöÇΓöÇΓöÇΓöÇΓöÇΓöÇΓöÇΓöÇΓöÇΓöÇΓöÇΓöÇΓöÇΓöÇΓöÇΓöÇΓöÇΓöÇΓöÇΓöÇΓöÇΓöÇΓöÇΓöÇΓöÇΓöÇΓöÇΓöÇΓöÇΓöÇΓöÇΓöÇΓöÇΓöÇΓöÇΓöÇΓöÇΓöÇΓöÇΓöÇΓöÇΓöÇΓöÇΓöÇΓöÇΓöÇΓöÇΓöÇΓöÇΓöÇ

  108) [chromium] ΓÇ║ e2e\responsive.spec.mjs:19:5 ΓÇ║ admin routes x viewports ΓÇ║ /admin/operations/team/overall 

    Error: /admin/operations/team/overall
    @1600px:
      - navigation failed: page.goto: net::ERR_CONNECTION_REFUSED at http://localhost:3058/admin/operations/team/overall
    @1200px:
      - navigation failed: page.goto: net::ERR_CONNECTION_REFUSED at http://localhost:3058/admin/operations/team/overall
    @768px:
      - navigation failed: page.goto: net::ERR_CONNECTION_REFUSED at http://localhost:3058/admin/operations/team/overall
    @480px:
      - navigation failed: page.goto: net::ERR_CONNECTION_REFUSED at http://localhost:3058/admin/operations/team/overall
    @375px:
      - navigation failed: page.goto: net::ERR_CONNECTION_REFUSED at http://localhost:3058/admin/operations/team/overall

    expect(received).toEqual(expected) // deep equality

    - Expected  -  1
    + Received  + 12

    - Array []
    + Array [
    +   "@1600px:
    +   - navigation failed: page.goto: net::ERR_CONNECTION_REFUSED at http://localhost:3058/admin/operations/team/overall",
    +   "@1200px:
    +   - navigation failed: page.goto: net::ERR_CONNECTION_REFUSED at http://localhost:3058/admin/operations/team/overall",
    +   "@768px:
    +   - navigation failed: page.goto: net::ERR_CONNECTION_REFUSED at http://localhost:3058/admin/operations/team/overall",
    +   "@480px:
    +   - navigation failed: page.goto: net::ERR_CONNECTION_REFUSED at http://localhost:3058/admin/operations/team/overall",
    +   "@375px:
    +   - navigation failed: page.goto: net::ERR_CONNECTION_REFUSED at http://localhost:3058/admin/operations/team/overall",
    + ]

      12 |   await testInfo.attach("matrix", { body: JSON.stringify({ route, url, results }), contentType: "application/json" });
      13 |   const failed = results.filter((r) => r.issues.length).map((r) => `@${r.viewport}px:\n  - ${r.issues.join("\n  - ")}`);
    > 14 |   expect(failed, `${url}\n${failed.join("\n")}`).toEqual([]);
         |                                                  ^
      15 | }
      16 |
      17 | test.describe("admin routes x viewports", () => {
        at runMatrix (C:\Users\priyank\Desktop\Development\BharatAgrolink-admin\e2e\responsive.spec.mjs:14:50)
        at C:\Users\priyank\Desktop\Development\BharatAgrolink-admin\e2e\responsive.spec.mjs:20:7

    attachment #7: screenshot (image/png) ΓöÇΓöÇΓöÇΓöÇΓöÇΓöÇΓöÇΓöÇΓöÇΓöÇΓöÇΓöÇΓöÇΓöÇΓöÇΓöÇΓöÇΓöÇΓöÇΓöÇΓöÇΓöÇΓöÇΓöÇΓöÇΓöÇΓöÇΓöÇΓöÇΓöÇΓöÇΓöÇΓöÇΓöÇΓöÇΓöÇΓöÇΓöÇΓöÇΓöÇΓöÇΓöÇΓöÇΓöÇΓöÇΓöÇΓöÇΓöÇΓöÇΓöÇΓöÇΓöÇΓöÇΓöÇΓöÇΓöÇΓöÇΓöÇ
    test-results\responsive-admin-routes-x--a6cdb-min-operations-team-overall-chromium\test-failed-1.png
    ΓöÇΓöÇΓöÇΓöÇΓöÇΓöÇΓöÇΓöÇΓöÇΓöÇΓöÇΓöÇΓöÇΓöÇΓöÇΓöÇΓöÇΓöÇΓöÇΓöÇΓöÇΓöÇΓöÇΓöÇΓöÇΓöÇΓöÇΓöÇΓöÇΓöÇΓöÇΓöÇΓöÇΓöÇΓöÇΓöÇΓöÇΓöÇΓöÇΓöÇΓöÇΓöÇΓöÇΓöÇΓöÇΓöÇΓöÇΓöÇΓöÇΓöÇΓöÇΓöÇΓöÇΓöÇΓöÇΓöÇΓöÇΓöÇΓöÇΓöÇΓöÇΓöÇΓöÇΓöÇΓöÇΓöÇΓöÇΓöÇΓöÇΓöÇΓöÇΓöÇΓöÇΓöÇΓöÇΓöÇΓöÇΓöÇΓöÇΓöÇΓöÇΓöÇΓöÇΓöÇΓöÇΓöÇΓöÇΓöÇΓöÇΓöÇΓöÇΓöÇΓöÇΓöÇΓöÇΓöÇ

    Error Context: test-results\responsive-admin-routes-x--a6cdb-min-operations-team-overall-chromium\error-context.md

    attachment #9: trace (application/zip) ΓöÇΓöÇΓöÇΓöÇΓöÇΓöÇΓöÇΓöÇΓöÇΓöÇΓöÇΓöÇΓöÇΓöÇΓöÇΓöÇΓöÇΓöÇΓöÇΓöÇΓöÇΓöÇΓöÇΓöÇΓöÇΓöÇΓöÇΓöÇΓöÇΓöÇΓöÇΓöÇΓöÇΓöÇΓöÇΓöÇΓöÇΓöÇΓöÇΓöÇΓöÇΓöÇΓöÇΓöÇΓöÇΓöÇΓöÇΓöÇΓöÇΓöÇΓöÇΓöÇΓöÇΓöÇΓöÇΓöÇΓöÇ
    test-results\responsive-admin-routes-x--a6cdb-min-operations-team-overall-chromium\trace.zip
    Usage:

        npx playwright show-trace test-results\responsive-admin-routes-x--a6cdb-min-operations-team-overall-chromium\trace.zip

    ΓöÇΓöÇΓöÇΓöÇΓöÇΓöÇΓöÇΓöÇΓöÇΓöÇΓöÇΓöÇΓöÇΓöÇΓöÇΓöÇΓöÇΓöÇΓöÇΓöÇΓöÇΓöÇΓöÇΓöÇΓöÇΓöÇΓöÇΓöÇΓöÇΓöÇΓöÇΓöÇΓöÇΓöÇΓöÇΓöÇΓöÇΓöÇΓöÇΓöÇΓöÇΓöÇΓöÇΓöÇΓöÇΓöÇΓöÇΓöÇΓöÇΓöÇΓöÇΓöÇΓöÇΓöÇΓöÇΓöÇΓöÇΓöÇΓöÇΓöÇΓöÇΓöÇΓöÇΓöÇΓöÇΓöÇΓöÇΓöÇΓöÇΓöÇΓöÇΓöÇΓöÇΓöÇΓöÇΓöÇΓöÇΓöÇΓöÇΓöÇΓöÇΓöÇΓöÇΓöÇΓöÇΓöÇΓöÇΓöÇΓöÇΓöÇΓöÇΓöÇΓöÇΓöÇΓöÇΓöÇ

  109) [chromium] ΓÇ║ e2e\responsive.spec.mjs:19:5 ΓÇ║ admin routes x viewports ΓÇ║ /admin/operations/team/setup 

    Error: /admin/operations/team/setup
    @1600px:
      - navigation failed: page.goto: net::ERR_CONNECTION_REFUSED at http://localhost:3058/admin/operations/team/setup
    @1200px:
      - navigation failed: page.goto: net::ERR_CONNECTION_REFUSED at http://localhost:3058/admin/operations/team/setup
    @768px:
      - navigation failed: page.goto: net::ERR_CONNECTION_REFUSED at http://localhost:3058/admin/operations/team/setup
    @480px:
      - navigation failed: page.goto: net::ERR_CONNECTION_REFUSED at http://localhost:3058/admin/operations/team/setup
    @375px:
      - navigation failed: page.goto: net::ERR_CONNECTION_REFUSED at http://localhost:3058/admin/operations/team/setup

    expect(received).toEqual(expected) // deep equality

    - Expected  -  1
    + Received  + 12

    - Array []
    + Array [
    +   "@1600px:
    +   - navigation failed: page.goto: net::ERR_CONNECTION_REFUSED at http://localhost:3058/admin/operations/team/setup",
    +   "@1200px:
    +   - navigation failed: page.goto: net::ERR_CONNECTION_REFUSED at http://localhost:3058/admin/operations/team/setup",
    +   "@768px:
    +   - navigation failed: page.goto: net::ERR_CONNECTION_REFUSED at http://localhost:3058/admin/operations/team/setup",
    +   "@480px:
    +   - navigation failed: page.goto: net::ERR_CONNECTION_REFUSED at http://localhost:3058/admin/operations/team/setup",
    +   "@375px:
    +   - navigation failed: page.goto: net::ERR_CONNECTION_REFUSED at http://localhost:3058/admin/operations/team/setup",
    + ]

      12 |   await testInfo.attach("matrix", { body: JSON.stringify({ route, url, results }), contentType: "application/json" });
      13 |   const failed = results.filter((r) => r.issues.length).map((r) => `@${r.viewport}px:\n  - ${r.issues.join("\n  - ")}`);
    > 14 |   expect(failed, `${url}\n${failed.join("\n")}`).toEqual([]);
         |                                                  ^
      15 | }
      16 |
      17 | test.describe("admin routes x viewports", () => {
        at runMatrix (C:\Users\priyank\Desktop\Development\BharatAgrolink-admin\e2e\responsive.spec.mjs:14:50)
        at C:\Users\priyank\Desktop\Development\BharatAgrolink-admin\e2e\responsive.spec.mjs:20:7

    attachment #7: screenshot (image/png) ΓöÇΓöÇΓöÇΓöÇΓöÇΓöÇΓöÇΓöÇΓöÇΓöÇΓöÇΓöÇΓöÇΓöÇΓöÇΓöÇΓöÇΓöÇΓöÇΓöÇΓöÇΓöÇΓöÇΓöÇΓöÇΓöÇΓöÇΓöÇΓöÇΓöÇΓöÇΓöÇΓöÇΓöÇΓöÇΓöÇΓöÇΓöÇΓöÇΓöÇΓöÇΓöÇΓöÇΓöÇΓöÇΓöÇΓöÇΓöÇΓöÇΓöÇΓöÇΓöÇΓöÇΓöÇΓöÇΓöÇΓöÇΓöÇ
    test-results\responsive-admin-routes-x--e3911-admin-operations-team-setup-chromium\test-failed-1.png
    ΓöÇΓöÇΓöÇΓöÇΓöÇΓöÇΓöÇΓöÇΓöÇΓöÇΓöÇΓöÇΓöÇΓöÇΓöÇΓöÇΓöÇΓöÇΓöÇΓöÇΓöÇΓöÇΓöÇΓöÇΓöÇΓöÇΓöÇΓöÇΓöÇΓöÇΓöÇΓöÇΓöÇΓöÇΓöÇΓöÇΓöÇΓöÇΓöÇΓöÇΓöÇΓöÇΓöÇΓöÇΓöÇΓöÇΓöÇΓöÇΓöÇΓöÇΓöÇΓöÇΓöÇΓöÇΓöÇΓöÇΓöÇΓöÇΓöÇΓöÇΓöÇΓöÇΓöÇΓöÇΓöÇΓöÇΓöÇΓöÇΓöÇΓöÇΓöÇΓöÇΓöÇΓöÇΓöÇΓöÇΓöÇΓöÇΓöÇΓöÇΓöÇΓöÇΓöÇΓöÇΓöÇΓöÇΓöÇΓöÇΓöÇΓöÇΓöÇΓöÇΓöÇΓöÇΓöÇΓöÇ

    Error Context: test-results\responsive-admin-routes-x--e3911-admin-operations-team-setup-chromium\error-context.md

    attachment #9: trace (application/zip) ΓöÇΓöÇΓöÇΓöÇΓöÇΓöÇΓöÇΓöÇΓöÇΓöÇΓöÇΓöÇΓöÇΓöÇΓöÇΓöÇΓöÇΓöÇΓöÇΓöÇΓöÇΓöÇΓöÇΓöÇΓöÇΓöÇΓöÇΓöÇΓöÇΓöÇΓöÇΓöÇΓöÇΓöÇΓöÇΓöÇΓöÇΓöÇΓöÇΓöÇΓöÇΓöÇΓöÇΓöÇΓöÇΓöÇΓöÇΓöÇΓöÇΓöÇΓöÇΓöÇΓöÇΓöÇΓöÇΓöÇΓöÇ
    test-results\responsive-admin-routes-x--e3911-admin-operations-team-setup-chromium\trace.zip
    Usage:

        npx playwright show-trace test-results\responsive-admin-routes-x--e3911-admin-operations-team-setup-chromium\trace.zip

    ΓöÇΓöÇΓöÇΓöÇΓöÇΓöÇΓöÇΓöÇΓöÇΓöÇΓöÇΓöÇΓöÇΓöÇΓöÇΓöÇΓöÇΓöÇΓöÇΓöÇΓöÇΓöÇΓöÇΓöÇΓöÇΓöÇΓöÇΓöÇΓöÇΓöÇΓöÇΓöÇΓöÇΓöÇΓöÇΓöÇΓöÇΓöÇΓöÇΓöÇΓöÇΓöÇΓöÇΓöÇΓöÇΓöÇΓöÇΓöÇΓöÇΓöÇΓöÇΓöÇΓöÇΓöÇΓöÇΓöÇΓöÇΓöÇΓöÇΓöÇΓöÇΓöÇΓöÇΓöÇΓöÇΓöÇΓöÇΓöÇΓöÇΓöÇΓöÇΓöÇΓöÇΓöÇΓöÇΓöÇΓöÇΓöÇΓöÇΓöÇΓöÇΓöÇΓöÇΓöÇΓöÇΓöÇΓöÇΓöÇΓöÇΓöÇΓöÇΓöÇΓöÇΓöÇΓöÇΓöÇ

  110) [chromium] ΓÇ║ e2e\responsive.spec.mjs:19:5 ΓÇ║ admin routes x viewports ΓÇ║ /admin/orders ΓöÇΓöÇΓöÇΓöÇΓöÇΓöÇΓöÇΓöÇ

    Error: /admin/orders
    @1600px:
      - navigation failed: page.goto: net::ERR_CONNECTION_REFUSED at http://localhost:3058/admin/orders
    @1200px:
      - navigation failed: page.goto: net::ERR_CONNECTION_REFUSED at http://localhost:3058/admin/orders
    @768px:
      - navigation failed: page.goto: net::ERR_CONNECTION_REFUSED at http://localhost:3058/admin/orders
    @480px:
      - navigation failed: page.goto: net::ERR_CONNECTION_REFUSED at http://localhost:3058/admin/orders
    @375px:
      - navigation failed: page.goto: net::ERR_CONNECTION_REFUSED at http://localhost:3058/admin/orders

    expect(received).toEqual(expected) // deep equality

    - Expected  -  1
    + Received  + 12

    - Array []
    + Array [
    +   "@1600px:
    +   - navigation failed: page.goto: net::ERR_CONNECTION_REFUSED at http://localhost:3058/admin/orders",
    +   "@1200px:
    +   - navigation failed: page.goto: net::ERR_CONNECTION_REFUSED at http://localhost:3058/admin/orders",
    +   "@768px:
    +   - navigation failed: page.goto: net::ERR_CONNECTION_REFUSED at http://localhost:3058/admin/orders",
    +   "@480px:
    +   - navigation failed: page.goto: net::ERR_CONNECTION_REFUSED at http://localhost:3058/admin/orders",
    +   "@375px:
    +   - navigation failed: page.goto: net::ERR_CONNECTION_REFUSED at http://localhost:3058/admin/orders",
    + ]

      12 |   await testInfo.attach("matrix", { body: JSON.stringify({ route, url, results }), contentType: "application/json" });
      13 |   const failed = results.filter((r) => r.issues.length).map((r) => `@${r.viewport}px:\n  - ${r.issues.join("\n  - ")}`);
    > 14 |   expect(failed, `${url}\n${failed.join("\n")}`).toEqual([]);
         |                                                  ^
      15 | }
      16 |
      17 | test.describe("admin routes x viewports", () => {
        at runMatrix (C:\Users\priyank\Desktop\Development\BharatAgrolink-admin\e2e\responsive.spec.mjs:14:50)
        at C:\Users\priyank\Desktop\Development\BharatAgrolink-admin\e2e\responsive.spec.mjs:20:7

    attachment #7: screenshot (image/png) ΓöÇΓöÇΓöÇΓöÇΓöÇΓöÇΓöÇΓöÇΓöÇΓöÇΓöÇΓöÇΓöÇΓöÇΓöÇΓöÇΓöÇΓöÇΓöÇΓöÇΓöÇΓöÇΓöÇΓöÇΓöÇΓöÇΓöÇΓöÇΓöÇΓöÇΓöÇΓöÇΓöÇΓöÇΓöÇΓöÇΓöÇΓöÇΓöÇΓöÇΓöÇΓöÇΓöÇΓöÇΓöÇΓöÇΓöÇΓöÇΓöÇΓöÇΓöÇΓöÇΓöÇΓöÇΓöÇΓöÇΓöÇΓöÇ
    test-results\responsive-admin-routes-x-viewports-admin-orders-chromium\test-failed-1.png
    ΓöÇΓöÇΓöÇΓöÇΓöÇΓöÇΓöÇΓöÇΓöÇΓöÇΓöÇΓöÇΓöÇΓöÇΓöÇΓöÇΓöÇΓöÇΓöÇΓöÇΓöÇΓöÇΓöÇΓöÇΓöÇΓöÇΓöÇΓöÇΓöÇΓöÇΓöÇΓöÇΓöÇΓöÇΓöÇΓöÇΓöÇΓöÇΓöÇΓöÇΓöÇΓöÇΓöÇΓöÇΓöÇΓöÇΓöÇΓöÇΓöÇΓöÇΓöÇΓöÇΓöÇΓöÇΓöÇΓöÇΓöÇΓöÇΓöÇΓöÇΓöÇΓöÇΓöÇΓöÇΓöÇΓöÇΓöÇΓöÇΓöÇΓöÇΓöÇΓöÇΓöÇΓöÇΓöÇΓöÇΓöÇΓöÇΓöÇΓöÇΓöÇΓöÇΓöÇΓöÇΓöÇΓöÇΓöÇΓöÇΓöÇΓöÇΓöÇΓöÇΓöÇΓöÇΓöÇΓöÇ

    Error Context: test-results\responsive-admin-routes-x-viewports-admin-orders-chromium\error-context.md

    attachment #9: trace (application/zip) ΓöÇΓöÇΓöÇΓöÇΓöÇΓöÇΓöÇΓöÇΓöÇΓöÇΓöÇΓöÇΓöÇΓöÇΓöÇΓöÇΓöÇΓöÇΓöÇΓöÇΓöÇΓöÇΓöÇΓöÇΓöÇΓöÇΓöÇΓöÇΓöÇΓöÇΓöÇΓöÇΓöÇΓöÇΓöÇΓöÇΓöÇΓöÇΓöÇΓöÇΓöÇΓöÇΓöÇΓöÇΓöÇΓöÇΓöÇΓöÇΓöÇΓöÇΓöÇΓöÇΓöÇΓöÇΓöÇΓöÇΓöÇ
    test-results\responsive-admin-routes-x-viewports-admin-orders-chromium\trace.zip
    Usage:

        npx playwright show-trace test-results\responsive-admin-routes-x-viewports-admin-orders-chromium\trace.zip

    ΓöÇΓöÇΓöÇΓöÇΓöÇΓöÇΓöÇΓöÇΓöÇΓöÇΓöÇΓöÇΓöÇΓöÇΓöÇΓöÇΓöÇΓöÇΓöÇΓöÇΓöÇΓöÇΓöÇΓöÇΓöÇΓöÇΓöÇΓöÇΓöÇΓöÇΓöÇΓöÇΓöÇΓöÇΓöÇΓöÇΓöÇΓöÇΓöÇΓöÇΓöÇΓöÇΓöÇΓöÇΓöÇΓöÇΓöÇΓöÇΓöÇΓöÇΓöÇΓöÇΓöÇΓöÇΓöÇΓöÇΓöÇΓöÇΓöÇΓöÇΓöÇΓöÇΓöÇΓöÇΓöÇΓöÇΓöÇΓöÇΓöÇΓöÇΓöÇΓöÇΓöÇΓöÇΓöÇΓöÇΓöÇΓöÇΓöÇΓöÇΓöÇΓöÇΓöÇΓöÇΓöÇΓöÇΓöÇΓöÇΓöÇΓöÇΓöÇΓöÇΓöÇΓöÇΓöÇΓöÇ

  111) [chromium] ΓÇ║ e2e\responsive.spec.mjs:19:5 ΓÇ║ admin routes x viewports ΓÇ║ /admin/orders/delivered 

    Error: /admin/orders/delivered
    @1600px:
      - navigation failed: page.goto: net::ERR_CONNECTION_REFUSED at http://localhost:3058/admin/orders/delivered
    @1200px:
      - navigation failed: page.goto: net::ERR_CONNECTION_REFUSED at http://localhost:3058/admin/orders/delivered
    @768px:
      - navigation failed: page.goto: net::ERR_CONNECTION_REFUSED at http://localhost:3058/admin/orders/delivered
    @480px:
      - navigation failed: page.goto: net::ERR_CONNECTION_REFUSED at http://localhost:3058/admin/orders/delivered
    @375px:
      - navigation failed: page.goto: net::ERR_CONNECTION_REFUSED at http://localhost:3058/admin/orders/delivered

    expect(received).toEqual(expected) // deep equality

    - Expected  -  1
    + Received  + 12

    - Array []
    + Array [
    +   "@1600px:
    +   - navigation failed: page.goto: net::ERR_CONNECTION_REFUSED at http://localhost:3058/admin/orders/delivered",
    +   "@1200px:
    +   - navigation failed: page.goto: net::ERR_CONNECTION_REFUSED at http://localhost:3058/admin/orders/delivered",
    +   "@768px:
    +   - navigation failed: page.goto: net::ERR_CONNECTION_REFUSED at http://localhost:3058/admin/orders/delivered",
    +   "@480px:
    +   - navigation failed: page.goto: net::ERR_CONNECTION_REFUSED at http://localhost:3058/admin/orders/delivered",
    +   "@375px:
    +   - navigation failed: page.goto: net::ERR_CONNECTION_REFUSED at http://localhost:3058/admin/orders/delivered",
    + ]

      12 |   await testInfo.attach("matrix", { body: JSON.stringify({ route, url, results }), contentType: "application/json" });
      13 |   const failed = results.filter((r) => r.issues.length).map((r) => `@${r.viewport}px:\n  - ${r.issues.join("\n  - ")}`);
    > 14 |   expect(failed, `${url}\n${failed.join("\n")}`).toEqual([]);
         |                                                  ^
      15 | }
      16 |
      17 | test.describe("admin routes x viewports", () => {
        at runMatrix (C:\Users\priyank\Desktop\Development\BharatAgrolink-admin\e2e\responsive.spec.mjs:14:50)
        at C:\Users\priyank\Desktop\Development\BharatAgrolink-admin\e2e\responsive.spec.mjs:20:7

    attachment #7: screenshot (image/png) ΓöÇΓöÇΓöÇΓöÇΓöÇΓöÇΓöÇΓöÇΓöÇΓöÇΓöÇΓöÇΓöÇΓöÇΓöÇΓöÇΓöÇΓöÇΓöÇΓöÇΓöÇΓöÇΓöÇΓöÇΓöÇΓöÇΓöÇΓöÇΓöÇΓöÇΓöÇΓöÇΓöÇΓöÇΓöÇΓöÇΓöÇΓöÇΓöÇΓöÇΓöÇΓöÇΓöÇΓöÇΓöÇΓöÇΓöÇΓöÇΓöÇΓöÇΓöÇΓöÇΓöÇΓöÇΓöÇΓöÇΓöÇΓöÇ
    test-results\responsive-admin-routes-x-viewports-admin-orders-delivered-chromium\test-failed-1.png
    ΓöÇΓöÇΓöÇΓöÇΓöÇΓöÇΓöÇΓöÇΓöÇΓöÇΓöÇΓöÇΓöÇΓöÇΓöÇΓöÇΓöÇΓöÇΓöÇΓöÇΓöÇΓöÇΓöÇΓöÇΓöÇΓöÇΓöÇΓöÇΓöÇΓöÇΓöÇΓöÇΓöÇΓöÇΓöÇΓöÇΓöÇΓöÇΓöÇΓöÇΓöÇΓöÇΓöÇΓöÇΓöÇΓöÇΓöÇΓöÇΓöÇΓöÇΓöÇΓöÇΓöÇΓöÇΓöÇΓöÇΓöÇΓöÇΓöÇΓöÇΓöÇΓöÇΓöÇΓöÇΓöÇΓöÇΓöÇΓöÇΓöÇΓöÇΓöÇΓöÇΓöÇΓöÇΓöÇΓöÇΓöÇΓöÇΓöÇΓöÇΓöÇΓöÇΓöÇΓöÇΓöÇΓöÇΓöÇΓöÇΓöÇΓöÇΓöÇΓöÇΓöÇΓöÇΓöÇΓöÇ

    Error Context: test-results\responsive-admin-routes-x-viewports-admin-orders-delivered-chromium\error-context.md

    attachment #9: trace (application/zip) ΓöÇΓöÇΓöÇΓöÇΓöÇΓöÇΓöÇΓöÇΓöÇΓöÇΓöÇΓöÇΓöÇΓöÇΓöÇΓöÇΓöÇΓöÇΓöÇΓöÇΓöÇΓöÇΓöÇΓöÇΓöÇΓöÇΓöÇΓöÇΓöÇΓöÇΓöÇΓöÇΓöÇΓöÇΓöÇΓöÇΓöÇΓöÇΓöÇΓöÇΓöÇΓöÇΓöÇΓöÇΓöÇΓöÇΓöÇΓöÇΓöÇΓöÇΓöÇΓöÇΓöÇΓöÇΓöÇΓöÇΓöÇ
    test-results\responsive-admin-routes-x-viewports-admin-orders-delivered-chromium\trace.zip
    Usage:

        npx playwright show-trace test-results\responsive-admin-routes-x-viewports-admin-orders-delivered-chromium\trace.zip

    ΓöÇΓöÇΓöÇΓöÇΓöÇΓöÇΓöÇΓöÇΓöÇΓöÇΓöÇΓöÇΓöÇΓöÇΓöÇΓöÇΓöÇΓöÇΓöÇΓöÇΓöÇΓöÇΓöÇΓöÇΓöÇΓöÇΓöÇΓöÇΓöÇΓöÇΓöÇΓöÇΓöÇΓöÇΓöÇΓöÇΓöÇΓöÇΓöÇΓöÇΓöÇΓöÇΓöÇΓöÇΓöÇΓöÇΓöÇΓöÇΓöÇΓöÇΓöÇΓöÇΓöÇΓöÇΓöÇΓöÇΓöÇΓöÇΓöÇΓöÇΓöÇΓöÇΓöÇΓöÇΓöÇΓöÇΓöÇΓöÇΓöÇΓöÇΓöÇΓöÇΓöÇΓöÇΓöÇΓöÇΓöÇΓöÇΓöÇΓöÇΓöÇΓöÇΓöÇΓöÇΓöÇΓöÇΓöÇΓöÇΓöÇΓöÇΓöÇΓöÇΓöÇΓöÇΓöÇΓöÇ

  112) [chromium] ΓÇ║ e2e\responsive.spec.mjs:19:5 ΓÇ║ admin routes x viewports ΓÇ║ /admin/orders/insights 

    Error: /admin/orders/insights
    @1600px:
      - navigation failed: page.goto: net::ERR_CONNECTION_REFUSED at http://localhost:3058/admin/orders/insights
    @1200px:
      - navigation failed: page.goto: net::ERR_CONNECTION_REFUSED at http://localhost:3058/admin/orders/insights
    @768px:
      - navigation failed: page.goto: net::ERR_CONNECTION_REFUSED at http://localhost:3058/admin/orders/insights
    @480px:
      - navigation failed: page.goto: net::ERR_CONNECTION_REFUSED at http://localhost:3058/admin/orders/insights
    @375px:
      - navigation failed: page.goto: net::ERR_CONNECTION_REFUSED at http://localhost:3058/admin/orders/insights

    expect(received).toEqual(expected) // deep equality

    - Expected  -  1
    + Received  + 12

    - Array []
    + Array [
    +   "@1600px:
    +   - navigation failed: page.goto: net::ERR_CONNECTION_REFUSED at http://localhost:3058/admin/orders/insights",
    +   "@1200px:
    +   - navigation failed: page.goto: net::ERR_CONNECTION_REFUSED at http://localhost:3058/admin/orders/insights",
    +   "@768px:
    +   - navigation failed: page.goto: net::ERR_CONNECTION_REFUSED at http://localhost:3058/admin/orders/insights",
    +   "@480px:
    +   - navigation failed: page.goto: net::ERR_CONNECTION_REFUSED at http://localhost:3058/admin/orders/insights",
    +   "@375px:
    +   - navigation failed: page.goto: net::ERR_CONNECTION_REFUSED at http://localhost:3058/admin/orders/insights",
    + ]

      12 |   await testInfo.attach("matrix", { body: JSON.stringify({ route, url, results }), contentType: "application/json" });
      13 |   const failed = results.filter((r) => r.issues.length).map((r) => `@${r.viewport}px:\n  - ${r.issues.join("\n  - ")}`);
    > 14 |   expect(failed, `${url}\n${failed.join("\n")}`).toEqual([]);
         |                                                  ^
      15 | }
      16 |
      17 | test.describe("admin routes x viewports", () => {
        at runMatrix (C:\Users\priyank\Desktop\Development\BharatAgrolink-admin\e2e\responsive.spec.mjs:14:50)
        at C:\Users\priyank\Desktop\Development\BharatAgrolink-admin\e2e\responsive.spec.mjs:20:7

    attachment #7: screenshot (image/png) ΓöÇΓöÇΓöÇΓöÇΓöÇΓöÇΓöÇΓöÇΓöÇΓöÇΓöÇΓöÇΓöÇΓöÇΓöÇΓöÇΓöÇΓöÇΓöÇΓöÇΓöÇΓöÇΓöÇΓöÇΓöÇΓöÇΓöÇΓöÇΓöÇΓöÇΓöÇΓöÇΓöÇΓöÇΓöÇΓöÇΓöÇΓöÇΓöÇΓöÇΓöÇΓöÇΓöÇΓöÇΓöÇΓöÇΓöÇΓöÇΓöÇΓöÇΓöÇΓöÇΓöÇΓöÇΓöÇΓöÇΓöÇΓöÇ
    test-results\responsive-admin-routes-x-viewports-admin-orders-insights-chromium\test-failed-1.png
    ΓöÇΓöÇΓöÇΓöÇΓöÇΓöÇΓöÇΓöÇΓöÇΓöÇΓöÇΓöÇΓöÇΓöÇΓöÇΓöÇΓöÇΓöÇΓöÇΓöÇΓöÇΓöÇΓöÇΓöÇΓöÇΓöÇΓöÇΓöÇΓöÇΓöÇΓöÇΓöÇΓöÇΓöÇΓöÇΓöÇΓöÇΓöÇΓöÇΓöÇΓöÇΓöÇΓöÇΓöÇΓöÇΓöÇΓöÇΓöÇΓöÇΓöÇΓöÇΓöÇΓöÇΓöÇΓöÇΓöÇΓöÇΓöÇΓöÇΓöÇΓöÇΓöÇΓöÇΓöÇΓöÇΓöÇΓöÇΓöÇΓöÇΓöÇΓöÇΓöÇΓöÇΓöÇΓöÇΓöÇΓöÇΓöÇΓöÇΓöÇΓöÇΓöÇΓöÇΓöÇΓöÇΓöÇΓöÇΓöÇΓöÇΓöÇΓöÇΓöÇΓöÇΓöÇΓöÇΓöÇ

    Error Context: test-results\responsive-admin-routes-x-viewports-admin-orders-insights-chromium\error-context.md

    attachment #9: trace (application/zip) ΓöÇΓöÇΓöÇΓöÇΓöÇΓöÇΓöÇΓöÇΓöÇΓöÇΓöÇΓöÇΓöÇΓöÇΓöÇΓöÇΓöÇΓöÇΓöÇΓöÇΓöÇΓöÇΓöÇΓöÇΓöÇΓöÇΓöÇΓöÇΓöÇΓöÇΓöÇΓöÇΓöÇΓöÇΓöÇΓöÇΓöÇΓöÇΓöÇΓöÇΓöÇΓöÇΓöÇΓöÇΓöÇΓöÇΓöÇΓöÇΓöÇΓöÇΓöÇΓöÇΓöÇΓöÇΓöÇΓöÇΓöÇ
    test-results\responsive-admin-routes-x-viewports-admin-orders-insights-chromium\trace.zip
    Usage:

        npx playwright show-trace test-results\responsive-admin-routes-x-viewports-admin-orders-insights-chromium\trace.zip

    ΓöÇΓöÇΓöÇΓöÇΓöÇΓöÇΓöÇΓöÇΓöÇΓöÇΓöÇΓöÇΓöÇΓöÇΓöÇΓöÇΓöÇΓöÇΓöÇΓöÇΓöÇΓöÇΓöÇΓöÇΓöÇΓöÇΓöÇΓöÇΓöÇΓöÇΓöÇΓöÇΓöÇΓöÇΓöÇΓöÇΓöÇΓöÇΓöÇΓöÇΓöÇΓöÇΓöÇΓöÇΓöÇΓöÇΓöÇΓöÇΓöÇΓöÇΓöÇΓöÇΓöÇΓöÇΓöÇΓöÇΓöÇΓöÇΓöÇΓöÇΓöÇΓöÇΓöÇΓöÇΓöÇΓöÇΓöÇΓöÇΓöÇΓöÇΓöÇΓöÇΓöÇΓöÇΓöÇΓöÇΓöÇΓöÇΓöÇΓöÇΓöÇΓöÇΓöÇΓöÇΓöÇΓöÇΓöÇΓöÇΓöÇΓöÇΓöÇΓöÇΓöÇΓöÇΓöÇΓöÇ

  113) [chromium] ΓÇ║ e2e\responsive.spec.mjs:19:5 ΓÇ║ admin routes x viewports ΓÇ║ /admin/orders/invoices 

    Error: /admin/orders/invoices
    @1600px:
      - navigation failed: page.goto: net::ERR_CONNECTION_REFUSED at http://localhost:3058/admin/orders/invoices
    @1200px:
      - navigation failed: page.goto: net::ERR_CONNECTION_REFUSED at http://localhost:3058/admin/orders/invoices
    @768px:
      - navigation failed: page.goto: net::ERR_CONNECTION_REFUSED at http://localhost:3058/admin/orders/invoices
    @480px:
      - navigation failed: page.goto: net::ERR_CONNECTION_REFUSED at http://localhost:3058/admin/orders/invoices
    @375px:
      - navigation failed: page.goto: net::ERR_CONNECTION_REFUSED at http://localhost:3058/admin/orders/invoices

    expect(received).toEqual(expected) // deep equality

    - Expected  -  1
    + Received  + 12

    - Array []
    + Array [
    +   "@1600px:
    +   - navigation failed: page.goto: net::ERR_CONNECTION_REFUSED at http://localhost:3058/admin/orders/invoices",
    +   "@1200px:
    +   - navigation failed: page.goto: net::ERR_CONNECTION_REFUSED at http://localhost:3058/admin/orders/invoices",
    +   "@768px:
    +   - navigation failed: page.goto: net::ERR_CONNECTION_REFUSED at http://localhost:3058/admin/orders/invoices",
    +   "@480px:
    +   - navigation failed: page.goto: net::ERR_CONNECTION_REFUSED at http://localhost:3058/admin/orders/invoices",
    +   "@375px:
    +   - navigation failed: page.goto: net::ERR_CONNECTION_REFUSED at http://localhost:3058/admin/orders/invoices",
    + ]

      12 |   await testInfo.attach("matrix", { body: JSON.stringify({ route, url, results }), contentType: "application/json" });
      13 |   const failed = results.filter((r) => r.issues.length).map((r) => `@${r.viewport}px:\n  - ${r.issues.join("\n  - ")}`);
    > 14 |   expect(failed, `${url}\n${failed.join("\n")}`).toEqual([]);
         |                                                  ^
      15 | }
      16 |
      17 | test.describe("admin routes x viewports", () => {
        at runMatrix (C:\Users\priyank\Desktop\Development\BharatAgrolink-admin\e2e\responsive.spec.mjs:14:50)
        at C:\Users\priyank\Desktop\Development\BharatAgrolink-admin\e2e\responsive.spec.mjs:20:7

    attachment #7: screenshot (image/png) ΓöÇΓöÇΓöÇΓöÇΓöÇΓöÇΓöÇΓöÇΓöÇΓöÇΓöÇΓöÇΓöÇΓöÇΓöÇΓöÇΓöÇΓöÇΓöÇΓöÇΓöÇΓöÇΓöÇΓöÇΓöÇΓöÇΓöÇΓöÇΓöÇΓöÇΓöÇΓöÇΓöÇΓöÇΓöÇΓöÇΓöÇΓöÇΓöÇΓöÇΓöÇΓöÇΓöÇΓöÇΓöÇΓöÇΓöÇΓöÇΓöÇΓöÇΓöÇΓöÇΓöÇΓöÇΓöÇΓöÇΓöÇΓöÇ
    test-results\responsive-admin-routes-x-viewports-admin-orders-invoices-chromium\test-failed-1.png
    ΓöÇΓöÇΓöÇΓöÇΓöÇΓöÇΓöÇΓöÇΓöÇΓöÇΓöÇΓöÇΓöÇΓöÇΓöÇΓöÇΓöÇΓöÇΓöÇΓöÇΓöÇΓöÇΓöÇΓöÇΓöÇΓöÇΓöÇΓöÇΓöÇΓöÇΓöÇΓöÇΓöÇΓöÇΓöÇΓöÇΓöÇΓöÇΓöÇΓöÇΓöÇΓöÇΓöÇΓöÇΓöÇΓöÇΓöÇΓöÇΓöÇΓöÇΓöÇΓöÇΓöÇΓöÇΓöÇΓöÇΓöÇΓöÇΓöÇΓöÇΓöÇΓöÇΓöÇΓöÇΓöÇΓöÇΓöÇΓöÇΓöÇΓöÇΓöÇΓöÇΓöÇΓöÇΓöÇΓöÇΓöÇΓöÇΓöÇΓöÇΓöÇΓöÇΓöÇΓöÇΓöÇΓöÇΓöÇΓöÇΓöÇΓöÇΓöÇΓöÇΓöÇΓöÇΓöÇΓöÇ

    Error Context: test-results\responsive-admin-routes-x-viewports-admin-orders-invoices-chromium\error-context.md

    attachment #9: trace (application/zip) ΓöÇΓöÇΓöÇΓöÇΓöÇΓöÇΓöÇΓöÇΓöÇΓöÇΓöÇΓöÇΓöÇΓöÇΓöÇΓöÇΓöÇΓöÇΓöÇΓöÇΓöÇΓöÇΓöÇΓöÇΓöÇΓöÇΓöÇΓöÇΓöÇΓöÇΓöÇΓöÇΓöÇΓöÇΓöÇΓöÇΓöÇΓöÇΓöÇΓöÇΓöÇΓöÇΓöÇΓöÇΓöÇΓöÇΓöÇΓöÇΓöÇΓöÇΓöÇΓöÇΓöÇΓöÇΓöÇΓöÇΓöÇ
    test-results\responsive-admin-routes-x-viewports-admin-orders-invoices-chromium\trace.zip
    Usage:

        npx playwright show-trace test-results\responsive-admin-routes-x-viewports-admin-orders-invoices-chromium\trace.zip

    ΓöÇΓöÇΓöÇΓöÇΓöÇΓöÇΓöÇΓöÇΓöÇΓöÇΓöÇΓöÇΓöÇΓöÇΓöÇΓöÇΓöÇΓöÇΓöÇΓöÇΓöÇΓöÇΓöÇΓöÇΓöÇΓöÇΓöÇΓöÇΓöÇΓöÇΓöÇΓöÇΓöÇΓöÇΓöÇΓöÇΓöÇΓöÇΓöÇΓöÇΓöÇΓöÇΓöÇΓöÇΓöÇΓöÇΓöÇΓöÇΓöÇΓöÇΓöÇΓöÇΓöÇΓöÇΓöÇΓöÇΓöÇΓöÇΓöÇΓöÇΓöÇΓöÇΓöÇΓöÇΓöÇΓöÇΓöÇΓöÇΓöÇΓöÇΓöÇΓöÇΓöÇΓöÇΓöÇΓöÇΓöÇΓöÇΓöÇΓöÇΓöÇΓöÇΓöÇΓöÇΓöÇΓöÇΓöÇΓöÇΓöÇΓöÇΓöÇΓöÇΓöÇΓöÇΓöÇΓöÇ

  114) [chromium] ΓÇ║ e2e\responsive.spec.mjs:19:5 ΓÇ║ admin routes x viewports ΓÇ║ /admin/orders/new ΓöÇΓöÇΓöÇΓöÇ

    Error: /admin/orders/new
    @1600px:
      - navigation failed: page.goto: net::ERR_CONNECTION_REFUSED at http://localhost:3058/admin/orders/new
    @1200px:
      - navigation failed: page.goto: net::ERR_CONNECTION_REFUSED at http://localhost:3058/admin/orders/new
    @768px:
      - navigation failed: page.goto: net::ERR_CONNECTION_REFUSED at http://localhost:3058/admin/orders/new
    @480px:
      - navigation failed: page.goto: net::ERR_CONNECTION_REFUSED at http://localhost:3058/admin/orders/new
    @375px:
      - navigation failed: page.goto: net::ERR_CONNECTION_REFUSED at http://localhost:3058/admin/orders/new

    expect(received).toEqual(expected) // deep equality

    - Expected  -  1
    + Received  + 12

    - Array []
    + Array [
    +   "@1600px:
    +   - navigation failed: page.goto: net::ERR_CONNECTION_REFUSED at http://localhost:3058/admin/orders/new",
    +   "@1200px:
    +   - navigation failed: page.goto: net::ERR_CONNECTION_REFUSED at http://localhost:3058/admin/orders/new",
    +   "@768px:
    +   - navigation failed: page.goto: net::ERR_CONNECTION_REFUSED at http://localhost:3058/admin/orders/new",
    +   "@480px:
    +   - navigation failed: page.goto: net::ERR_CONNECTION_REFUSED at http://localhost:3058/admin/orders/new",
    +   "@375px:
    +   - navigation failed: page.goto: net::ERR_CONNECTION_REFUSED at http://localhost:3058/admin/orders/new",
    + ]

      12 |   await testInfo.attach("matrix", { body: JSON.stringify({ route, url, results }), contentType: "application/json" });
      13 |   const failed = results.filter((r) => r.issues.length).map((r) => `@${r.viewport}px:\n  - ${r.issues.join("\n  - ")}`);
    > 14 |   expect(failed, `${url}\n${failed.join("\n")}`).toEqual([]);
         |                                                  ^
      15 | }
      16 |
      17 | test.describe("admin routes x viewports", () => {
        at runMatrix (C:\Users\priyank\Desktop\Development\BharatAgrolink-admin\e2e\responsive.spec.mjs:14:50)
        at C:\Users\priyank\Desktop\Development\BharatAgrolink-admin\e2e\responsive.spec.mjs:20:7

    attachment #7: screenshot (image/png) ΓöÇΓöÇΓöÇΓöÇΓöÇΓöÇΓöÇΓöÇΓöÇΓöÇΓöÇΓöÇΓöÇΓöÇΓöÇΓöÇΓöÇΓöÇΓöÇΓöÇΓöÇΓöÇΓöÇΓöÇΓöÇΓöÇΓöÇΓöÇΓöÇΓöÇΓöÇΓöÇΓöÇΓöÇΓöÇΓöÇΓöÇΓöÇΓöÇΓöÇΓöÇΓöÇΓöÇΓöÇΓöÇΓöÇΓöÇΓöÇΓöÇΓöÇΓöÇΓöÇΓöÇΓöÇΓöÇΓöÇΓöÇΓöÇ
    test-results\responsive-admin-routes-x-viewports-admin-orders-new-chromium\test-failed-1.png
    ΓöÇΓöÇΓöÇΓöÇΓöÇΓöÇΓöÇΓöÇΓöÇΓöÇΓöÇΓöÇΓöÇΓöÇΓöÇΓöÇΓöÇΓöÇΓöÇΓöÇΓöÇΓöÇΓöÇΓöÇΓöÇΓöÇΓöÇΓöÇΓöÇΓöÇΓöÇΓöÇΓöÇΓöÇΓöÇΓöÇΓöÇΓöÇΓöÇΓöÇΓöÇΓöÇΓöÇΓöÇΓöÇΓöÇΓöÇΓöÇΓöÇΓöÇΓöÇΓöÇΓöÇΓöÇΓöÇΓöÇΓöÇΓöÇΓöÇΓöÇΓöÇΓöÇΓöÇΓöÇΓöÇΓöÇΓöÇΓöÇΓöÇΓöÇΓöÇΓöÇΓöÇΓöÇΓöÇΓöÇΓöÇΓöÇΓöÇΓöÇΓöÇΓöÇΓöÇΓöÇΓöÇΓöÇΓöÇΓöÇΓöÇΓöÇΓöÇΓöÇΓöÇΓöÇΓöÇΓöÇ

    Error Context: test-results\responsive-admin-routes-x-viewports-admin-orders-new-chromium\error-context.md

    attachment #9: trace (application/zip) ΓöÇΓöÇΓöÇΓöÇΓöÇΓöÇΓöÇΓöÇΓöÇΓöÇΓöÇΓöÇΓöÇΓöÇΓöÇΓöÇΓöÇΓöÇΓöÇΓöÇΓöÇΓöÇΓöÇΓöÇΓöÇΓöÇΓöÇΓöÇΓöÇΓöÇΓöÇΓöÇΓöÇΓöÇΓöÇΓöÇΓöÇΓöÇΓöÇΓöÇΓöÇΓöÇΓöÇΓöÇΓöÇΓöÇΓöÇΓöÇΓöÇΓöÇΓöÇΓöÇΓöÇΓöÇΓöÇΓöÇΓöÇ
    test-results\responsive-admin-routes-x-viewports-admin-orders-new-chromium\trace.zip
    Usage:

        npx playwright show-trace test-results\responsive-admin-routes-x-viewports-admin-orders-new-chromium\trace.zip

    ΓöÇΓöÇΓöÇΓöÇΓöÇΓöÇΓöÇΓöÇΓöÇΓöÇΓöÇΓöÇΓöÇΓöÇΓöÇΓöÇΓöÇΓöÇΓöÇΓöÇΓöÇΓöÇΓöÇΓöÇΓöÇΓöÇΓöÇΓöÇΓöÇΓöÇΓöÇΓöÇΓöÇΓöÇΓöÇΓöÇΓöÇΓöÇΓöÇΓöÇΓöÇΓöÇΓöÇΓöÇΓöÇΓöÇΓöÇΓöÇΓöÇΓöÇΓöÇΓöÇΓöÇΓöÇΓöÇΓöÇΓöÇΓöÇΓöÇΓöÇΓöÇΓöÇΓöÇΓöÇΓöÇΓöÇΓöÇΓöÇΓöÇΓöÇΓöÇΓöÇΓöÇΓöÇΓöÇΓöÇΓöÇΓöÇΓöÇΓöÇΓöÇΓöÇΓöÇΓöÇΓöÇΓöÇΓöÇΓöÇΓöÇΓöÇΓöÇΓöÇΓöÇΓöÇΓöÇΓöÇ

  115) [chromium] ΓÇ║ e2e\responsive.spec.mjs:19:5 ΓÇ║ admin routes x viewports ΓÇ║ /admin/orders/report ΓöÇ

    Error: /admin/orders/report
    @1600px:
      - navigation failed: page.goto: net::ERR_CONNECTION_REFUSED at http://localhost:3058/admin/orders/report
    @1200px:
      - navigation failed: page.goto: net::ERR_CONNECTION_REFUSED at http://localhost:3058/admin/orders/report
    @768px:
      - navigation failed: page.goto: net::ERR_CONNECTION_REFUSED at http://localhost:3058/admin/orders/report
    @480px:
      - navigation failed: page.goto: net::ERR_CONNECTION_REFUSED at http://localhost:3058/admin/orders/report
    @375px:
      - navigation failed: page.goto: net::ERR_CONNECTION_REFUSED at http://localhost:3058/admin/orders/report

    expect(received).toEqual(expected) // deep equality

    - Expected  -  1
    + Received  + 12

    - Array []
    + Array [
    +   "@1600px:
    +   - navigation failed: page.goto: net::ERR_CONNECTION_REFUSED at http://localhost:3058/admin/orders/report",
    +   "@1200px:
    +   - navigation failed: page.goto: net::ERR_CONNECTION_REFUSED at http://localhost:3058/admin/orders/report",
    +   "@768px:
    +   - navigation failed: page.goto: net::ERR_CONNECTION_REFUSED at http://localhost:3058/admin/orders/report",
    +   "@480px:
    +   - navigation failed: page.goto: net::ERR_CONNECTION_REFUSED at http://localhost:3058/admin/orders/report",
    +   "@375px:
    +   - navigation failed: page.goto: net::ERR_CONNECTION_REFUSED at http://localhost:3058/admin/orders/report",
    + ]

      12 |   await testInfo.attach("matrix", { body: JSON.stringify({ route, url, results }), contentType: "application/json" });
      13 |   const failed = results.filter((r) => r.issues.length).map((r) => `@${r.viewport}px:\n  - ${r.issues.join("\n  - ")}`);
    > 14 |   expect(failed, `${url}\n${failed.join("\n")}`).toEqual([]);
         |                                                  ^
      15 | }
      16 |
      17 | test.describe("admin routes x viewports", () => {
        at runMatrix (C:\Users\priyank\Desktop\Development\BharatAgrolink-admin\e2e\responsive.spec.mjs:14:50)
        at C:\Users\priyank\Desktop\Development\BharatAgrolink-admin\e2e\responsive.spec.mjs:20:7

    attachment #7: screenshot (image/png) ΓöÇΓöÇΓöÇΓöÇΓöÇΓöÇΓöÇΓöÇΓöÇΓöÇΓöÇΓöÇΓöÇΓöÇΓöÇΓöÇΓöÇΓöÇΓöÇΓöÇΓöÇΓöÇΓöÇΓöÇΓöÇΓöÇΓöÇΓöÇΓöÇΓöÇΓöÇΓöÇΓöÇΓöÇΓöÇΓöÇΓöÇΓöÇΓöÇΓöÇΓöÇΓöÇΓöÇΓöÇΓöÇΓöÇΓöÇΓöÇΓöÇΓöÇΓöÇΓöÇΓöÇΓöÇΓöÇΓöÇΓöÇΓöÇ
    test-results\responsive-admin-routes-x-viewports-admin-orders-report-chromium\test-failed-1.png
    ΓöÇΓöÇΓöÇΓöÇΓöÇΓöÇΓöÇΓöÇΓöÇΓöÇΓöÇΓöÇΓöÇΓöÇΓöÇΓöÇΓöÇΓöÇΓöÇΓöÇΓöÇΓöÇΓöÇΓöÇΓöÇΓöÇΓöÇΓöÇΓöÇΓöÇΓöÇΓöÇΓöÇΓöÇΓöÇΓöÇΓöÇΓöÇΓöÇΓöÇΓöÇΓöÇΓöÇΓöÇΓöÇΓöÇΓöÇΓöÇΓöÇΓöÇΓöÇΓöÇΓöÇΓöÇΓöÇΓöÇΓöÇΓöÇΓöÇΓöÇΓöÇΓöÇΓöÇΓöÇΓöÇΓöÇΓöÇΓöÇΓöÇΓöÇΓöÇΓöÇΓöÇΓöÇΓöÇΓöÇΓöÇΓöÇΓöÇΓöÇΓöÇΓöÇΓöÇΓöÇΓöÇΓöÇΓöÇΓöÇΓöÇΓöÇΓöÇΓöÇΓöÇΓöÇΓöÇΓöÇ

    Error Context: test-results\responsive-admin-routes-x-viewports-admin-orders-report-chromium\error-context.md

    attachment #9: trace (application/zip) ΓöÇΓöÇΓöÇΓöÇΓöÇΓöÇΓöÇΓöÇΓöÇΓöÇΓöÇΓöÇΓöÇΓöÇΓöÇΓöÇΓöÇΓöÇΓöÇΓöÇΓöÇΓöÇΓöÇΓöÇΓöÇΓöÇΓöÇΓöÇΓöÇΓöÇΓöÇΓöÇΓöÇΓöÇΓöÇΓöÇΓöÇΓöÇΓöÇΓöÇΓöÇΓöÇΓöÇΓöÇΓöÇΓöÇΓöÇΓöÇΓöÇΓöÇΓöÇΓöÇΓöÇΓöÇΓöÇΓöÇΓöÇ
    test-results\responsive-admin-routes-x-viewports-admin-orders-report-chromium\trace.zip
    Usage:

        npx playwright show-trace test-results\responsive-admin-routes-x-viewports-admin-orders-report-chromium\trace.zip

    ΓöÇΓöÇΓöÇΓöÇΓöÇΓöÇΓöÇΓöÇΓöÇΓöÇΓöÇΓöÇΓöÇΓöÇΓöÇΓöÇΓöÇΓöÇΓöÇΓöÇΓöÇΓöÇΓöÇΓöÇΓöÇΓöÇΓöÇΓöÇΓöÇΓöÇΓöÇΓöÇΓöÇΓöÇΓöÇΓöÇΓöÇΓöÇΓöÇΓöÇΓöÇΓöÇΓöÇΓöÇΓöÇΓöÇΓöÇΓöÇΓöÇΓöÇΓöÇΓöÇΓöÇΓöÇΓöÇΓöÇΓöÇΓöÇΓöÇΓöÇΓöÇΓöÇΓöÇΓöÇΓöÇΓöÇΓöÇΓöÇΓöÇΓöÇΓöÇΓöÇΓöÇΓöÇΓöÇΓöÇΓöÇΓöÇΓöÇΓöÇΓöÇΓöÇΓöÇΓöÇΓöÇΓöÇΓöÇΓöÇΓöÇΓöÇΓöÇΓöÇΓöÇΓöÇΓöÇΓöÇ

  116) [chromium] ΓÇ║ e2e\responsive.spec.mjs:19:5 ΓÇ║ admin routes x viewports ΓÇ║ /admin/orders/sr-checkout 

    Error: /admin/orders/sr-checkout
    @1600px:
      - navigation failed: page.goto: net::ERR_CONNECTION_REFUSED at http://localhost:3058/admin/orders/sr-checkout
    @1200px:
      - navigation failed: page.goto: net::ERR_CONNECTION_REFUSED at http://localhost:3058/admin/orders/sr-checkout
    @768px:
      - navigation failed: page.goto: net::ERR_CONNECTION_REFUSED at http://localhost:3058/admin/orders/sr-checkout
    @480px:
      - navigation failed: page.goto: net::ERR_CONNECTION_REFUSED at http://localhost:3058/admin/orders/sr-checkout
    @375px:
      - navigation failed: page.goto: net::ERR_CONNECTION_REFUSED at http://localhost:3058/admin/orders/sr-checkout

    expect(received).toEqual(expected) // deep equality

    - Expected  -  1
    + Received  + 12

    - Array []
    + Array [
    +   "@1600px:
    +   - navigation failed: page.goto: net::ERR_CONNECTION_REFUSED at http://localhost:3058/admin/orders/sr-checkout",
    +   "@1200px:
    +   - navigation failed: page.goto: net::ERR_CONNECTION_REFUSED at http://localhost:3058/admin/orders/sr-checkout",
    +   "@768px:
    +   - navigation failed: page.goto: net::ERR_CONNECTION_REFUSED at http://localhost:3058/admin/orders/sr-checkout",
    +   "@480px:
    +   - navigation failed: page.goto: net::ERR_CONNECTION_REFUSED at http://localhost:3058/admin/orders/sr-checkout",
    +   "@375px:
    +   - navigation failed: page.goto: net::ERR_CONNECTION_REFUSED at http://localhost:3058/admin/orders/sr-checkout",
    + ]

      12 |   await testInfo.attach("matrix", { body: JSON.stringify({ route, url, results }), contentType: "application/json" });
      13 |   const failed = results.filter((r) => r.issues.length).map((r) => `@${r.viewport}px:\n  - ${r.issues.join("\n  - ")}`);
    > 14 |   expect(failed, `${url}\n${failed.join("\n")}`).toEqual([]);
         |                                                  ^
      15 | }
      16 |
      17 | test.describe("admin routes x viewports", () => {
        at runMatrix (C:\Users\priyank\Desktop\Development\BharatAgrolink-admin\e2e\responsive.spec.mjs:14:50)
        at C:\Users\priyank\Desktop\Development\BharatAgrolink-admin\e2e\responsive.spec.mjs:20:7

    attachment #7: screenshot (image/png) ΓöÇΓöÇΓöÇΓöÇΓöÇΓöÇΓöÇΓöÇΓöÇΓöÇΓöÇΓöÇΓöÇΓöÇΓöÇΓöÇΓöÇΓöÇΓöÇΓöÇΓöÇΓöÇΓöÇΓöÇΓöÇΓöÇΓöÇΓöÇΓöÇΓöÇΓöÇΓöÇΓöÇΓöÇΓöÇΓöÇΓöÇΓöÇΓöÇΓöÇΓöÇΓöÇΓöÇΓöÇΓöÇΓöÇΓöÇΓöÇΓöÇΓöÇΓöÇΓöÇΓöÇΓöÇΓöÇΓöÇΓöÇΓöÇ
    test-results\responsive-admin-routes-x-viewports-admin-orders-sr-checkout-chromium\test-failed-1.png
    ΓöÇΓöÇΓöÇΓöÇΓöÇΓöÇΓöÇΓöÇΓöÇΓöÇΓöÇΓöÇΓöÇΓöÇΓöÇΓöÇΓöÇΓöÇΓöÇΓöÇΓöÇΓöÇΓöÇΓöÇΓöÇΓöÇΓöÇΓöÇΓöÇΓöÇΓöÇΓöÇΓöÇΓöÇΓöÇΓöÇΓöÇΓöÇΓöÇΓöÇΓöÇΓöÇΓöÇΓöÇΓöÇΓöÇΓöÇΓöÇΓöÇΓöÇΓöÇΓöÇΓöÇΓöÇΓöÇΓöÇΓöÇΓöÇΓöÇΓöÇΓöÇΓöÇΓöÇΓöÇΓöÇΓöÇΓöÇΓöÇΓöÇΓöÇΓöÇΓöÇΓöÇΓöÇΓöÇΓöÇΓöÇΓöÇΓöÇΓöÇΓöÇΓöÇΓöÇΓöÇΓöÇΓöÇΓöÇΓöÇΓöÇΓöÇΓöÇΓöÇΓöÇΓöÇΓöÇΓöÇ

    Error Context: test-results\responsive-admin-routes-x-viewports-admin-orders-sr-checkout-chromium\error-context.md

    attachment #9: trace (application/zip) ΓöÇΓöÇΓöÇΓöÇΓöÇΓöÇΓöÇΓöÇΓöÇΓöÇΓöÇΓöÇΓöÇΓöÇΓöÇΓöÇΓöÇΓöÇΓöÇΓöÇΓöÇΓöÇΓöÇΓöÇΓöÇΓöÇΓöÇΓöÇΓöÇΓöÇΓöÇΓöÇΓöÇΓöÇΓöÇΓöÇΓöÇΓöÇΓöÇΓöÇΓöÇΓöÇΓöÇΓöÇΓöÇΓöÇΓöÇΓöÇΓöÇΓöÇΓöÇΓöÇΓöÇΓöÇΓöÇΓöÇΓöÇ
    test-results\responsive-admin-routes-x-viewports-admin-orders-sr-checkout-chromium\trace.zip
    Usage:

        npx playwright show-trace test-results\responsive-admin-routes-x-viewports-admin-orders-sr-checkout-chromium\trace.zip

    ΓöÇΓöÇΓöÇΓöÇΓöÇΓöÇΓöÇΓöÇΓöÇΓöÇΓöÇΓöÇΓöÇΓöÇΓöÇΓöÇΓöÇΓöÇΓöÇΓöÇΓöÇΓöÇΓöÇΓöÇΓöÇΓöÇΓöÇΓöÇΓöÇΓöÇΓöÇΓöÇΓöÇΓöÇΓöÇΓöÇΓöÇΓöÇΓöÇΓöÇΓöÇΓöÇΓöÇΓöÇΓöÇΓöÇΓöÇΓöÇΓöÇΓöÇΓöÇΓöÇΓöÇΓöÇΓöÇΓöÇΓöÇΓöÇΓöÇΓöÇΓöÇΓöÇΓöÇΓöÇΓöÇΓöÇΓöÇΓöÇΓöÇΓöÇΓöÇΓöÇΓöÇΓöÇΓöÇΓöÇΓöÇΓöÇΓöÇΓöÇΓöÇΓöÇΓöÇΓöÇΓöÇΓöÇΓöÇΓöÇΓöÇΓöÇΓöÇΓöÇΓöÇΓöÇΓöÇΓöÇ

  117) [chromium] ΓÇ║ e2e\responsive.spec.mjs:19:5 ΓÇ║ admin routes x viewports ΓÇ║ /admin/orders/transactions 

    Error: /admin/orders/transactions
    @1600px:
      - navigation failed: page.goto: net::ERR_CONNECTION_REFUSED at http://localhost:3058/admin/orders/transactions
    @1200px:
      - navigation failed: page.goto: net::ERR_CONNECTION_REFUSED at http://localhost:3058/admin/orders/transactions
    @768px:
      - navigation failed: page.goto: net::ERR_CONNECTION_REFUSED at http://localhost:3058/admin/orders/transactions
    @480px:
      - navigation failed: page.goto: net::ERR_CONNECTION_REFUSED at http://localhost:3058/admin/orders/transactions
    @375px:
      - navigation failed: page.goto: net::ERR_CONNECTION_REFUSED at http://localhost:3058/admin/orders/transactions

    expect(received).toEqual(expected) // deep equality

    - Expected  -  1
    + Received  + 12

    - Array []
    + Array [
    +   "@1600px:
    +   - navigation failed: page.goto: net::ERR_CONNECTION_REFUSED at http://localhost:3058/admin/orders/transactions",
    +   "@1200px:
    +   - navigation failed: page.goto: net::ERR_CONNECTION_REFUSED at http://localhost:3058/admin/orders/transactions",
    +   "@768px:
    +   - navigation failed: page.goto: net::ERR_CONNECTION_REFUSED at http://localhost:3058/admin/orders/transactions",
    +   "@480px:
    +   - navigation failed: page.goto: net::ERR_CONNECTION_REFUSED at http://localhost:3058/admin/orders/transactions",
    +   "@375px:
    +   - navigation failed: page.goto: net::ERR_CONNECTION_REFUSED at http://localhost:3058/admin/orders/transactions",
    + ]

      12 |   await testInfo.attach("matrix", { body: JSON.stringify({ route, url, results }), contentType: "application/json" });
      13 |   const failed = results.filter((r) => r.issues.length).map((r) => `@${r.viewport}px:\n  - ${r.issues.join("\n  - ")}`);
    > 14 |   expect(failed, `${url}\n${failed.join("\n")}`).toEqual([]);
         |                                                  ^
      15 | }
      16 |
      17 | test.describe("admin routes x viewports", () => {
        at runMatrix (C:\Users\priyank\Desktop\Development\BharatAgrolink-admin\e2e\responsive.spec.mjs:14:50)
        at C:\Users\priyank\Desktop\Development\BharatAgrolink-admin\e2e\responsive.spec.mjs:20:7

    attachment #7: screenshot (image/png) ΓöÇΓöÇΓöÇΓöÇΓöÇΓöÇΓöÇΓöÇΓöÇΓöÇΓöÇΓöÇΓöÇΓöÇΓöÇΓöÇΓöÇΓöÇΓöÇΓöÇΓöÇΓöÇΓöÇΓöÇΓöÇΓöÇΓöÇΓöÇΓöÇΓöÇΓöÇΓöÇΓöÇΓöÇΓöÇΓöÇΓöÇΓöÇΓöÇΓöÇΓöÇΓöÇΓöÇΓöÇΓöÇΓöÇΓöÇΓöÇΓöÇΓöÇΓöÇΓöÇΓöÇΓöÇΓöÇΓöÇΓöÇΓöÇ
    test-results\responsive-admin-routes-x--5f1c5-s-admin-orders-transactions-chromium\test-failed-1.png
    ΓöÇΓöÇΓöÇΓöÇΓöÇΓöÇΓöÇΓöÇΓöÇΓöÇΓöÇΓöÇΓöÇΓöÇΓöÇΓöÇΓöÇΓöÇΓöÇΓöÇΓöÇΓöÇΓöÇΓöÇΓöÇΓöÇΓöÇΓöÇΓöÇΓöÇΓöÇΓöÇΓöÇΓöÇΓöÇΓöÇΓöÇΓöÇΓöÇΓöÇΓöÇΓöÇΓöÇΓöÇΓöÇΓöÇΓöÇΓöÇΓöÇΓöÇΓöÇΓöÇΓöÇΓöÇΓöÇΓöÇΓöÇΓöÇΓöÇΓöÇΓöÇΓöÇΓöÇΓöÇΓöÇΓöÇΓöÇΓöÇΓöÇΓöÇΓöÇΓöÇΓöÇΓöÇΓöÇΓöÇΓöÇΓöÇΓöÇΓöÇΓöÇΓöÇΓöÇΓöÇΓöÇΓöÇΓöÇΓöÇΓöÇΓöÇΓöÇΓöÇΓöÇΓöÇΓöÇΓöÇ

    Error Context: test-results\responsive-admin-routes-x--5f1c5-s-admin-orders-transactions-chromium\error-context.md

    attachment #9: trace (application/zip) ΓöÇΓöÇΓöÇΓöÇΓöÇΓöÇΓöÇΓöÇΓöÇΓöÇΓöÇΓöÇΓöÇΓöÇΓöÇΓöÇΓöÇΓöÇΓöÇΓöÇΓöÇΓöÇΓöÇΓöÇΓöÇΓöÇΓöÇΓöÇΓöÇΓöÇΓöÇΓöÇΓöÇΓöÇΓöÇΓöÇΓöÇΓöÇΓöÇΓöÇΓöÇΓöÇΓöÇΓöÇΓöÇΓöÇΓöÇΓöÇΓöÇΓöÇΓöÇΓöÇΓöÇΓöÇΓöÇΓöÇΓöÇ
    test-results\responsive-admin-routes-x--5f1c5-s-admin-orders-transactions-chromium\trace.zip
    Usage:

        npx playwright show-trace test-results\responsive-admin-routes-x--5f1c5-s-admin-orders-transactions-chromium\trace.zip

    ΓöÇΓöÇΓöÇΓöÇΓöÇΓöÇΓöÇΓöÇΓöÇΓöÇΓöÇΓöÇΓöÇΓöÇΓöÇΓöÇΓöÇΓöÇΓöÇΓöÇΓöÇΓöÇΓöÇΓöÇΓöÇΓöÇΓöÇΓöÇΓöÇΓöÇΓöÇΓöÇΓöÇΓöÇΓöÇΓöÇΓöÇΓöÇΓöÇΓöÇΓöÇΓöÇΓöÇΓöÇΓöÇΓöÇΓöÇΓöÇΓöÇΓöÇΓöÇΓöÇΓöÇΓöÇΓöÇΓöÇΓöÇΓöÇΓöÇΓöÇΓöÇΓöÇΓöÇΓöÇΓöÇΓöÇΓöÇΓöÇΓöÇΓöÇΓöÇΓöÇΓöÇΓöÇΓöÇΓöÇΓöÇΓöÇΓöÇΓöÇΓöÇΓöÇΓöÇΓöÇΓöÇΓöÇΓöÇΓöÇΓöÇΓöÇΓöÇΓöÇΓöÇΓöÇΓöÇΓöÇ

  118) [chromium] ΓÇ║ e2e\responsive.spec.mjs:19:5 ΓÇ║ admin routes x viewports ΓÇ║ /admin/orders/whatsapp 

    Error: /admin/orders/whatsapp
    @1600px:
      - navigation failed: page.goto: net::ERR_CONNECTION_REFUSED at http://localhost:3058/admin/orders/whatsapp
    @1200px:
      - navigation failed: page.goto: net::ERR_CONNECTION_REFUSED at http://localhost:3058/admin/orders/whatsapp
    @768px:
      - navigation failed: page.goto: net::ERR_CONNECTION_REFUSED at http://localhost:3058/admin/orders/whatsapp
    @480px:
      - navigation failed: page.goto: net::ERR_CONNECTION_REFUSED at http://localhost:3058/admin/orders/whatsapp
    @375px:
      - navigation failed: page.goto: net::ERR_CONNECTION_REFUSED at http://localhost:3058/admin/orders/whatsapp

    expect(received).toEqual(expected) // deep equality

    - Expected  -  1
    + Received  + 12

    - Array []
    + Array [
    +   "@1600px:
    +   - navigation failed: page.goto: net::ERR_CONNECTION_REFUSED at http://localhost:3058/admin/orders/whatsapp",
    +   "@1200px:
    +   - navigation failed: page.goto: net::ERR_CONNECTION_REFUSED at http://localhost:3058/admin/orders/whatsapp",
    +   "@768px:
    +   - navigation failed: page.goto: net::ERR_CONNECTION_REFUSED at http://localhost:3058/admin/orders/whatsapp",
    +   "@480px:
    +   - navigation failed: page.goto: net::ERR_CONNECTION_REFUSED at http://localhost:3058/admin/orders/whatsapp",
    +   "@375px:
    +   - navigation failed: page.goto: net::ERR_CONNECTION_REFUSED at http://localhost:3058/admin/orders/whatsapp",
    + ]

      12 |   await testInfo.attach("matrix", { body: JSON.stringify({ route, url, results }), contentType: "application/json" });
      13 |   const failed = results.filter((r) => r.issues.length).map((r) => `@${r.viewport}px:\n  - ${r.issues.join("\n  - ")}`);
    > 14 |   expect(failed, `${url}\n${failed.join("\n")}`).toEqual([]);
         |                                                  ^
      15 | }
      16 |
      17 | test.describe("admin routes x viewports", () => {
        at runMatrix (C:\Users\priyank\Desktop\Development\BharatAgrolink-admin\e2e\responsive.spec.mjs:14:50)
        at C:\Users\priyank\Desktop\Development\BharatAgrolink-admin\e2e\responsive.spec.mjs:20:7

    attachment #7: screenshot (image/png) ΓöÇΓöÇΓöÇΓöÇΓöÇΓöÇΓöÇΓöÇΓöÇΓöÇΓöÇΓöÇΓöÇΓöÇΓöÇΓöÇΓöÇΓöÇΓöÇΓöÇΓöÇΓöÇΓöÇΓöÇΓöÇΓöÇΓöÇΓöÇΓöÇΓöÇΓöÇΓöÇΓöÇΓöÇΓöÇΓöÇΓöÇΓöÇΓöÇΓöÇΓöÇΓöÇΓöÇΓöÇΓöÇΓöÇΓöÇΓöÇΓöÇΓöÇΓöÇΓöÇΓöÇΓöÇΓöÇΓöÇΓöÇΓöÇ
    test-results\responsive-admin-routes-x-viewports-admin-orders-whatsapp-chromium\test-failed-1.png
    ΓöÇΓöÇΓöÇΓöÇΓöÇΓöÇΓöÇΓöÇΓöÇΓöÇΓöÇΓöÇΓöÇΓöÇΓöÇΓöÇΓöÇΓöÇΓöÇΓöÇΓöÇΓöÇΓöÇΓöÇΓöÇΓöÇΓöÇΓöÇΓöÇΓöÇΓöÇΓöÇΓöÇΓöÇΓöÇΓöÇΓöÇΓöÇΓöÇΓöÇΓöÇΓöÇΓöÇΓöÇΓöÇΓöÇΓöÇΓöÇΓöÇΓöÇΓöÇΓöÇΓöÇΓöÇΓöÇΓöÇΓöÇΓöÇΓöÇΓöÇΓöÇΓöÇΓöÇΓöÇΓöÇΓöÇΓöÇΓöÇΓöÇΓöÇΓöÇΓöÇΓöÇΓöÇΓöÇΓöÇΓöÇΓöÇΓöÇΓöÇΓöÇΓöÇΓöÇΓöÇΓöÇΓöÇΓöÇΓöÇΓöÇΓöÇΓöÇΓöÇΓöÇΓöÇΓöÇΓöÇ

    Error Context: test-results\responsive-admin-routes-x-viewports-admin-orders-whatsapp-chromium\error-context.md

    attachment #9: trace (application/zip) ΓöÇΓöÇΓöÇΓöÇΓöÇΓöÇΓöÇΓöÇΓöÇΓöÇΓöÇΓöÇΓöÇΓöÇΓöÇΓöÇΓöÇΓöÇΓöÇΓöÇΓöÇΓöÇΓöÇΓöÇΓöÇΓöÇΓöÇΓöÇΓöÇΓöÇΓöÇΓöÇΓöÇΓöÇΓöÇΓöÇΓöÇΓöÇΓöÇΓöÇΓöÇΓöÇΓöÇΓöÇΓöÇΓöÇΓöÇΓöÇΓöÇΓöÇΓöÇΓöÇΓöÇΓöÇΓöÇΓöÇΓöÇ
    test-results\responsive-admin-routes-x-viewports-admin-orders-whatsapp-chromium\trace.zip
    Usage:

        npx playwright show-trace test-results\responsive-admin-routes-x-viewports-admin-orders-whatsapp-chromium\trace.zip

    ΓöÇΓöÇΓöÇΓöÇΓöÇΓöÇΓöÇΓöÇΓöÇΓöÇΓöÇΓöÇΓöÇΓöÇΓöÇΓöÇΓöÇΓöÇΓöÇΓöÇΓöÇΓöÇΓöÇΓöÇΓöÇΓöÇΓöÇΓöÇΓöÇΓöÇΓöÇΓöÇΓöÇΓöÇΓöÇΓöÇΓöÇΓöÇΓöÇΓöÇΓöÇΓöÇΓöÇΓöÇΓöÇΓöÇΓöÇΓöÇΓöÇΓöÇΓöÇΓöÇΓöÇΓöÇΓöÇΓöÇΓöÇΓöÇΓöÇΓöÇΓöÇΓöÇΓöÇΓöÇΓöÇΓöÇΓöÇΓöÇΓöÇΓöÇΓöÇΓöÇΓöÇΓöÇΓöÇΓöÇΓöÇΓöÇΓöÇΓöÇΓöÇΓöÇΓöÇΓöÇΓöÇΓöÇΓöÇΓöÇΓöÇΓöÇΓöÇΓöÇΓöÇΓöÇΓöÇΓöÇ

  119) [chromium] ΓÇ║ e2e\responsive.spec.mjs:19:5 ΓÇ║ admin routes x viewports ΓÇ║ /admin/payouts ΓöÇΓöÇΓöÇΓöÇΓöÇΓöÇΓöÇ

    Error: /admin/payouts
    @1600px:
      - navigation failed: page.goto: net::ERR_CONNECTION_REFUSED at http://localhost:3058/admin/payouts
    @1200px:
      - navigation failed: page.goto: net::ERR_CONNECTION_REFUSED at http://localhost:3058/admin/payouts
    @768px:
      - navigation failed: page.goto: net::ERR_CONNECTION_REFUSED at http://localhost:3058/admin/payouts
    @480px:
      - navigation failed: page.goto: net::ERR_CONNECTION_REFUSED at http://localhost:3058/admin/payouts
    @375px:
      - navigation failed: page.goto: net::ERR_CONNECTION_REFUSED at http://localhost:3058/admin/payouts

    expect(received).toEqual(expected) // deep equality

    - Expected  -  1
    + Received  + 12

    - Array []
    + Array [
    +   "@1600px:
    +   - navigation failed: page.goto: net::ERR_CONNECTION_REFUSED at http://localhost:3058/admin/payouts",
    +   "@1200px:
    +   - navigation failed: page.goto: net::ERR_CONNECTION_REFUSED at http://localhost:3058/admin/payouts",
    +   "@768px:
    +   - navigation failed: page.goto: net::ERR_CONNECTION_REFUSED at http://localhost:3058/admin/payouts",
    +   "@480px:
    +   - navigation failed: page.goto: net::ERR_CONNECTION_REFUSED at http://localhost:3058/admin/payouts",
    +   "@375px:
    +   - navigation failed: page.goto: net::ERR_CONNECTION_REFUSED at http://localhost:3058/admin/payouts",
    + ]

      12 |   await testInfo.attach("matrix", { body: JSON.stringify({ route, url, results }), contentType: "application/json" });
      13 |   const failed = results.filter((r) => r.issues.length).map((r) => `@${r.viewport}px:\n  - ${r.issues.join("\n  - ")}`);
    > 14 |   expect(failed, `${url}\n${failed.join("\n")}`).toEqual([]);
         |                                                  ^
      15 | }
      16 |
      17 | test.describe("admin routes x viewports", () => {
        at runMatrix (C:\Users\priyank\Desktop\Development\BharatAgrolink-admin\e2e\responsive.spec.mjs:14:50)
        at C:\Users\priyank\Desktop\Development\BharatAgrolink-admin\e2e\responsive.spec.mjs:20:7

    attachment #7: screenshot (image/png) ΓöÇΓöÇΓöÇΓöÇΓöÇΓöÇΓöÇΓöÇΓöÇΓöÇΓöÇΓöÇΓöÇΓöÇΓöÇΓöÇΓöÇΓöÇΓöÇΓöÇΓöÇΓöÇΓöÇΓöÇΓöÇΓöÇΓöÇΓöÇΓöÇΓöÇΓöÇΓöÇΓöÇΓöÇΓöÇΓöÇΓöÇΓöÇΓöÇΓöÇΓöÇΓöÇΓöÇΓöÇΓöÇΓöÇΓöÇΓöÇΓöÇΓöÇΓöÇΓöÇΓöÇΓöÇΓöÇΓöÇΓöÇΓöÇ
    test-results\responsive-admin-routes-x-viewports-admin-payouts-chromium\test-failed-1.png
    ΓöÇΓöÇΓöÇΓöÇΓöÇΓöÇΓöÇΓöÇΓöÇΓöÇΓöÇΓöÇΓöÇΓöÇΓöÇΓöÇΓöÇΓöÇΓöÇΓöÇΓöÇΓöÇΓöÇΓöÇΓöÇΓöÇΓöÇΓöÇΓöÇΓöÇΓöÇΓöÇΓöÇΓöÇΓöÇΓöÇΓöÇΓöÇΓöÇΓöÇΓöÇΓöÇΓöÇΓöÇΓöÇΓöÇΓöÇΓöÇΓöÇΓöÇΓöÇΓöÇΓöÇΓöÇΓöÇΓöÇΓöÇΓöÇΓöÇΓöÇΓöÇΓöÇΓöÇΓöÇΓöÇΓöÇΓöÇΓöÇΓöÇΓöÇΓöÇΓöÇΓöÇΓöÇΓöÇΓöÇΓöÇΓöÇΓöÇΓöÇΓöÇΓöÇΓöÇΓöÇΓöÇΓöÇΓöÇΓöÇΓöÇΓöÇΓöÇΓöÇΓöÇΓöÇΓöÇΓöÇ

    Error Context: test-results\responsive-admin-routes-x-viewports-admin-payouts-chromium\error-context.md

    attachment #9: trace (application/zip) ΓöÇΓöÇΓöÇΓöÇΓöÇΓöÇΓöÇΓöÇΓöÇΓöÇΓöÇΓöÇΓöÇΓöÇΓöÇΓöÇΓöÇΓöÇΓöÇΓöÇΓöÇΓöÇΓöÇΓöÇΓöÇΓöÇΓöÇΓöÇΓöÇΓöÇΓöÇΓöÇΓöÇΓöÇΓöÇΓöÇΓöÇΓöÇΓöÇΓöÇΓöÇΓöÇΓöÇΓöÇΓöÇΓöÇΓöÇΓöÇΓöÇΓöÇΓöÇΓöÇΓöÇΓöÇΓöÇΓöÇΓöÇ
    test-results\responsive-admin-routes-x-viewports-admin-payouts-chromium\trace.zip
    Usage:

        npx playwright show-trace test-results\responsive-admin-routes-x-viewports-admin-payouts-chromium\trace.zip

    ΓöÇΓöÇΓöÇΓöÇΓöÇΓöÇΓöÇΓöÇΓöÇΓöÇΓöÇΓöÇΓöÇΓöÇΓöÇΓöÇΓöÇΓöÇΓöÇΓöÇΓöÇΓöÇΓöÇΓöÇΓöÇΓöÇΓöÇΓöÇΓöÇΓöÇΓöÇΓöÇΓöÇΓöÇΓöÇΓöÇΓöÇΓöÇΓöÇΓöÇΓöÇΓöÇΓöÇΓöÇΓöÇΓöÇΓöÇΓöÇΓöÇΓöÇΓöÇΓöÇΓöÇΓöÇΓöÇΓöÇΓöÇΓöÇΓöÇΓöÇΓöÇΓöÇΓöÇΓöÇΓöÇΓöÇΓöÇΓöÇΓöÇΓöÇΓöÇΓöÇΓöÇΓöÇΓöÇΓöÇΓöÇΓöÇΓöÇΓöÇΓöÇΓöÇΓöÇΓöÇΓöÇΓöÇΓöÇΓöÇΓöÇΓöÇΓöÇΓöÇΓöÇΓöÇΓöÇΓöÇ

  120) [chromium] ΓÇ║ e2e\responsive.spec.mjs:19:5 ΓÇ║ admin routes x viewports ΓÇ║ /admin/payouts/access 

    Error: /admin/payouts/access
    @1600px:
      - navigation failed: page.goto: net::ERR_CONNECTION_REFUSED at http://localhost:3058/admin/payouts/access
    @1200px:
      - navigation failed: page.goto: net::ERR_CONNECTION_REFUSED at http://localhost:3058/admin/payouts/access
    @768px:
      - navigation failed: page.goto: net::ERR_CONNECTION_REFUSED at http://localhost:3058/admin/payouts/access
    @480px:
      - navigation failed: page.goto: net::ERR_CONNECTION_REFUSED at http://localhost:3058/admin/payouts/access
    @375px:
      - navigation failed: page.goto: net::ERR_CONNECTION_REFUSED at http://localhost:3058/admin/payouts/access

    expect(received).toEqual(expected) // deep equality

    - Expected  -  1
    + Received  + 12

    - Array []
    + Array [
    +   "@1600px:
    +   - navigation failed: page.goto: net::ERR_CONNECTION_REFUSED at http://localhost:3058/admin/payouts/access",
    +   "@1200px:
    +   - navigation failed: page.goto: net::ERR_CONNECTION_REFUSED at http://localhost:3058/admin/payouts/access",
    +   "@768px:
    +   - navigation failed: page.goto: net::ERR_CONNECTION_REFUSED at http://localhost:3058/admin/payouts/access",
    +   "@480px:
    +   - navigation failed: page.goto: net::ERR_CONNECTION_REFUSED at http://localhost:3058/admin/payouts/access",
    +   "@375px:
    +   - navigation failed: page.goto: net::ERR_CONNECTION_REFUSED at http://localhost:3058/admin/payouts/access",
    + ]

      12 |   await testInfo.attach("matrix", { body: JSON.stringify({ route, url, results }), contentType: "application/json" });
      13 |   const failed = results.filter((r) => r.issues.length).map((r) => `@${r.viewport}px:\n  - ${r.issues.join("\n  - ")}`);
    > 14 |   expect(failed, `${url}\n${failed.join("\n")}`).toEqual([]);
         |                                                  ^
      15 | }
      16 |
      17 | test.describe("admin routes x viewports", () => {
        at runMatrix (C:\Users\priyank\Desktop\Development\BharatAgrolink-admin\e2e\responsive.spec.mjs:14:50)
        at C:\Users\priyank\Desktop\Development\BharatAgrolink-admin\e2e\responsive.spec.mjs:20:7

    attachment #7: screenshot (image/png) ΓöÇΓöÇΓöÇΓöÇΓöÇΓöÇΓöÇΓöÇΓöÇΓöÇΓöÇΓöÇΓöÇΓöÇΓöÇΓöÇΓöÇΓöÇΓöÇΓöÇΓöÇΓöÇΓöÇΓöÇΓöÇΓöÇΓöÇΓöÇΓöÇΓöÇΓöÇΓöÇΓöÇΓöÇΓöÇΓöÇΓöÇΓöÇΓöÇΓöÇΓöÇΓöÇΓöÇΓöÇΓöÇΓöÇΓöÇΓöÇΓöÇΓöÇΓöÇΓöÇΓöÇΓöÇΓöÇΓöÇΓöÇΓöÇ
    test-results\responsive-admin-routes-x-viewports-admin-payouts-access-chromium\test-failed-1.png
    ΓöÇΓöÇΓöÇΓöÇΓöÇΓöÇΓöÇΓöÇΓöÇΓöÇΓöÇΓöÇΓöÇΓöÇΓöÇΓöÇΓöÇΓöÇΓöÇΓöÇΓöÇΓöÇΓöÇΓöÇΓöÇΓöÇΓöÇΓöÇΓöÇΓöÇΓöÇΓöÇΓöÇΓöÇΓöÇΓöÇΓöÇΓöÇΓöÇΓöÇΓöÇΓöÇΓöÇΓöÇΓöÇΓöÇΓöÇΓöÇΓöÇΓöÇΓöÇΓöÇΓöÇΓöÇΓöÇΓöÇΓöÇΓöÇΓöÇΓöÇΓöÇΓöÇΓöÇΓöÇΓöÇΓöÇΓöÇΓöÇΓöÇΓöÇΓöÇΓöÇΓöÇΓöÇΓöÇΓöÇΓöÇΓöÇΓöÇΓöÇΓöÇΓöÇΓöÇΓöÇΓöÇΓöÇΓöÇΓöÇΓöÇΓöÇΓöÇΓöÇΓöÇΓöÇΓöÇΓöÇ

    Error Context: test-results\responsive-admin-routes-x-viewports-admin-payouts-access-chromium\error-context.md

    attachment #9: trace (application/zip) ΓöÇΓöÇΓöÇΓöÇΓöÇΓöÇΓöÇΓöÇΓöÇΓöÇΓöÇΓöÇΓöÇΓöÇΓöÇΓöÇΓöÇΓöÇΓöÇΓöÇΓöÇΓöÇΓöÇΓöÇΓöÇΓöÇΓöÇΓöÇΓöÇΓöÇΓöÇΓöÇΓöÇΓöÇΓöÇΓöÇΓöÇΓöÇΓöÇΓöÇΓöÇΓöÇΓöÇΓöÇΓöÇΓöÇΓöÇΓöÇΓöÇΓöÇΓöÇΓöÇΓöÇΓöÇΓöÇΓöÇΓöÇ
    test-results\responsive-admin-routes-x-viewports-admin-payouts-access-chromium\trace.zip
    Usage:

        npx playwright show-trace test-results\responsive-admin-routes-x-viewports-admin-payouts-access-chromium\trace.zip

    ΓöÇΓöÇΓöÇΓöÇΓöÇΓöÇΓöÇΓöÇΓöÇΓöÇΓöÇΓöÇΓöÇΓöÇΓöÇΓöÇΓöÇΓöÇΓöÇΓöÇΓöÇΓöÇΓöÇΓöÇΓöÇΓöÇΓöÇΓöÇΓöÇΓöÇΓöÇΓöÇΓöÇΓöÇΓöÇΓöÇΓöÇΓöÇΓöÇΓöÇΓöÇΓöÇΓöÇΓöÇΓöÇΓöÇΓöÇΓöÇΓöÇΓöÇΓöÇΓöÇΓöÇΓöÇΓöÇΓöÇΓöÇΓöÇΓöÇΓöÇΓöÇΓöÇΓöÇΓöÇΓöÇΓöÇΓöÇΓöÇΓöÇΓöÇΓöÇΓöÇΓöÇΓöÇΓöÇΓöÇΓöÇΓöÇΓöÇΓöÇΓöÇΓöÇΓöÇΓöÇΓöÇΓöÇΓöÇΓöÇΓöÇΓöÇΓöÇΓöÇΓöÇΓöÇΓöÇΓöÇ

  121) [chromium] ΓÇ║ e2e\responsive.spec.mjs:19:5 ΓÇ║ admin routes x viewports ΓÇ║ /admin/payouts/items ΓöÇ

    Error: /admin/payouts/items
    @1600px:
      - navigation failed: page.goto: net::ERR_CONNECTION_REFUSED at http://localhost:3058/admin/payouts/items
    @1200px:
      - navigation failed: page.goto: net::ERR_CONNECTION_REFUSED at http://localhost:3058/admin/payouts/items
    @768px:
      - navigation failed: page.goto: net::ERR_CONNECTION_REFUSED at http://localhost:3058/admin/payouts/items
    @480px:
      - navigation failed: page.goto: net::ERR_CONNECTION_REFUSED at http://localhost:3058/admin/payouts/items
    @375px:
      - navigation failed: page.goto: net::ERR_CONNECTION_REFUSED at http://localhost:3058/admin/payouts/items

    expect(received).toEqual(expected) // deep equality

    - Expected  -  1
    + Received  + 12

    - Array []
    + Array [
    +   "@1600px:
    +   - navigation failed: page.goto: net::ERR_CONNECTION_REFUSED at http://localhost:3058/admin/payouts/items",
    +   "@1200px:
    +   - navigation failed: page.goto: net::ERR_CONNECTION_REFUSED at http://localhost:3058/admin/payouts/items",
    +   "@768px:
    +   - navigation failed: page.goto: net::ERR_CONNECTION_REFUSED at http://localhost:3058/admin/payouts/items",
    +   "@480px:
    +   - navigation failed: page.goto: net::ERR_CONNECTION_REFUSED at http://localhost:3058/admin/payouts/items",
    +   "@375px:
    +   - navigation failed: page.goto: net::ERR_CONNECTION_REFUSED at http://localhost:3058/admin/payouts/items",
    + ]

      12 |   await testInfo.attach("matrix", { body: JSON.stringify({ route, url, results }), contentType: "application/json" });
      13 |   const failed = results.filter((r) => r.issues.length).map((r) => `@${r.viewport}px:\n  - ${r.issues.join("\n  - ")}`);
    > 14 |   expect(failed, `${url}\n${failed.join("\n")}`).toEqual([]);
         |                                                  ^
      15 | }
      16 |
      17 | test.describe("admin routes x viewports", () => {
        at runMatrix (C:\Users\priyank\Desktop\Development\BharatAgrolink-admin\e2e\responsive.spec.mjs:14:50)
        at C:\Users\priyank\Desktop\Development\BharatAgrolink-admin\e2e\responsive.spec.mjs:20:7

    attachment #7: screenshot (image/png) ΓöÇΓöÇΓöÇΓöÇΓöÇΓöÇΓöÇΓöÇΓöÇΓöÇΓöÇΓöÇΓöÇΓöÇΓöÇΓöÇΓöÇΓöÇΓöÇΓöÇΓöÇΓöÇΓöÇΓöÇΓöÇΓöÇΓöÇΓöÇΓöÇΓöÇΓöÇΓöÇΓöÇΓöÇΓöÇΓöÇΓöÇΓöÇΓöÇΓöÇΓöÇΓöÇΓöÇΓöÇΓöÇΓöÇΓöÇΓöÇΓöÇΓöÇΓöÇΓöÇΓöÇΓöÇΓöÇΓöÇΓöÇΓöÇ
    test-results\responsive-admin-routes-x-viewports-admin-payouts-items-chromium\test-failed-1.png
    ΓöÇΓöÇΓöÇΓöÇΓöÇΓöÇΓöÇΓöÇΓöÇΓöÇΓöÇΓöÇΓöÇΓöÇΓöÇΓöÇΓöÇΓöÇΓöÇΓöÇΓöÇΓöÇΓöÇΓöÇΓöÇΓöÇΓöÇΓöÇΓöÇΓöÇΓöÇΓöÇΓöÇΓöÇΓöÇΓöÇΓöÇΓöÇΓöÇΓöÇΓöÇΓöÇΓöÇΓöÇΓöÇΓöÇΓöÇΓöÇΓöÇΓöÇΓöÇΓöÇΓöÇΓöÇΓöÇΓöÇΓöÇΓöÇΓöÇΓöÇΓöÇΓöÇΓöÇΓöÇΓöÇΓöÇΓöÇΓöÇΓöÇΓöÇΓöÇΓöÇΓöÇΓöÇΓöÇΓöÇΓöÇΓöÇΓöÇΓöÇΓöÇΓöÇΓöÇΓöÇΓöÇΓöÇΓöÇΓöÇΓöÇΓöÇΓöÇΓöÇΓöÇΓöÇΓöÇΓöÇ

    Error Context: test-results\responsive-admin-routes-x-viewports-admin-payouts-items-chromium\error-context.md

    attachment #9: trace (application/zip) ΓöÇΓöÇΓöÇΓöÇΓöÇΓöÇΓöÇΓöÇΓöÇΓöÇΓöÇΓöÇΓöÇΓöÇΓöÇΓöÇΓöÇΓöÇΓöÇΓöÇΓöÇΓöÇΓöÇΓöÇΓöÇΓöÇΓöÇΓöÇΓöÇΓöÇΓöÇΓöÇΓöÇΓöÇΓöÇΓöÇΓöÇΓöÇΓöÇΓöÇΓöÇΓöÇΓöÇΓöÇΓöÇΓöÇΓöÇΓöÇΓöÇΓöÇΓöÇΓöÇΓöÇΓöÇΓöÇΓöÇΓöÇ
    test-results\responsive-admin-routes-x-viewports-admin-payouts-items-chromium\trace.zip
    Usage:

        npx playwright show-trace test-results\responsive-admin-routes-x-viewports-admin-payouts-items-chromium\trace.zip

    ΓöÇΓöÇΓöÇΓöÇΓöÇΓöÇΓöÇΓöÇΓöÇΓöÇΓöÇΓöÇΓöÇΓöÇΓöÇΓöÇΓöÇΓöÇΓöÇΓöÇΓöÇΓöÇΓöÇΓöÇΓöÇΓöÇΓöÇΓöÇΓöÇΓöÇΓöÇΓöÇΓöÇΓöÇΓöÇΓöÇΓöÇΓöÇΓöÇΓöÇΓöÇΓöÇΓöÇΓöÇΓöÇΓöÇΓöÇΓöÇΓöÇΓöÇΓöÇΓöÇΓöÇΓöÇΓöÇΓöÇΓöÇΓöÇΓöÇΓöÇΓöÇΓöÇΓöÇΓöÇΓöÇΓöÇΓöÇΓöÇΓöÇΓöÇΓöÇΓöÇΓöÇΓöÇΓöÇΓöÇΓöÇΓöÇΓöÇΓöÇΓöÇΓöÇΓöÇΓöÇΓöÇΓöÇΓöÇΓöÇΓöÇΓöÇΓöÇΓöÇΓöÇΓöÇΓöÇΓöÇ

  122) [chromium] ΓÇ║ e2e\responsive.spec.mjs:19:5 ΓÇ║ admin routes x viewports ΓÇ║ /admin/payouts/legacy 

    Error: /admin/payouts/legacy
    @1600px:
      - navigation failed: page.goto: net::ERR_CONNECTION_REFUSED at http://localhost:3058/admin/payouts/legacy
    @1200px:
      - navigation failed: page.goto: net::ERR_CONNECTION_REFUSED at http://localhost:3058/admin/payouts/legacy
    @768px:
      - navigation failed: page.goto: net::ERR_CONNECTION_REFUSED at http://localhost:3058/admin/payouts/legacy
    @480px:
      - navigation failed: page.goto: net::ERR_CONNECTION_REFUSED at http://localhost:3058/admin/payouts/legacy
    @375px:
      - navigation failed: page.goto: net::ERR_CONNECTION_REFUSED at http://localhost:3058/admin/payouts/legacy

    expect(received).toEqual(expected) // deep equality

    - Expected  -  1
    + Received  + 12

    - Array []
    + Array [
    +   "@1600px:
    +   - navigation failed: page.goto: net::ERR_CONNECTION_REFUSED at http://localhost:3058/admin/payouts/legacy",
    +   "@1200px:
    +   - navigation failed: page.goto: net::ERR_CONNECTION_REFUSED at http://localhost:3058/admin/payouts/legacy",
    +   "@768px:
    +   - navigation failed: page.goto: net::ERR_CONNECTION_REFUSED at http://localhost:3058/admin/payouts/legacy",
    +   "@480px:
    +   - navigation failed: page.goto: net::ERR_CONNECTION_REFUSED at http://localhost:3058/admin/payouts/legacy",
    +   "@375px:
    +   - navigation failed: page.goto: net::ERR_CONNECTION_REFUSED at http://localhost:3058/admin/payouts/legacy",
    + ]

      12 |   await testInfo.attach("matrix", { body: JSON.stringify({ route, url, results }), contentType: "application/json" });
      13 |   const failed = results.filter((r) => r.issues.length).map((r) => `@${r.viewport}px:\n  - ${r.issues.join("\n  - ")}`);
    > 14 |   expect(failed, `${url}\n${failed.join("\n")}`).toEqual([]);
         |                                                  ^
      15 | }
      16 |
      17 | test.describe("admin routes x viewports", () => {
        at runMatrix (C:\Users\priyank\Desktop\Development\BharatAgrolink-admin\e2e\responsive.spec.mjs:14:50)
        at C:\Users\priyank\Desktop\Development\BharatAgrolink-admin\e2e\responsive.spec.mjs:20:7

    attachment #7: screenshot (image/png) ΓöÇΓöÇΓöÇΓöÇΓöÇΓöÇΓöÇΓöÇΓöÇΓöÇΓöÇΓöÇΓöÇΓöÇΓöÇΓöÇΓöÇΓöÇΓöÇΓöÇΓöÇΓöÇΓöÇΓöÇΓöÇΓöÇΓöÇΓöÇΓöÇΓöÇΓöÇΓöÇΓöÇΓöÇΓöÇΓöÇΓöÇΓöÇΓöÇΓöÇΓöÇΓöÇΓöÇΓöÇΓöÇΓöÇΓöÇΓöÇΓöÇΓöÇΓöÇΓöÇΓöÇΓöÇΓöÇΓöÇΓöÇΓöÇ
    test-results\responsive-admin-routes-x-viewports-admin-payouts-legacy-chromium\test-failed-1.png
    ΓöÇΓöÇΓöÇΓöÇΓöÇΓöÇΓöÇΓöÇΓöÇΓöÇΓöÇΓöÇΓöÇΓöÇΓöÇΓöÇΓöÇΓöÇΓöÇΓöÇΓöÇΓöÇΓöÇΓöÇΓöÇΓöÇΓöÇΓöÇΓöÇΓöÇΓöÇΓöÇΓöÇΓöÇΓöÇΓöÇΓöÇΓöÇΓöÇΓöÇΓöÇΓöÇΓöÇΓöÇΓöÇΓöÇΓöÇΓöÇΓöÇΓöÇΓöÇΓöÇΓöÇΓöÇΓöÇΓöÇΓöÇΓöÇΓöÇΓöÇΓöÇΓöÇΓöÇΓöÇΓöÇΓöÇΓöÇΓöÇΓöÇΓöÇΓöÇΓöÇΓöÇΓöÇΓöÇΓöÇΓöÇΓöÇΓöÇΓöÇΓöÇΓöÇΓöÇΓöÇΓöÇΓöÇΓöÇΓöÇΓöÇΓöÇΓöÇΓöÇΓöÇΓöÇΓöÇΓöÇ

    Error Context: test-results\responsive-admin-routes-x-viewports-admin-payouts-legacy-chromium\error-context.md

    attachment #9: trace (application/zip) ΓöÇΓöÇΓöÇΓöÇΓöÇΓöÇΓöÇΓöÇΓöÇΓöÇΓöÇΓöÇΓöÇΓöÇΓöÇΓöÇΓöÇΓöÇΓöÇΓöÇΓöÇΓöÇΓöÇΓöÇΓöÇΓöÇΓöÇΓöÇΓöÇΓöÇΓöÇΓöÇΓöÇΓöÇΓöÇΓöÇΓöÇΓöÇΓöÇΓöÇΓöÇΓöÇΓöÇΓöÇΓöÇΓöÇΓöÇΓöÇΓöÇΓöÇΓöÇΓöÇΓöÇΓöÇΓöÇΓöÇΓöÇ
    test-results\responsive-admin-routes-x-viewports-admin-payouts-legacy-chromium\trace.zip
    Usage:

        npx playwright show-trace test-results\responsive-admin-routes-x-viewports-admin-payouts-legacy-chromium\trace.zip

    ΓöÇΓöÇΓöÇΓöÇΓöÇΓöÇΓöÇΓöÇΓöÇΓöÇΓöÇΓöÇΓöÇΓöÇΓöÇΓöÇΓöÇΓöÇΓöÇΓöÇΓöÇΓöÇΓöÇΓöÇΓöÇΓöÇΓöÇΓöÇΓöÇΓöÇΓöÇΓöÇΓöÇΓöÇΓöÇΓöÇΓöÇΓöÇΓöÇΓöÇΓöÇΓöÇΓöÇΓöÇΓöÇΓöÇΓöÇΓöÇΓöÇΓöÇΓöÇΓöÇΓöÇΓöÇΓöÇΓöÇΓöÇΓöÇΓöÇΓöÇΓöÇΓöÇΓöÇΓöÇΓöÇΓöÇΓöÇΓöÇΓöÇΓöÇΓöÇΓöÇΓöÇΓöÇΓöÇΓöÇΓöÇΓöÇΓöÇΓöÇΓöÇΓöÇΓöÇΓöÇΓöÇΓöÇΓöÇΓöÇΓöÇΓöÇΓöÇΓöÇΓöÇΓöÇΓöÇΓöÇ

  123) [chromium] ΓÇ║ e2e\responsive.spec.mjs:19:5 ΓÇ║ admin routes x viewports ΓÇ║ /admin/pricing ΓöÇΓöÇΓöÇΓöÇΓöÇΓöÇΓöÇ

    Error: /admin/pricing
    @1600px:
      - navigation failed: page.goto: net::ERR_CONNECTION_REFUSED at http://localhost:3058/admin/pricing
    @1200px:
      - navigation failed: page.goto: net::ERR_CONNECTION_REFUSED at http://localhost:3058/admin/pricing
    @768px:
      - navigation failed: page.goto: net::ERR_CONNECTION_REFUSED at http://localhost:3058/admin/pricing
    @480px:
      - navigation failed: page.goto: net::ERR_CONNECTION_REFUSED at http://localhost:3058/admin/pricing
    @375px:
      - navigation failed: page.goto: net::ERR_CONNECTION_REFUSED at http://localhost:3058/admin/pricing

    expect(received).toEqual(expected) // deep equality

    - Expected  -  1
    + Received  + 12

    - Array []
    + Array [
    +   "@1600px:
    +   - navigation failed: page.goto: net::ERR_CONNECTION_REFUSED at http://localhost:3058/admin/pricing",
    +   "@1200px:
    +   - navigation failed: page.goto: net::ERR_CONNECTION_REFUSED at http://localhost:3058/admin/pricing",
    +   "@768px:
    +   - navigation failed: page.goto: net::ERR_CONNECTION_REFUSED at http://localhost:3058/admin/pricing",
    +   "@480px:
    +   - navigation failed: page.goto: net::ERR_CONNECTION_REFUSED at http://localhost:3058/admin/pricing",
    +   "@375px:
    +   - navigation failed: page.goto: net::ERR_CONNECTION_REFUSED at http://localhost:3058/admin/pricing",
    + ]

      12 |   await testInfo.attach("matrix", { body: JSON.stringify({ route, url, results }), contentType: "application/json" });
      13 |   const failed = results.filter((r) => r.issues.length).map((r) => `@${r.viewport}px:\n  - ${r.issues.join("\n  - ")}`);
    > 14 |   expect(failed, `${url}\n${failed.join("\n")}`).toEqual([]);
         |                                                  ^
      15 | }
      16 |
      17 | test.describe("admin routes x viewports", () => {
        at runMatrix (C:\Users\priyank\Desktop\Development\BharatAgrolink-admin\e2e\responsive.spec.mjs:14:50)
        at C:\Users\priyank\Desktop\Development\BharatAgrolink-admin\e2e\responsive.spec.mjs:20:7

    attachment #7: screenshot (image/png) ΓöÇΓöÇΓöÇΓöÇΓöÇΓöÇΓöÇΓöÇΓöÇΓöÇΓöÇΓöÇΓöÇΓöÇΓöÇΓöÇΓöÇΓöÇΓöÇΓöÇΓöÇΓöÇΓöÇΓöÇΓöÇΓöÇΓöÇΓöÇΓöÇΓöÇΓöÇΓöÇΓöÇΓöÇΓöÇΓöÇΓöÇΓöÇΓöÇΓöÇΓöÇΓöÇΓöÇΓöÇΓöÇΓöÇΓöÇΓöÇΓöÇΓöÇΓöÇΓöÇΓöÇΓöÇΓöÇΓöÇΓöÇΓöÇ
    test-results\responsive-admin-routes-x-viewports-admin-pricing-chromium\test-failed-1.png
    ΓöÇΓöÇΓöÇΓöÇΓöÇΓöÇΓöÇΓöÇΓöÇΓöÇΓöÇΓöÇΓöÇΓöÇΓöÇΓöÇΓöÇΓöÇΓöÇΓöÇΓöÇΓöÇΓöÇΓöÇΓöÇΓöÇΓöÇΓöÇΓöÇΓöÇΓöÇΓöÇΓöÇΓöÇΓöÇΓöÇΓöÇΓöÇΓöÇΓöÇΓöÇΓöÇΓöÇΓöÇΓöÇΓöÇΓöÇΓöÇΓöÇΓöÇΓöÇΓöÇΓöÇΓöÇΓöÇΓöÇΓöÇΓöÇΓöÇΓöÇΓöÇΓöÇΓöÇΓöÇΓöÇΓöÇΓöÇΓöÇΓöÇΓöÇΓöÇΓöÇΓöÇΓöÇΓöÇΓöÇΓöÇΓöÇΓöÇΓöÇΓöÇΓöÇΓöÇΓöÇΓöÇΓöÇΓöÇΓöÇΓöÇΓöÇΓöÇΓöÇΓöÇΓöÇΓöÇΓöÇ

    Error Context: test-results\responsive-admin-routes-x-viewports-admin-pricing-chromium\error-context.md

    attachment #9: trace (application/zip) ΓöÇΓöÇΓöÇΓöÇΓöÇΓöÇΓöÇΓöÇΓöÇΓöÇΓöÇΓöÇΓöÇΓöÇΓöÇΓöÇΓöÇΓöÇΓöÇΓöÇΓöÇΓöÇΓöÇΓöÇΓöÇΓöÇΓöÇΓöÇΓöÇΓöÇΓöÇΓöÇΓöÇΓöÇΓöÇΓöÇΓöÇΓöÇΓöÇΓöÇΓöÇΓöÇΓöÇΓöÇΓöÇΓöÇΓöÇΓöÇΓöÇΓöÇΓöÇΓöÇΓöÇΓöÇΓöÇΓöÇΓöÇ
    test-results\responsive-admin-routes-x-viewports-admin-pricing-chromium\trace.zip
    Usage:

        npx playwright show-trace test-results\responsive-admin-routes-x-viewports-admin-pricing-chromium\trace.zip

    ΓöÇΓöÇΓöÇΓöÇΓöÇΓöÇΓöÇΓöÇΓöÇΓöÇΓöÇΓöÇΓöÇΓöÇΓöÇΓöÇΓöÇΓöÇΓöÇΓöÇΓöÇΓöÇΓöÇΓöÇΓöÇΓöÇΓöÇΓöÇΓöÇΓöÇΓöÇΓöÇΓöÇΓöÇΓöÇΓöÇΓöÇΓöÇΓöÇΓöÇΓöÇΓöÇΓöÇΓöÇΓöÇΓöÇΓöÇΓöÇΓöÇΓöÇΓöÇΓöÇΓöÇΓöÇΓöÇΓöÇΓöÇΓöÇΓöÇΓöÇΓöÇΓöÇΓöÇΓöÇΓöÇΓöÇΓöÇΓöÇΓöÇΓöÇΓöÇΓöÇΓöÇΓöÇΓöÇΓöÇΓöÇΓöÇΓöÇΓöÇΓöÇΓöÇΓöÇΓöÇΓöÇΓöÇΓöÇΓöÇΓöÇΓöÇΓöÇΓöÇΓöÇΓöÇΓöÇΓöÇ

  124) [chromium] ΓÇ║ e2e\responsive.spec.mjs:19:5 ΓÇ║ admin routes x viewports ΓÇ║ /admin/pricing/commission 

    Error: /admin/pricing/commission
    @1600px:
      - navigation failed: page.goto: net::ERR_CONNECTION_REFUSED at http://localhost:3058/admin/pricing/commission
    @1200px:
      - navigation failed: page.goto: net::ERR_CONNECTION_REFUSED at http://localhost:3058/admin/pricing/commission
    @768px:
      - navigation failed: page.goto: net::ERR_CONNECTION_REFUSED at http://localhost:3058/admin/pricing/commission
    @480px:
      - navigation failed: page.goto: net::ERR_CONNECTION_REFUSED at http://localhost:3058/admin/pricing/commission
    @375px:
      - navigation failed: page.goto: net::ERR_CONNECTION_REFUSED at http://localhost:3058/admin/pricing/commission

    expect(received).toEqual(expected) // deep equality

    - Expected  -  1
    + Received  + 12

    - Array []
    + Array [
    +   "@1600px:
    +   - navigation failed: page.goto: net::ERR_CONNECTION_REFUSED at http://localhost:3058/admin/pricing/commission",
    +   "@1200px:
    +   - navigation failed: page.goto: net::ERR_CONNECTION_REFUSED at http://localhost:3058/admin/pricing/commission",
    +   "@768px:
    +   - navigation failed: page.goto: net::ERR_CONNECTION_REFUSED at http://localhost:3058/admin/pricing/commission",
    +   "@480px:
    +   - navigation failed: page.goto: net::ERR_CONNECTION_REFUSED at http://localhost:3058/admin/pricing/commission",
    +   "@375px:
    +   - navigation failed: page.goto: net::ERR_CONNECTION_REFUSED at http://localhost:3058/admin/pricing/commission",
    + ]

      12 |   await testInfo.attach("matrix", { body: JSON.stringify({ route, url, results }), contentType: "application/json" });
      13 |   const failed = results.filter((r) => r.issues.length).map((r) => `@${r.viewport}px:\n  - ${r.issues.join("\n  - ")}`);
    > 14 |   expect(failed, `${url}\n${failed.join("\n")}`).toEqual([]);
         |                                                  ^
      15 | }
      16 |
      17 | test.describe("admin routes x viewports", () => {
        at runMatrix (C:\Users\priyank\Desktop\Development\BharatAgrolink-admin\e2e\responsive.spec.mjs:14:50)
        at C:\Users\priyank\Desktop\Development\BharatAgrolink-admin\e2e\responsive.spec.mjs:20:7

    attachment #7: screenshot (image/png) ΓöÇΓöÇΓöÇΓöÇΓöÇΓöÇΓöÇΓöÇΓöÇΓöÇΓöÇΓöÇΓöÇΓöÇΓöÇΓöÇΓöÇΓöÇΓöÇΓöÇΓöÇΓöÇΓöÇΓöÇΓöÇΓöÇΓöÇΓöÇΓöÇΓöÇΓöÇΓöÇΓöÇΓöÇΓöÇΓöÇΓöÇΓöÇΓöÇΓöÇΓöÇΓöÇΓöÇΓöÇΓöÇΓöÇΓöÇΓöÇΓöÇΓöÇΓöÇΓöÇΓöÇΓöÇΓöÇΓöÇΓöÇΓöÇ
    test-results\responsive-admin-routes-x-viewports-admin-pricing-commission-chromium\test-failed-1.png
    ΓöÇΓöÇΓöÇΓöÇΓöÇΓöÇΓöÇΓöÇΓöÇΓöÇΓöÇΓöÇΓöÇΓöÇΓöÇΓöÇΓöÇΓöÇΓöÇΓöÇΓöÇΓöÇΓöÇΓöÇΓöÇΓöÇΓöÇΓöÇΓöÇΓöÇΓöÇΓöÇΓöÇΓöÇΓöÇΓöÇΓöÇΓöÇΓöÇΓöÇΓöÇΓöÇΓöÇΓöÇΓöÇΓöÇΓöÇΓöÇΓöÇΓöÇΓöÇΓöÇΓöÇΓöÇΓöÇΓöÇΓöÇΓöÇΓöÇΓöÇΓöÇΓöÇΓöÇΓöÇΓöÇΓöÇΓöÇΓöÇΓöÇΓöÇΓöÇΓöÇΓöÇΓöÇΓöÇΓöÇΓöÇΓöÇΓöÇΓöÇΓöÇΓöÇΓöÇΓöÇΓöÇΓöÇΓöÇΓöÇΓöÇΓöÇΓöÇΓöÇΓöÇΓöÇΓöÇΓöÇ

    Error Context: test-results\responsive-admin-routes-x-viewports-admin-pricing-commission-chromium\error-context.md

    attachment #9: trace (application/zip) ΓöÇΓöÇΓöÇΓöÇΓöÇΓöÇΓöÇΓöÇΓöÇΓöÇΓöÇΓöÇΓöÇΓöÇΓöÇΓöÇΓöÇΓöÇΓöÇΓöÇΓöÇΓöÇΓöÇΓöÇΓöÇΓöÇΓöÇΓöÇΓöÇΓöÇΓöÇΓöÇΓöÇΓöÇΓöÇΓöÇΓöÇΓöÇΓöÇΓöÇΓöÇΓöÇΓöÇΓöÇΓöÇΓöÇΓöÇΓöÇΓöÇΓöÇΓöÇΓöÇΓöÇΓöÇΓöÇΓöÇΓöÇ
    test-results\responsive-admin-routes-x-viewports-admin-pricing-commission-chromium\trace.zip
    Usage:

        npx playwright show-trace test-results\responsive-admin-routes-x-viewports-admin-pricing-commission-chromium\trace.zip

    ΓöÇΓöÇΓöÇΓöÇΓöÇΓöÇΓöÇΓöÇΓöÇΓöÇΓöÇΓöÇΓöÇΓöÇΓöÇΓöÇΓöÇΓöÇΓöÇΓöÇΓöÇΓöÇΓöÇΓöÇΓöÇΓöÇΓöÇΓöÇΓöÇΓöÇΓöÇΓöÇΓöÇΓöÇΓöÇΓöÇΓöÇΓöÇΓöÇΓöÇΓöÇΓöÇΓöÇΓöÇΓöÇΓöÇΓöÇΓöÇΓöÇΓöÇΓöÇΓöÇΓöÇΓöÇΓöÇΓöÇΓöÇΓöÇΓöÇΓöÇΓöÇΓöÇΓöÇΓöÇΓöÇΓöÇΓöÇΓöÇΓöÇΓöÇΓöÇΓöÇΓöÇΓöÇΓöÇΓöÇΓöÇΓöÇΓöÇΓöÇΓöÇΓöÇΓöÇΓöÇΓöÇΓöÇΓöÇΓöÇΓöÇΓöÇΓöÇΓöÇΓöÇΓöÇΓöÇΓöÇ

  125) [chromium] ΓÇ║ e2e\responsive.spec.mjs:19:5 ΓÇ║ admin routes x viewports ΓÇ║ /admin/pricing/cost-config 

    Error: /admin/pricing/cost-config
    @1600px:
      - navigation failed: page.goto: net::ERR_CONNECTION_REFUSED at http://localhost:3058/admin/pricing/cost-config
    @1200px:
      - navigation failed: page.goto: net::ERR_CONNECTION_REFUSED at http://localhost:3058/admin/pricing/cost-config
    @768px:
      - navigation failed: page.goto: net::ERR_CONNECTION_REFUSED at http://localhost:3058/admin/pricing/cost-config
    @480px:
      - navigation failed: page.goto: net::ERR_CONNECTION_REFUSED at http://localhost:3058/admin/pricing/cost-config
    @375px:
      - navigation failed: page.goto: net::ERR_CONNECTION_REFUSED at http://localhost:3058/admin/pricing/cost-config

    expect(received).toEqual(expected) // deep equality

    - Expected  -  1
    + Received  + 12

    - Array []
    + Array [
    +   "@1600px:
    +   - navigation failed: page.goto: net::ERR_CONNECTION_REFUSED at http://localhost:3058/admin/pricing/cost-config",
    +   "@1200px:
    +   - navigation failed: page.goto: net::ERR_CONNECTION_REFUSED at http://localhost:3058/admin/pricing/cost-config",
    +   "@768px:
    +   - navigation failed: page.goto: net::ERR_CONNECTION_REFUSED at http://localhost:3058/admin/pricing/cost-config",
    +   "@480px:
    +   - navigation failed: page.goto: net::ERR_CONNECTION_REFUSED at http://localhost:3058/admin/pricing/cost-config",
    +   "@375px:
    +   - navigation failed: page.goto: net::ERR_CONNECTION_REFUSED at http://localhost:3058/admin/pricing/cost-config",
    + ]

      12 |   await testInfo.attach("matrix", { body: JSON.stringify({ route, url, results }), contentType: "application/json" });
      13 |   const failed = results.filter((r) => r.issues.length).map((r) => `@${r.viewport}px:\n  - ${r.issues.join("\n  - ")}`);
    > 14 |   expect(failed, `${url}\n${failed.join("\n")}`).toEqual([]);
         |                                                  ^
      15 | }
      16 |
      17 | test.describe("admin routes x viewports", () => {
        at runMatrix (C:\Users\priyank\Desktop\Development\BharatAgrolink-admin\e2e\responsive.spec.mjs:14:50)
        at C:\Users\priyank\Desktop\Development\BharatAgrolink-admin\e2e\responsive.spec.mjs:20:7

    attachment #7: screenshot (image/png) ΓöÇΓöÇΓöÇΓöÇΓöÇΓöÇΓöÇΓöÇΓöÇΓöÇΓöÇΓöÇΓöÇΓöÇΓöÇΓöÇΓöÇΓöÇΓöÇΓöÇΓöÇΓöÇΓöÇΓöÇΓöÇΓöÇΓöÇΓöÇΓöÇΓöÇΓöÇΓöÇΓöÇΓöÇΓöÇΓöÇΓöÇΓöÇΓöÇΓöÇΓöÇΓöÇΓöÇΓöÇΓöÇΓöÇΓöÇΓöÇΓöÇΓöÇΓöÇΓöÇΓöÇΓöÇΓöÇΓöÇΓöÇΓöÇ
    test-results\responsive-admin-routes-x--cf972-s-admin-pricing-cost-config-chromium\test-failed-1.png
    ΓöÇΓöÇΓöÇΓöÇΓöÇΓöÇΓöÇΓöÇΓöÇΓöÇΓöÇΓöÇΓöÇΓöÇΓöÇΓöÇΓöÇΓöÇΓöÇΓöÇΓöÇΓöÇΓöÇΓöÇΓöÇΓöÇΓöÇΓöÇΓöÇΓöÇΓöÇΓöÇΓöÇΓöÇΓöÇΓöÇΓöÇΓöÇΓöÇΓöÇΓöÇΓöÇΓöÇΓöÇΓöÇΓöÇΓöÇΓöÇΓöÇΓöÇΓöÇΓöÇΓöÇΓöÇΓöÇΓöÇΓöÇΓöÇΓöÇΓöÇΓöÇΓöÇΓöÇΓöÇΓöÇΓöÇΓöÇΓöÇΓöÇΓöÇΓöÇΓöÇΓöÇΓöÇΓöÇΓöÇΓöÇΓöÇΓöÇΓöÇΓöÇΓöÇΓöÇΓöÇΓöÇΓöÇΓöÇΓöÇΓöÇΓöÇΓöÇΓöÇΓöÇΓöÇΓöÇΓöÇ

    Error Context: test-results\responsive-admin-routes-x--cf972-s-admin-pricing-cost-config-chromium\error-context.md

    attachment #9: trace (application/zip) ΓöÇΓöÇΓöÇΓöÇΓöÇΓöÇΓöÇΓöÇΓöÇΓöÇΓöÇΓöÇΓöÇΓöÇΓöÇΓöÇΓöÇΓöÇΓöÇΓöÇΓöÇΓöÇΓöÇΓöÇΓöÇΓöÇΓöÇΓöÇΓöÇΓöÇΓöÇΓöÇΓöÇΓöÇΓöÇΓöÇΓöÇΓöÇΓöÇΓöÇΓöÇΓöÇΓöÇΓöÇΓöÇΓöÇΓöÇΓöÇΓöÇΓöÇΓöÇΓöÇΓöÇΓöÇΓöÇΓöÇΓöÇ
    test-results\responsive-admin-routes-x--cf972-s-admin-pricing-cost-config-chromium\trace.zip
    Usage:

        npx playwright show-trace test-results\responsive-admin-routes-x--cf972-s-admin-pricing-cost-config-chromium\trace.zip

    ΓöÇΓöÇΓöÇΓöÇΓöÇΓöÇΓöÇΓöÇΓöÇΓöÇΓöÇΓöÇΓöÇΓöÇΓöÇΓöÇΓöÇΓöÇΓöÇΓöÇΓöÇΓöÇΓöÇΓöÇΓöÇΓöÇΓöÇΓöÇΓöÇΓöÇΓöÇΓöÇΓöÇΓöÇΓöÇΓöÇΓöÇΓöÇΓöÇΓöÇΓöÇΓöÇΓöÇΓöÇΓöÇΓöÇΓöÇΓöÇΓöÇΓöÇΓöÇΓöÇΓöÇΓöÇΓöÇΓöÇΓöÇΓöÇΓöÇΓöÇΓöÇΓöÇΓöÇΓöÇΓöÇΓöÇΓöÇΓöÇΓöÇΓöÇΓöÇΓöÇΓöÇΓöÇΓöÇΓöÇΓöÇΓöÇΓöÇΓöÇΓöÇΓöÇΓöÇΓöÇΓöÇΓöÇΓöÇΓöÇΓöÇΓöÇΓöÇΓöÇΓöÇΓöÇΓöÇΓöÇ

  126) [chromium] ΓÇ║ e2e\responsive.spec.mjs:19:5 ΓÇ║ admin routes x viewports ΓÇ║ /admin/pricing/master-nrv 

    Error: /admin/pricing/master-nrv
    @1600px:
      - navigation failed: page.goto: net::ERR_CONNECTION_REFUSED at http://localhost:3058/admin/pricing/master-nrv
    @1200px:
      - navigation failed: page.goto: net::ERR_CONNECTION_REFUSED at http://localhost:3058/admin/pricing/master-nrv
    @768px:
      - navigation failed: page.goto: net::ERR_CONNECTION_REFUSED at http://localhost:3058/admin/pricing/master-nrv
    @480px:
      - navigation failed: page.goto: net::ERR_CONNECTION_REFUSED at http://localhost:3058/admin/pricing/master-nrv
    @375px:
      - navigation failed: page.goto: net::ERR_CONNECTION_REFUSED at http://localhost:3058/admin/pricing/master-nrv

    expect(received).toEqual(expected) // deep equality

    - Expected  -  1
    + Received  + 12

    - Array []
    + Array [
    +   "@1600px:
    +   - navigation failed: page.goto: net::ERR_CONNECTION_REFUSED at http://localhost:3058/admin/pricing/master-nrv",
    +   "@1200px:
    +   - navigation failed: page.goto: net::ERR_CONNECTION_REFUSED at http://localhost:3058/admin/pricing/master-nrv",
    +   "@768px:
    +   - navigation failed: page.goto: net::ERR_CONNECTION_REFUSED at http://localhost:3058/admin/pricing/master-nrv",
    +   "@480px:
    +   - navigation failed: page.goto: net::ERR_CONNECTION_REFUSED at http://localhost:3058/admin/pricing/master-nrv",
    +   "@375px:
    +   - navigation failed: page.goto: net::ERR_CONNECTION_REFUSED at http://localhost:3058/admin/pricing/master-nrv",
    + ]

      12 |   await testInfo.attach("matrix", { body: JSON.stringify({ route, url, results }), contentType: "application/json" });
      13 |   const failed = results.filter((r) => r.issues.length).map((r) => `@${r.viewport}px:\n  - ${r.issues.join("\n  - ")}`);
    > 14 |   expect(failed, `${url}\n${failed.join("\n")}`).toEqual([]);
         |                                                  ^
      15 | }
      16 |
      17 | test.describe("admin routes x viewports", () => {
        at runMatrix (C:\Users\priyank\Desktop\Development\BharatAgrolink-admin\e2e\responsive.spec.mjs:14:50)
        at C:\Users\priyank\Desktop\Development\BharatAgrolink-admin\e2e\responsive.spec.mjs:20:7

    attachment #7: screenshot (image/png) ΓöÇΓöÇΓöÇΓöÇΓöÇΓöÇΓöÇΓöÇΓöÇΓöÇΓöÇΓöÇΓöÇΓöÇΓöÇΓöÇΓöÇΓöÇΓöÇΓöÇΓöÇΓöÇΓöÇΓöÇΓöÇΓöÇΓöÇΓöÇΓöÇΓöÇΓöÇΓöÇΓöÇΓöÇΓöÇΓöÇΓöÇΓöÇΓöÇΓöÇΓöÇΓöÇΓöÇΓöÇΓöÇΓöÇΓöÇΓöÇΓöÇΓöÇΓöÇΓöÇΓöÇΓöÇΓöÇΓöÇΓöÇΓöÇ
    test-results\responsive-admin-routes-x-viewports-admin-pricing-master-nrv-chromium\test-failed-1.png
    ΓöÇΓöÇΓöÇΓöÇΓöÇΓöÇΓöÇΓöÇΓöÇΓöÇΓöÇΓöÇΓöÇΓöÇΓöÇΓöÇΓöÇΓöÇΓöÇΓöÇΓöÇΓöÇΓöÇΓöÇΓöÇΓöÇΓöÇΓöÇΓöÇΓöÇΓöÇΓöÇΓöÇΓöÇΓöÇΓöÇΓöÇΓöÇΓöÇΓöÇΓöÇΓöÇΓöÇΓöÇΓöÇΓöÇΓöÇΓöÇΓöÇΓöÇΓöÇΓöÇΓöÇΓöÇΓöÇΓöÇΓöÇΓöÇΓöÇΓöÇΓöÇΓöÇΓöÇΓöÇΓöÇΓöÇΓöÇΓöÇΓöÇΓöÇΓöÇΓöÇΓöÇΓöÇΓöÇΓöÇΓöÇΓöÇΓöÇΓöÇΓöÇΓöÇΓöÇΓöÇΓöÇΓöÇΓöÇΓöÇΓöÇΓöÇΓöÇΓöÇΓöÇΓöÇΓöÇΓöÇ

    Error Context: test-results\responsive-admin-routes-x-viewports-admin-pricing-master-nrv-chromium\error-context.md

    attachment #9: trace (application/zip) ΓöÇΓöÇΓöÇΓöÇΓöÇΓöÇΓöÇΓöÇΓöÇΓöÇΓöÇΓöÇΓöÇΓöÇΓöÇΓöÇΓöÇΓöÇΓöÇΓöÇΓöÇΓöÇΓöÇΓöÇΓöÇΓöÇΓöÇΓöÇΓöÇΓöÇΓöÇΓöÇΓöÇΓöÇΓöÇΓöÇΓöÇΓöÇΓöÇΓöÇΓöÇΓöÇΓöÇΓöÇΓöÇΓöÇΓöÇΓöÇΓöÇΓöÇΓöÇΓöÇΓöÇΓöÇΓöÇΓöÇΓöÇ
    test-results\responsive-admin-routes-x-viewports-admin-pricing-master-nrv-chromium\trace.zip
    Usage:

        npx playwright show-trace test-results\responsive-admin-routes-x-viewports-admin-pricing-master-nrv-chromium\trace.zip

    ΓöÇΓöÇΓöÇΓöÇΓöÇΓöÇΓöÇΓöÇΓöÇΓöÇΓöÇΓöÇΓöÇΓöÇΓöÇΓöÇΓöÇΓöÇΓöÇΓöÇΓöÇΓöÇΓöÇΓöÇΓöÇΓöÇΓöÇΓöÇΓöÇΓöÇΓöÇΓöÇΓöÇΓöÇΓöÇΓöÇΓöÇΓöÇΓöÇΓöÇΓöÇΓöÇΓöÇΓöÇΓöÇΓöÇΓöÇΓöÇΓöÇΓöÇΓöÇΓöÇΓöÇΓöÇΓöÇΓöÇΓöÇΓöÇΓöÇΓöÇΓöÇΓöÇΓöÇΓöÇΓöÇΓöÇΓöÇΓöÇΓöÇΓöÇΓöÇΓöÇΓöÇΓöÇΓöÇΓöÇΓöÇΓöÇΓöÇΓöÇΓöÇΓöÇΓöÇΓöÇΓöÇΓöÇΓöÇΓöÇΓöÇΓöÇΓöÇΓöÇΓöÇΓöÇΓöÇΓöÇ

  127) [chromium] ΓÇ║ e2e\responsive.spec.mjs:19:5 ΓÇ║ admin routes x viewports ΓÇ║ /admin/products ΓöÇΓöÇΓöÇΓöÇΓöÇΓöÇ

    Error: /admin/products
    @1600px:
      - navigation failed: page.goto: net::ERR_CONNECTION_REFUSED at http://localhost:3058/admin/products
    @1200px:
      - navigation failed: page.goto: net::ERR_CONNECTION_REFUSED at http://localhost:3058/admin/products
    @768px:
      - navigation failed: page.goto: net::ERR_CONNECTION_REFUSED at http://localhost:3058/admin/products
    @480px:
      - navigation failed: page.goto: net::ERR_CONNECTION_REFUSED at http://localhost:3058/admin/products
    @375px:
      - navigation failed: page.goto: net::ERR_CONNECTION_REFUSED at http://localhost:3058/admin/products

    expect(received).toEqual(expected) // deep equality

    - Expected  -  1
    + Received  + 12

    - Array []
    + Array [
    +   "@1600px:
    +   - navigation failed: page.goto: net::ERR_CONNECTION_REFUSED at http://localhost:3058/admin/products",
    +   "@1200px:
    +   - navigation failed: page.goto: net::ERR_CONNECTION_REFUSED at http://localhost:3058/admin/products",
    +   "@768px:
    +   - navigation failed: page.goto: net::ERR_CONNECTION_REFUSED at http://localhost:3058/admin/products",
    +   "@480px:
    +   - navigation failed: page.goto: net::ERR_CONNECTION_REFUSED at http://localhost:3058/admin/products",
    +   "@375px:
    +   - navigation failed: page.goto: net::ERR_CONNECTION_REFUSED at http://localhost:3058/admin/products",
    + ]

      12 |   await testInfo.attach("matrix", { body: JSON.stringify({ route, url, results }), contentType: "application/json" });
      13 |   const failed = results.filter((r) => r.issues.length).map((r) => `@${r.viewport}px:\n  - ${r.issues.join("\n  - ")}`);
    > 14 |   expect(failed, `${url}\n${failed.join("\n")}`).toEqual([]);
         |                                                  ^
      15 | }
      16 |
      17 | test.describe("admin routes x viewports", () => {
        at runMatrix (C:\Users\priyank\Desktop\Development\BharatAgrolink-admin\e2e\responsive.spec.mjs:14:50)
        at C:\Users\priyank\Desktop\Development\BharatAgrolink-admin\e2e\responsive.spec.mjs:20:7

    attachment #7: screenshot (image/png) ΓöÇΓöÇΓöÇΓöÇΓöÇΓöÇΓöÇΓöÇΓöÇΓöÇΓöÇΓöÇΓöÇΓöÇΓöÇΓöÇΓöÇΓöÇΓöÇΓöÇΓöÇΓöÇΓöÇΓöÇΓöÇΓöÇΓöÇΓöÇΓöÇΓöÇΓöÇΓöÇΓöÇΓöÇΓöÇΓöÇΓöÇΓöÇΓöÇΓöÇΓöÇΓöÇΓöÇΓöÇΓöÇΓöÇΓöÇΓöÇΓöÇΓöÇΓöÇΓöÇΓöÇΓöÇΓöÇΓöÇΓöÇΓöÇ
    test-results\responsive-admin-routes-x-viewports-admin-products-chromium\test-failed-1.png
    ΓöÇΓöÇΓöÇΓöÇΓöÇΓöÇΓöÇΓöÇΓöÇΓöÇΓöÇΓöÇΓöÇΓöÇΓöÇΓöÇΓöÇΓöÇΓöÇΓöÇΓöÇΓöÇΓöÇΓöÇΓöÇΓöÇΓöÇΓöÇΓöÇΓöÇΓöÇΓöÇΓöÇΓöÇΓöÇΓöÇΓöÇΓöÇΓöÇΓöÇΓöÇΓöÇΓöÇΓöÇΓöÇΓöÇΓöÇΓöÇΓöÇΓöÇΓöÇΓöÇΓöÇΓöÇΓöÇΓöÇΓöÇΓöÇΓöÇΓöÇΓöÇΓöÇΓöÇΓöÇΓöÇΓöÇΓöÇΓöÇΓöÇΓöÇΓöÇΓöÇΓöÇΓöÇΓöÇΓöÇΓöÇΓöÇΓöÇΓöÇΓöÇΓöÇΓöÇΓöÇΓöÇΓöÇΓöÇΓöÇΓöÇΓöÇΓöÇΓöÇΓöÇΓöÇΓöÇΓöÇ

    Error Context: test-results\responsive-admin-routes-x-viewports-admin-products-chromium\error-context.md

    attachment #9: trace (application/zip) ΓöÇΓöÇΓöÇΓöÇΓöÇΓöÇΓöÇΓöÇΓöÇΓöÇΓöÇΓöÇΓöÇΓöÇΓöÇΓöÇΓöÇΓöÇΓöÇΓöÇΓöÇΓöÇΓöÇΓöÇΓöÇΓöÇΓöÇΓöÇΓöÇΓöÇΓöÇΓöÇΓöÇΓöÇΓöÇΓöÇΓöÇΓöÇΓöÇΓöÇΓöÇΓöÇΓöÇΓöÇΓöÇΓöÇΓöÇΓöÇΓöÇΓöÇΓöÇΓöÇΓöÇΓöÇΓöÇΓöÇΓöÇ
    test-results\responsive-admin-routes-x-viewports-admin-products-chromium\trace.zip
    Usage:

        npx playwright show-trace test-results\responsive-admin-routes-x-viewports-admin-products-chromium\trace.zip

    ΓöÇΓöÇΓöÇΓöÇΓöÇΓöÇΓöÇΓöÇΓöÇΓöÇΓöÇΓöÇΓöÇΓöÇΓöÇΓöÇΓöÇΓöÇΓöÇΓöÇΓöÇΓöÇΓöÇΓöÇΓöÇΓöÇΓöÇΓöÇΓöÇΓöÇΓöÇΓöÇΓöÇΓöÇΓöÇΓöÇΓöÇΓöÇΓöÇΓöÇΓöÇΓöÇΓöÇΓöÇΓöÇΓöÇΓöÇΓöÇΓöÇΓöÇΓöÇΓöÇΓöÇΓöÇΓöÇΓöÇΓöÇΓöÇΓöÇΓöÇΓöÇΓöÇΓöÇΓöÇΓöÇΓöÇΓöÇΓöÇΓöÇΓöÇΓöÇΓöÇΓöÇΓöÇΓöÇΓöÇΓöÇΓöÇΓöÇΓöÇΓöÇΓöÇΓöÇΓöÇΓöÇΓöÇΓöÇΓöÇΓöÇΓöÇΓöÇΓöÇΓöÇΓöÇΓöÇΓöÇ

  128) [chromium] ΓÇ║ e2e\responsive.spec.mjs:19:5 ΓÇ║ admin routes x viewports ΓÇ║ /admin/products/import 

    Error: /admin/products/import
    @1600px:
      - navigation failed: page.goto: net::ERR_CONNECTION_REFUSED at http://localhost:3058/admin/products/import
    @1200px:
      - navigation failed: page.goto: net::ERR_CONNECTION_REFUSED at http://localhost:3058/admin/products/import
    @768px:
      - navigation failed: page.goto: net::ERR_CONNECTION_REFUSED at http://localhost:3058/admin/products/import
    @480px:
      - navigation failed: page.goto: net::ERR_CONNECTION_REFUSED at http://localhost:3058/admin/products/import
    @375px:
      - navigation failed: page.goto: net::ERR_CONNECTION_REFUSED at http://localhost:3058/admin/products/import

    expect(received).toEqual(expected) // deep equality

    - Expected  -  1
    + Received  + 12

    - Array []
    + Array [
    +   "@1600px:
    +   - navigation failed: page.goto: net::ERR_CONNECTION_REFUSED at http://localhost:3058/admin/products/import",
    +   "@1200px:
    +   - navigation failed: page.goto: net::ERR_CONNECTION_REFUSED at http://localhost:3058/admin/products/import",
    +   "@768px:
    +   - navigation failed: page.goto: net::ERR_CONNECTION_REFUSED at http://localhost:3058/admin/products/import",
    +   "@480px:
    +   - navigation failed: page.goto: net::ERR_CONNECTION_REFUSED at http://localhost:3058/admin/products/import",
    +   "@375px:
    +   - navigation failed: page.goto: net::ERR_CONNECTION_REFUSED at http://localhost:3058/admin/products/import",
    + ]

      12 |   await testInfo.attach("matrix", { body: JSON.stringify({ route, url, results }), contentType: "application/json" });
      13 |   const failed = results.filter((r) => r.issues.length).map((r) => `@${r.viewport}px:\n  - ${r.issues.join("\n  - ")}`);
    > 14 |   expect(failed, `${url}\n${failed.join("\n")}`).toEqual([]);
         |                                                  ^
      15 | }
      16 |
      17 | test.describe("admin routes x viewports", () => {
        at runMatrix (C:\Users\priyank\Desktop\Development\BharatAgrolink-admin\e2e\responsive.spec.mjs:14:50)
        at C:\Users\priyank\Desktop\Development\BharatAgrolink-admin\e2e\responsive.spec.mjs:20:7

    attachment #7: screenshot (image/png) ΓöÇΓöÇΓöÇΓöÇΓöÇΓöÇΓöÇΓöÇΓöÇΓöÇΓöÇΓöÇΓöÇΓöÇΓöÇΓöÇΓöÇΓöÇΓöÇΓöÇΓöÇΓöÇΓöÇΓöÇΓöÇΓöÇΓöÇΓöÇΓöÇΓöÇΓöÇΓöÇΓöÇΓöÇΓöÇΓöÇΓöÇΓöÇΓöÇΓöÇΓöÇΓöÇΓöÇΓöÇΓöÇΓöÇΓöÇΓöÇΓöÇΓöÇΓöÇΓöÇΓöÇΓöÇΓöÇΓöÇΓöÇΓöÇ
    test-results\responsive-admin-routes-x-viewports-admin-products-import-chromium\test-failed-1.png
    ΓöÇΓöÇΓöÇΓöÇΓöÇΓöÇΓöÇΓöÇΓöÇΓöÇΓöÇΓöÇΓöÇΓöÇΓöÇΓöÇΓöÇΓöÇΓöÇΓöÇΓöÇΓöÇΓöÇΓöÇΓöÇΓöÇΓöÇΓöÇΓöÇΓöÇΓöÇΓöÇΓöÇΓöÇΓöÇΓöÇΓöÇΓöÇΓöÇΓöÇΓöÇΓöÇΓöÇΓöÇΓöÇΓöÇΓöÇΓöÇΓöÇΓöÇΓöÇΓöÇΓöÇΓöÇΓöÇΓöÇΓöÇΓöÇΓöÇΓöÇΓöÇΓöÇΓöÇΓöÇΓöÇΓöÇΓöÇΓöÇΓöÇΓöÇΓöÇΓöÇΓöÇΓöÇΓöÇΓöÇΓöÇΓöÇΓöÇΓöÇΓöÇΓöÇΓöÇΓöÇΓöÇΓöÇΓöÇΓöÇΓöÇΓöÇΓöÇΓöÇΓöÇΓöÇΓöÇΓöÇ

    Error Context: test-results\responsive-admin-routes-x-viewports-admin-products-import-chromium\error-context.md

    attachment #9: trace (application/zip) ΓöÇΓöÇΓöÇΓöÇΓöÇΓöÇΓöÇΓöÇΓöÇΓöÇΓöÇΓöÇΓöÇΓöÇΓöÇΓöÇΓöÇΓöÇΓöÇΓöÇΓöÇΓöÇΓöÇΓöÇΓöÇΓöÇΓöÇΓöÇΓöÇΓöÇΓöÇΓöÇΓöÇΓöÇΓöÇΓöÇΓöÇΓöÇΓöÇΓöÇΓöÇΓöÇΓöÇΓöÇΓöÇΓöÇΓöÇΓöÇΓöÇΓöÇΓöÇΓöÇΓöÇΓöÇΓöÇΓöÇΓöÇ
    test-results\responsive-admin-routes-x-viewports-admin-products-import-chromium\trace.zip
    Usage:

        npx playwright show-trace test-results\responsive-admin-routes-x-viewports-admin-products-import-chromium\trace.zip

    ΓöÇΓöÇΓöÇΓöÇΓöÇΓöÇΓöÇΓöÇΓöÇΓöÇΓöÇΓöÇΓöÇΓöÇΓöÇΓöÇΓöÇΓöÇΓöÇΓöÇΓöÇΓöÇΓöÇΓöÇΓöÇΓöÇΓöÇΓöÇΓöÇΓöÇΓöÇΓöÇΓöÇΓöÇΓöÇΓöÇΓöÇΓöÇΓöÇΓöÇΓöÇΓöÇΓöÇΓöÇΓöÇΓöÇΓöÇΓöÇΓöÇΓöÇΓöÇΓöÇΓöÇΓöÇΓöÇΓöÇΓöÇΓöÇΓöÇΓöÇΓöÇΓöÇΓöÇΓöÇΓöÇΓöÇΓöÇΓöÇΓöÇΓöÇΓöÇΓöÇΓöÇΓöÇΓöÇΓöÇΓöÇΓöÇΓöÇΓöÇΓöÇΓöÇΓöÇΓöÇΓöÇΓöÇΓöÇΓöÇΓöÇΓöÇΓöÇΓöÇΓöÇΓöÇΓöÇΓöÇ

  129) [chromium] ΓÇ║ e2e\responsive.spec.mjs:19:5 ΓÇ║ admin routes x viewports ΓÇ║ /admin/products/new ΓöÇΓöÇ

    Error: /admin/products/new
    @1600px:
      - navigation failed: page.goto: net::ERR_CONNECTION_REFUSED at http://localhost:3058/admin/products/new
    @1200px:
      - navigation failed: page.goto: net::ERR_CONNECTION_REFUSED at http://localhost:3058/admin/products/new
    @768px:
      - navigation failed: page.goto: net::ERR_CONNECTION_REFUSED at http://localhost:3058/admin/products/new
    @480px:
      - navigation failed: page.goto: net::ERR_CONNECTION_REFUSED at http://localhost:3058/admin/products/new
    @375px:
      - navigation failed: page.goto: net::ERR_CONNECTION_REFUSED at http://localhost:3058/admin/products/new

    expect(received).toEqual(expected) // deep equality

    - Expected  -  1
    + Received  + 12

    - Array []
    + Array [
    +   "@1600px:
    +   - navigation failed: page.goto: net::ERR_CONNECTION_REFUSED at http://localhost:3058/admin/products/new",
    +   "@1200px:
    +   - navigation failed: page.goto: net::ERR_CONNECTION_REFUSED at http://localhost:3058/admin/products/new",
    +   "@768px:
    +   - navigation failed: page.goto: net::ERR_CONNECTION_REFUSED at http://localhost:3058/admin/products/new",
    +   "@480px:
    +   - navigation failed: page.goto: net::ERR_CONNECTION_REFUSED at http://localhost:3058/admin/products/new",
    +   "@375px:
    +   - navigation failed: page.goto: net::ERR_CONNECTION_REFUSED at http://localhost:3058/admin/products/new",
    + ]

      12 |   await testInfo.attach("matrix", { body: JSON.stringify({ route, url, results }), contentType: "application/json" });
      13 |   const failed = results.filter((r) => r.issues.length).map((r) => `@${r.viewport}px:\n  - ${r.issues.join("\n  - ")}`);
    > 14 |   expect(failed, `${url}\n${failed.join("\n")}`).toEqual([]);
         |                                                  ^
      15 | }
      16 |
      17 | test.describe("admin routes x viewports", () => {
        at runMatrix (C:\Users\priyank\Desktop\Development\BharatAgrolink-admin\e2e\responsive.spec.mjs:14:50)
        at C:\Users\priyank\Desktop\Development\BharatAgrolink-admin\e2e\responsive.spec.mjs:20:7

    attachment #7: screenshot (image/png) ΓöÇΓöÇΓöÇΓöÇΓöÇΓöÇΓöÇΓöÇΓöÇΓöÇΓöÇΓöÇΓöÇΓöÇΓöÇΓöÇΓöÇΓöÇΓöÇΓöÇΓöÇΓöÇΓöÇΓöÇΓöÇΓöÇΓöÇΓöÇΓöÇΓöÇΓöÇΓöÇΓöÇΓöÇΓöÇΓöÇΓöÇΓöÇΓöÇΓöÇΓöÇΓöÇΓöÇΓöÇΓöÇΓöÇΓöÇΓöÇΓöÇΓöÇΓöÇΓöÇΓöÇΓöÇΓöÇΓöÇΓöÇΓöÇ
    test-results\responsive-admin-routes-x-viewports-admin-products-new-chromium\test-failed-1.png
    ΓöÇΓöÇΓöÇΓöÇΓöÇΓöÇΓöÇΓöÇΓöÇΓöÇΓöÇΓöÇΓöÇΓöÇΓöÇΓöÇΓöÇΓöÇΓöÇΓöÇΓöÇΓöÇΓöÇΓöÇΓöÇΓöÇΓöÇΓöÇΓöÇΓöÇΓöÇΓöÇΓöÇΓöÇΓöÇΓöÇΓöÇΓöÇΓöÇΓöÇΓöÇΓöÇΓöÇΓöÇΓöÇΓöÇΓöÇΓöÇΓöÇΓöÇΓöÇΓöÇΓöÇΓöÇΓöÇΓöÇΓöÇΓöÇΓöÇΓöÇΓöÇΓöÇΓöÇΓöÇΓöÇΓöÇΓöÇΓöÇΓöÇΓöÇΓöÇΓöÇΓöÇΓöÇΓöÇΓöÇΓöÇΓöÇΓöÇΓöÇΓöÇΓöÇΓöÇΓöÇΓöÇΓöÇΓöÇΓöÇΓöÇΓöÇΓöÇΓöÇΓöÇΓöÇΓöÇΓöÇ

    Error Context: test-results\responsive-admin-routes-x-viewports-admin-products-new-chromium\error-context.md

    attachment #9: trace (application/zip) ΓöÇΓöÇΓöÇΓöÇΓöÇΓöÇΓöÇΓöÇΓöÇΓöÇΓöÇΓöÇΓöÇΓöÇΓöÇΓöÇΓöÇΓöÇΓöÇΓöÇΓöÇΓöÇΓöÇΓöÇΓöÇΓöÇΓöÇΓöÇΓöÇΓöÇΓöÇΓöÇΓöÇΓöÇΓöÇΓöÇΓöÇΓöÇΓöÇΓöÇΓöÇΓöÇΓöÇΓöÇΓöÇΓöÇΓöÇΓöÇΓöÇΓöÇΓöÇΓöÇΓöÇΓöÇΓöÇΓöÇΓöÇ
    test-results\responsive-admin-routes-x-viewports-admin-products-new-chromium\trace.zip
    Usage:

        npx playwright show-trace test-results\responsive-admin-routes-x-viewports-admin-products-new-chromium\trace.zip

    ΓöÇΓöÇΓöÇΓöÇΓöÇΓöÇΓöÇΓöÇΓöÇΓöÇΓöÇΓöÇΓöÇΓöÇΓöÇΓöÇΓöÇΓöÇΓöÇΓöÇΓöÇΓöÇΓöÇΓöÇΓöÇΓöÇΓöÇΓöÇΓöÇΓöÇΓöÇΓöÇΓöÇΓöÇΓöÇΓöÇΓöÇΓöÇΓöÇΓöÇΓöÇΓöÇΓöÇΓöÇΓöÇΓöÇΓöÇΓöÇΓöÇΓöÇΓöÇΓöÇΓöÇΓöÇΓöÇΓöÇΓöÇΓöÇΓöÇΓöÇΓöÇΓöÇΓöÇΓöÇΓöÇΓöÇΓöÇΓöÇΓöÇΓöÇΓöÇΓöÇΓöÇΓöÇΓöÇΓöÇΓöÇΓöÇΓöÇΓöÇΓöÇΓöÇΓöÇΓöÇΓöÇΓöÇΓöÇΓöÇΓöÇΓöÇΓöÇΓöÇΓöÇΓöÇΓöÇΓöÇ

  130) [chromium] ΓÇ║ e2e\responsive.spec.mjs:19:5 ΓÇ║ admin routes x viewports ΓÇ║ /admin/products/pending 

    Error: /admin/products/pending
    @1600px:
      - navigation failed: page.goto: net::ERR_CONNECTION_REFUSED at http://localhost:3058/admin/products/pending
    @1200px:
      - navigation failed: page.goto: net::ERR_CONNECTION_REFUSED at http://localhost:3058/admin/products/pending
    @768px:
      - navigation failed: page.goto: net::ERR_CONNECTION_REFUSED at http://localhost:3058/admin/products/pending
    @480px:
      - navigation failed: page.goto: net::ERR_CONNECTION_REFUSED at http://localhost:3058/admin/products/pending
    @375px:
      - navigation failed: page.goto: net::ERR_CONNECTION_REFUSED at http://localhost:3058/admin/products/pending

    expect(received).toEqual(expected) // deep equality

    - Expected  -  1
    + Received  + 12

    - Array []
    + Array [
    +   "@1600px:
    +   - navigation failed: page.goto: net::ERR_CONNECTION_REFUSED at http://localhost:3058/admin/products/pending",
    +   "@1200px:
    +   - navigation failed: page.goto: net::ERR_CONNECTION_REFUSED at http://localhost:3058/admin/products/pending",
    +   "@768px:
    +   - navigation failed: page.goto: net::ERR_CONNECTION_REFUSED at http://localhost:3058/admin/products/pending",
    +   "@480px:
    +   - navigation failed: page.goto: net::ERR_CONNECTION_REFUSED at http://localhost:3058/admin/products/pending",
    +   "@375px:
    +   - navigation failed: page.goto: net::ERR_CONNECTION_REFUSED at http://localhost:3058/admin/products/pending",
    + ]

      12 |   await testInfo.attach("matrix", { body: JSON.stringify({ route, url, results }), contentType: "application/json" });
      13 |   const failed = results.filter((r) => r.issues.length).map((r) => `@${r.viewport}px:\n  - ${r.issues.join("\n  - ")}`);
    > 14 |   expect(failed, `${url}\n${failed.join("\n")}`).toEqual([]);
         |                                                  ^
      15 | }
      16 |
      17 | test.describe("admin routes x viewports", () => {
        at runMatrix (C:\Users\priyank\Desktop\Development\BharatAgrolink-admin\e2e\responsive.spec.mjs:14:50)
        at C:\Users\priyank\Desktop\Development\BharatAgrolink-admin\e2e\responsive.spec.mjs:20:7

    attachment #7: screenshot (image/png) ΓöÇΓöÇΓöÇΓöÇΓöÇΓöÇΓöÇΓöÇΓöÇΓöÇΓöÇΓöÇΓöÇΓöÇΓöÇΓöÇΓöÇΓöÇΓöÇΓöÇΓöÇΓöÇΓöÇΓöÇΓöÇΓöÇΓöÇΓöÇΓöÇΓöÇΓöÇΓöÇΓöÇΓöÇΓöÇΓöÇΓöÇΓöÇΓöÇΓöÇΓöÇΓöÇΓöÇΓöÇΓöÇΓöÇΓöÇΓöÇΓöÇΓöÇΓöÇΓöÇΓöÇΓöÇΓöÇΓöÇΓöÇΓöÇ
    test-results\responsive-admin-routes-x-viewports-admin-products-pending-chromium\test-failed-1.png
    ΓöÇΓöÇΓöÇΓöÇΓöÇΓöÇΓöÇΓöÇΓöÇΓöÇΓöÇΓöÇΓöÇΓöÇΓöÇΓöÇΓöÇΓöÇΓöÇΓöÇΓöÇΓöÇΓöÇΓöÇΓöÇΓöÇΓöÇΓöÇΓöÇΓöÇΓöÇΓöÇΓöÇΓöÇΓöÇΓöÇΓöÇΓöÇΓöÇΓöÇΓöÇΓöÇΓöÇΓöÇΓöÇΓöÇΓöÇΓöÇΓöÇΓöÇΓöÇΓöÇΓöÇΓöÇΓöÇΓöÇΓöÇΓöÇΓöÇΓöÇΓöÇΓöÇΓöÇΓöÇΓöÇΓöÇΓöÇΓöÇΓöÇΓöÇΓöÇΓöÇΓöÇΓöÇΓöÇΓöÇΓöÇΓöÇΓöÇΓöÇΓöÇΓöÇΓöÇΓöÇΓöÇΓöÇΓöÇΓöÇΓöÇΓöÇΓöÇΓöÇΓöÇΓöÇΓöÇΓöÇ

    Error Context: test-results\responsive-admin-routes-x-viewports-admin-products-pending-chromium\error-context.md

    attachment #9: trace (application/zip) ΓöÇΓöÇΓöÇΓöÇΓöÇΓöÇΓöÇΓöÇΓöÇΓöÇΓöÇΓöÇΓöÇΓöÇΓöÇΓöÇΓöÇΓöÇΓöÇΓöÇΓöÇΓöÇΓöÇΓöÇΓöÇΓöÇΓöÇΓöÇΓöÇΓöÇΓöÇΓöÇΓöÇΓöÇΓöÇΓöÇΓöÇΓöÇΓöÇΓöÇΓöÇΓöÇΓöÇΓöÇΓöÇΓöÇΓöÇΓöÇΓöÇΓöÇΓöÇΓöÇΓöÇΓöÇΓöÇΓöÇΓöÇ
    test-results\responsive-admin-routes-x-viewports-admin-products-pending-chromium\trace.zip
    Usage:

        npx playwright show-trace test-results\responsive-admin-routes-x-viewports-admin-products-pending-chromium\trace.zip

    ΓöÇΓöÇΓöÇΓöÇΓöÇΓöÇΓöÇΓöÇΓöÇΓöÇΓöÇΓöÇΓöÇΓöÇΓöÇΓöÇΓöÇΓöÇΓöÇΓöÇΓöÇΓöÇΓöÇΓöÇΓöÇΓöÇΓöÇΓöÇΓöÇΓöÇΓöÇΓöÇΓöÇΓöÇΓöÇΓöÇΓöÇΓöÇΓöÇΓöÇΓöÇΓöÇΓöÇΓöÇΓöÇΓöÇΓöÇΓöÇΓöÇΓöÇΓöÇΓöÇΓöÇΓöÇΓöÇΓöÇΓöÇΓöÇΓöÇΓöÇΓöÇΓöÇΓöÇΓöÇΓöÇΓöÇΓöÇΓöÇΓöÇΓöÇΓöÇΓöÇΓöÇΓöÇΓöÇΓöÇΓöÇΓöÇΓöÇΓöÇΓöÇΓöÇΓöÇΓöÇΓöÇΓöÇΓöÇΓöÇΓöÇΓöÇΓöÇΓöÇΓöÇΓöÇΓöÇΓöÇ

  131) [chromium] ΓÇ║ e2e\responsive.spec.mjs:19:5 ΓÇ║ admin routes x viewports ΓÇ║ /admin/refunds ΓöÇΓöÇΓöÇΓöÇΓöÇΓöÇΓöÇ

    Error: /admin/refunds
    @1600px:
      - navigation failed: page.goto: net::ERR_CONNECTION_REFUSED at http://localhost:3058/admin/refunds
    @1200px:
      - navigation failed: page.goto: net::ERR_CONNECTION_REFUSED at http://localhost:3058/admin/refunds
    @768px:
      - navigation failed: page.goto: net::ERR_CONNECTION_REFUSED at http://localhost:3058/admin/refunds
    @480px:
      - navigation failed: page.goto: net::ERR_CONNECTION_REFUSED at http://localhost:3058/admin/refunds
    @375px:
      - navigation failed: page.goto: net::ERR_CONNECTION_REFUSED at http://localhost:3058/admin/refunds

    expect(received).toEqual(expected) // deep equality

    - Expected  -  1
    + Received  + 12

    - Array []
    + Array [
    +   "@1600px:
    +   - navigation failed: page.goto: net::ERR_CONNECTION_REFUSED at http://localhost:3058/admin/refunds",
    +   "@1200px:
    +   - navigation failed: page.goto: net::ERR_CONNECTION_REFUSED at http://localhost:3058/admin/refunds",
    +   "@768px:
    +   - navigation failed: page.goto: net::ERR_CONNECTION_REFUSED at http://localhost:3058/admin/refunds",
    +   "@480px:
    +   - navigation failed: page.goto: net::ERR_CONNECTION_REFUSED at http://localhost:3058/admin/refunds",
    +   "@375px:
    +   - navigation failed: page.goto: net::ERR_CONNECTION_REFUSED at http://localhost:3058/admin/refunds",
    + ]

      12 |   await testInfo.attach("matrix", { body: JSON.stringify({ route, url, results }), contentType: "application/json" });
      13 |   const failed = results.filter((r) => r.issues.length).map((r) => `@${r.viewport}px:\n  - ${r.issues.join("\n  - ")}`);
    > 14 |   expect(failed, `${url}\n${failed.join("\n")}`).toEqual([]);
         |                                                  ^
      15 | }
      16 |
      17 | test.describe("admin routes x viewports", () => {
        at runMatrix (C:\Users\priyank\Desktop\Development\BharatAgrolink-admin\e2e\responsive.spec.mjs:14:50)
        at C:\Users\priyank\Desktop\Development\BharatAgrolink-admin\e2e\responsive.spec.mjs:20:7

    attachment #7: screenshot (image/png) ΓöÇΓöÇΓöÇΓöÇΓöÇΓöÇΓöÇΓöÇΓöÇΓöÇΓöÇΓöÇΓöÇΓöÇΓöÇΓöÇΓöÇΓöÇΓöÇΓöÇΓöÇΓöÇΓöÇΓöÇΓöÇΓöÇΓöÇΓöÇΓöÇΓöÇΓöÇΓöÇΓöÇΓöÇΓöÇΓöÇΓöÇΓöÇΓöÇΓöÇΓöÇΓöÇΓöÇΓöÇΓöÇΓöÇΓöÇΓöÇΓöÇΓöÇΓöÇΓöÇΓöÇΓöÇΓöÇΓöÇΓöÇΓöÇ
    test-results\responsive-admin-routes-x-viewports-admin-refunds-chromium\test-failed-1.png
    ΓöÇΓöÇΓöÇΓöÇΓöÇΓöÇΓöÇΓöÇΓöÇΓöÇΓöÇΓöÇΓöÇΓöÇΓöÇΓöÇΓöÇΓöÇΓöÇΓöÇΓöÇΓöÇΓöÇΓöÇΓöÇΓöÇΓöÇΓöÇΓöÇΓöÇΓöÇΓöÇΓöÇΓöÇΓöÇΓöÇΓöÇΓöÇΓöÇΓöÇΓöÇΓöÇΓöÇΓöÇΓöÇΓöÇΓöÇΓöÇΓöÇΓöÇΓöÇΓöÇΓöÇΓöÇΓöÇΓöÇΓöÇΓöÇΓöÇΓöÇΓöÇΓöÇΓöÇΓöÇΓöÇΓöÇΓöÇΓöÇΓöÇΓöÇΓöÇΓöÇΓöÇΓöÇΓöÇΓöÇΓöÇΓöÇΓöÇΓöÇΓöÇΓöÇΓöÇΓöÇΓöÇΓöÇΓöÇΓöÇΓöÇΓöÇΓöÇΓöÇΓöÇΓöÇΓöÇΓöÇ

    Error Context: test-results\responsive-admin-routes-x-viewports-admin-refunds-chromium\error-context.md

    attachment #9: trace (application/zip) ΓöÇΓöÇΓöÇΓöÇΓöÇΓöÇΓöÇΓöÇΓöÇΓöÇΓöÇΓöÇΓöÇΓöÇΓöÇΓöÇΓöÇΓöÇΓöÇΓöÇΓöÇΓöÇΓöÇΓöÇΓöÇΓöÇΓöÇΓöÇΓöÇΓöÇΓöÇΓöÇΓöÇΓöÇΓöÇΓöÇΓöÇΓöÇΓöÇΓöÇΓöÇΓöÇΓöÇΓöÇΓöÇΓöÇΓöÇΓöÇΓöÇΓöÇΓöÇΓöÇΓöÇΓöÇΓöÇΓöÇΓöÇ
    test-results\responsive-admin-routes-x-viewports-admin-refunds-chromium\trace.zip
    Usage:

        npx playwright show-trace test-results\responsive-admin-routes-x-viewports-admin-refunds-chromium\trace.zip

    ΓöÇΓöÇΓöÇΓöÇΓöÇΓöÇΓöÇΓöÇΓöÇΓöÇΓöÇΓöÇΓöÇΓöÇΓöÇΓöÇΓöÇΓöÇΓöÇΓöÇΓöÇΓöÇΓöÇΓöÇΓöÇΓöÇΓöÇΓöÇΓöÇΓöÇΓöÇΓöÇΓöÇΓöÇΓöÇΓöÇΓöÇΓöÇΓöÇΓöÇΓöÇΓöÇΓöÇΓöÇΓöÇΓöÇΓöÇΓöÇΓöÇΓöÇΓöÇΓöÇΓöÇΓöÇΓöÇΓöÇΓöÇΓöÇΓöÇΓöÇΓöÇΓöÇΓöÇΓöÇΓöÇΓöÇΓöÇΓöÇΓöÇΓöÇΓöÇΓöÇΓöÇΓöÇΓöÇΓöÇΓöÇΓöÇΓöÇΓöÇΓöÇΓöÇΓöÇΓöÇΓöÇΓöÇΓöÇΓöÇΓöÇΓöÇΓöÇΓöÇΓöÇΓöÇΓöÇΓöÇ

  132) [chromium] ΓÇ║ e2e\responsive.spec.mjs:19:5 ΓÇ║ admin routes x viewports ΓÇ║ /admin/reports ΓöÇΓöÇΓöÇΓöÇΓöÇΓöÇΓöÇ

    Error: /admin/reports
    @1600px:
      - navigation failed: page.goto: net::ERR_CONNECTION_REFUSED at http://localhost:3058/admin/reports
    @1200px:
      - navigation failed: page.goto: net::ERR_CONNECTION_REFUSED at http://localhost:3058/admin/reports
    @768px:
      - navigation failed: page.goto: net::ERR_CONNECTION_REFUSED at http://localhost:3058/admin/reports
    @480px:
      - navigation failed: page.goto: net::ERR_CONNECTION_REFUSED at http://localhost:3058/admin/reports
    @375px:
      - navigation failed: page.goto: net::ERR_CONNECTION_REFUSED at http://localhost:3058/admin/reports

    expect(received).toEqual(expected) // deep equality

    - Expected  -  1
    + Received  + 12

    - Array []
    + Array [
    +   "@1600px:
    +   - navigation failed: page.goto: net::ERR_CONNECTION_REFUSED at http://localhost:3058/admin/reports",
    +   "@1200px:
    +   - navigation failed: page.goto: net::ERR_CONNECTION_REFUSED at http://localhost:3058/admin/reports",
    +   "@768px:
    +   - navigation failed: page.goto: net::ERR_CONNECTION_REFUSED at http://localhost:3058/admin/reports",
    +   "@480px:
    +   - navigation failed: page.goto: net::ERR_CONNECTION_REFUSED at http://localhost:3058/admin/reports",
    +   "@375px:
    +   - navigation failed: page.goto: net::ERR_CONNECTION_REFUSED at http://localhost:3058/admin/reports",
    + ]

      12 |   await testInfo.attach("matrix", { body: JSON.stringify({ route, url, results }), contentType: "application/json" });
      13 |   const failed = results.filter((r) => r.issues.length).map((r) => `@${r.viewport}px:\n  - ${r.issues.join("\n  - ")}`);
    > 14 |   expect(failed, `${url}\n${failed.join("\n")}`).toEqual([]);
         |                                                  ^
      15 | }
      16 |
      17 | test.describe("admin routes x viewports", () => {
        at runMatrix (C:\Users\priyank\Desktop\Development\BharatAgrolink-admin\e2e\responsive.spec.mjs:14:50)
        at C:\Users\priyank\Desktop\Development\BharatAgrolink-admin\e2e\responsive.spec.mjs:20:7

    attachment #7: screenshot (image/png) ΓöÇΓöÇΓöÇΓöÇΓöÇΓöÇΓöÇΓöÇΓöÇΓöÇΓöÇΓöÇΓöÇΓöÇΓöÇΓöÇΓöÇΓöÇΓöÇΓöÇΓöÇΓöÇΓöÇΓöÇΓöÇΓöÇΓöÇΓöÇΓöÇΓöÇΓöÇΓöÇΓöÇΓöÇΓöÇΓöÇΓöÇΓöÇΓöÇΓöÇΓöÇΓöÇΓöÇΓöÇΓöÇΓöÇΓöÇΓöÇΓöÇΓöÇΓöÇΓöÇΓöÇΓöÇΓöÇΓöÇΓöÇΓöÇ
    test-results\responsive-admin-routes-x-viewports-admin-reports-chromium\test-failed-1.png
    ΓöÇΓöÇΓöÇΓöÇΓöÇΓöÇΓöÇΓöÇΓöÇΓöÇΓöÇΓöÇΓöÇΓöÇΓöÇΓöÇΓöÇΓöÇΓöÇΓöÇΓöÇΓöÇΓöÇΓöÇΓöÇΓöÇΓöÇΓöÇΓöÇΓöÇΓöÇΓöÇΓöÇΓöÇΓöÇΓöÇΓöÇΓöÇΓöÇΓöÇΓöÇΓöÇΓöÇΓöÇΓöÇΓöÇΓöÇΓöÇΓöÇΓöÇΓöÇΓöÇΓöÇΓöÇΓöÇΓöÇΓöÇΓöÇΓöÇΓöÇΓöÇΓöÇΓöÇΓöÇΓöÇΓöÇΓöÇΓöÇΓöÇΓöÇΓöÇΓöÇΓöÇΓöÇΓöÇΓöÇΓöÇΓöÇΓöÇΓöÇΓöÇΓöÇΓöÇΓöÇΓöÇΓöÇΓöÇΓöÇΓöÇΓöÇΓöÇΓöÇΓöÇΓöÇΓöÇΓöÇ

    Error Context: test-results\responsive-admin-routes-x-viewports-admin-reports-chromium\error-context.md

    attachment #9: trace (application/zip) ΓöÇΓöÇΓöÇΓöÇΓöÇΓöÇΓöÇΓöÇΓöÇΓöÇΓöÇΓöÇΓöÇΓöÇΓöÇΓöÇΓöÇΓöÇΓöÇΓöÇΓöÇΓöÇΓöÇΓöÇΓöÇΓöÇΓöÇΓöÇΓöÇΓöÇΓöÇΓöÇΓöÇΓöÇΓöÇΓöÇΓöÇΓöÇΓöÇΓöÇΓöÇΓöÇΓöÇΓöÇΓöÇΓöÇΓöÇΓöÇΓöÇΓöÇΓöÇΓöÇΓöÇΓöÇΓöÇΓöÇΓöÇ
    test-results\responsive-admin-routes-x-viewports-admin-reports-chromium\trace.zip
    Usage:

        npx playwright show-trace test-results\responsive-admin-routes-x-viewports-admin-reports-chromium\trace.zip

    ΓöÇΓöÇΓöÇΓöÇΓöÇΓöÇΓöÇΓöÇΓöÇΓöÇΓöÇΓöÇΓöÇΓöÇΓöÇΓöÇΓöÇΓöÇΓöÇΓöÇΓöÇΓöÇΓöÇΓöÇΓöÇΓöÇΓöÇΓöÇΓöÇΓöÇΓöÇΓöÇΓöÇΓöÇΓöÇΓöÇΓöÇΓöÇΓöÇΓöÇΓöÇΓöÇΓöÇΓöÇΓöÇΓöÇΓöÇΓöÇΓöÇΓöÇΓöÇΓöÇΓöÇΓöÇΓöÇΓöÇΓöÇΓöÇΓöÇΓöÇΓöÇΓöÇΓöÇΓöÇΓöÇΓöÇΓöÇΓöÇΓöÇΓöÇΓöÇΓöÇΓöÇΓöÇΓöÇΓöÇΓöÇΓöÇΓöÇΓöÇΓöÇΓöÇΓöÇΓöÇΓöÇΓöÇΓöÇΓöÇΓöÇΓöÇΓöÇΓöÇΓöÇΓöÇΓöÇΓöÇ

  133) [chromium] ΓÇ║ e2e\responsive.spec.mjs:19:5 ΓÇ║ admin routes x viewports ΓÇ║ /admin/returns ΓöÇΓöÇΓöÇΓöÇΓöÇΓöÇΓöÇ

    Error: /admin/returns
    @1600px:
      - navigation failed: page.goto: net::ERR_CONNECTION_REFUSED at http://localhost:3058/admin/returns
    @1200px:
      - navigation failed: page.goto: net::ERR_CONNECTION_REFUSED at http://localhost:3058/admin/returns
    @768px:
      - navigation failed: page.goto: net::ERR_CONNECTION_REFUSED at http://localhost:3058/admin/returns
    @480px:
      - navigation failed: page.goto: net::ERR_CONNECTION_REFUSED at http://localhost:3058/admin/returns
    @375px:
      - navigation failed: page.goto: net::ERR_CONNECTION_REFUSED at http://localhost:3058/admin/returns

    expect(received).toEqual(expected) // deep equality

    - Expected  -  1
    + Received  + 12

    - Array []
    + Array [
    +   "@1600px:
    +   - navigation failed: page.goto: net::ERR_CONNECTION_REFUSED at http://localhost:3058/admin/returns",
    +   "@1200px:
    +   - navigation failed: page.goto: net::ERR_CONNECTION_REFUSED at http://localhost:3058/admin/returns",
    +   "@768px:
    +   - navigation failed: page.goto: net::ERR_CONNECTION_REFUSED at http://localhost:3058/admin/returns",
    +   "@480px:
    +   - navigation failed: page.goto: net::ERR_CONNECTION_REFUSED at http://localhost:3058/admin/returns",
    +   "@375px:
    +   - navigation failed: page.goto: net::ERR_CONNECTION_REFUSED at http://localhost:3058/admin/returns",
    + ]

      12 |   await testInfo.attach("matrix", { body: JSON.stringify({ route, url, results }), contentType: "application/json" });
      13 |   const failed = results.filter((r) => r.issues.length).map((r) => `@${r.viewport}px:\n  - ${r.issues.join("\n  - ")}`);
    > 14 |   expect(failed, `${url}\n${failed.join("\n")}`).toEqual([]);
         |                                                  ^
      15 | }
      16 |
      17 | test.describe("admin routes x viewports", () => {
        at runMatrix (C:\Users\priyank\Desktop\Development\BharatAgrolink-admin\e2e\responsive.spec.mjs:14:50)
        at C:\Users\priyank\Desktop\Development\BharatAgrolink-admin\e2e\responsive.spec.mjs:20:7

    attachment #7: screenshot (image/png) ΓöÇΓöÇΓöÇΓöÇΓöÇΓöÇΓöÇΓöÇΓöÇΓöÇΓöÇΓöÇΓöÇΓöÇΓöÇΓöÇΓöÇΓöÇΓöÇΓöÇΓöÇΓöÇΓöÇΓöÇΓöÇΓöÇΓöÇΓöÇΓöÇΓöÇΓöÇΓöÇΓöÇΓöÇΓöÇΓöÇΓöÇΓöÇΓöÇΓöÇΓöÇΓöÇΓöÇΓöÇΓöÇΓöÇΓöÇΓöÇΓöÇΓöÇΓöÇΓöÇΓöÇΓöÇΓöÇΓöÇΓöÇΓöÇ
    test-results\responsive-admin-routes-x-viewports-admin-returns-chromium\test-failed-1.png
    ΓöÇΓöÇΓöÇΓöÇΓöÇΓöÇΓöÇΓöÇΓöÇΓöÇΓöÇΓöÇΓöÇΓöÇΓöÇΓöÇΓöÇΓöÇΓöÇΓöÇΓöÇΓöÇΓöÇΓöÇΓöÇΓöÇΓöÇΓöÇΓöÇΓöÇΓöÇΓöÇΓöÇΓöÇΓöÇΓöÇΓöÇΓöÇΓöÇΓöÇΓöÇΓöÇΓöÇΓöÇΓöÇΓöÇΓöÇΓöÇΓöÇΓöÇΓöÇΓöÇΓöÇΓöÇΓöÇΓöÇΓöÇΓöÇΓöÇΓöÇΓöÇΓöÇΓöÇΓöÇΓöÇΓöÇΓöÇΓöÇΓöÇΓöÇΓöÇΓöÇΓöÇΓöÇΓöÇΓöÇΓöÇΓöÇΓöÇΓöÇΓöÇΓöÇΓöÇΓöÇΓöÇΓöÇΓöÇΓöÇΓöÇΓöÇΓöÇΓöÇΓöÇΓöÇΓöÇΓöÇ

    Error Context: test-results\responsive-admin-routes-x-viewports-admin-returns-chromium\error-context.md

    attachment #9: trace (application/zip) ΓöÇΓöÇΓöÇΓöÇΓöÇΓöÇΓöÇΓöÇΓöÇΓöÇΓöÇΓöÇΓöÇΓöÇΓöÇΓöÇΓöÇΓöÇΓöÇΓöÇΓöÇΓöÇΓöÇΓöÇΓöÇΓöÇΓöÇΓöÇΓöÇΓöÇΓöÇΓöÇΓöÇΓöÇΓöÇΓöÇΓöÇΓöÇΓöÇΓöÇΓöÇΓöÇΓöÇΓöÇΓöÇΓöÇΓöÇΓöÇΓöÇΓöÇΓöÇΓöÇΓöÇΓöÇΓöÇΓöÇΓöÇ
    test-results\responsive-admin-routes-x-viewports-admin-returns-chromium\trace.zip
    Usage:

        npx playwright show-trace test-results\responsive-admin-routes-x-viewports-admin-returns-chromium\trace.zip

    ΓöÇΓöÇΓöÇΓöÇΓöÇΓöÇΓöÇΓöÇΓöÇΓöÇΓöÇΓöÇΓöÇΓöÇΓöÇΓöÇΓöÇΓöÇΓöÇΓöÇΓöÇΓöÇΓöÇΓöÇΓöÇΓöÇΓöÇΓöÇΓöÇΓöÇΓöÇΓöÇΓöÇΓöÇΓöÇΓöÇΓöÇΓöÇΓöÇΓöÇΓöÇΓöÇΓöÇΓöÇΓöÇΓöÇΓöÇΓöÇΓöÇΓöÇΓöÇΓöÇΓöÇΓöÇΓöÇΓöÇΓöÇΓöÇΓöÇΓöÇΓöÇΓöÇΓöÇΓöÇΓöÇΓöÇΓöÇΓöÇΓöÇΓöÇΓöÇΓöÇΓöÇΓöÇΓöÇΓöÇΓöÇΓöÇΓöÇΓöÇΓöÇΓöÇΓöÇΓöÇΓöÇΓöÇΓöÇΓöÇΓöÇΓöÇΓöÇΓöÇΓöÇΓöÇΓöÇΓöÇ

  134) [chromium] ΓÇ║ e2e\responsive.spec.mjs:19:5 ΓÇ║ admin routes x viewports ΓÇ║ /admin/returns/reasons 

    Error: /admin/returns/reasons
    @1600px:
      - navigation failed: page.goto: net::ERR_CONNECTION_REFUSED at http://localhost:3058/admin/returns/reasons
    @1200px:
      - navigation failed: page.goto: net::ERR_CONNECTION_REFUSED at http://localhost:3058/admin/returns/reasons
    @768px:
      - navigation failed: page.goto: net::ERR_CONNECTION_REFUSED at http://localhost:3058/admin/returns/reasons
    @480px:
      - navigation failed: page.goto: net::ERR_CONNECTION_REFUSED at http://localhost:3058/admin/returns/reasons
    @375px:
      - navigation failed: page.goto: net::ERR_CONNECTION_REFUSED at http://localhost:3058/admin/returns/reasons

    expect(received).toEqual(expected) // deep equality

    - Expected  -  1
    + Received  + 12

    - Array []
    + Array [
    +   "@1600px:
    +   - navigation failed: page.goto: net::ERR_CONNECTION_REFUSED at http://localhost:3058/admin/returns/reasons",
    +   "@1200px:
    +   - navigation failed: page.goto: net::ERR_CONNECTION_REFUSED at http://localhost:3058/admin/returns/reasons",
    +   "@768px:
    +   - navigation failed: page.goto: net::ERR_CONNECTION_REFUSED at http://localhost:3058/admin/returns/reasons",
    +   "@480px:
    +   - navigation failed: page.goto: net::ERR_CONNECTION_REFUSED at http://localhost:3058/admin/returns/reasons",
    +   "@375px:
    +   - navigation failed: page.goto: net::ERR_CONNECTION_REFUSED at http://localhost:3058/admin/returns/reasons",
    + ]

      12 |   await testInfo.attach("matrix", { body: JSON.stringify({ route, url, results }), contentType: "application/json" });
      13 |   const failed = results.filter((r) => r.issues.length).map((r) => `@${r.viewport}px:\n  - ${r.issues.join("\n  - ")}`);
    > 14 |   expect(failed, `${url}\n${failed.join("\n")}`).toEqual([]);
         |                                                  ^
      15 | }
      16 |
      17 | test.describe("admin routes x viewports", () => {
        at runMatrix (C:\Users\priyank\Desktop\Development\BharatAgrolink-admin\e2e\responsive.spec.mjs:14:50)
        at C:\Users\priyank\Desktop\Development\BharatAgrolink-admin\e2e\responsive.spec.mjs:20:7

    attachment #7: screenshot (image/png) ΓöÇΓöÇΓöÇΓöÇΓöÇΓöÇΓöÇΓöÇΓöÇΓöÇΓöÇΓöÇΓöÇΓöÇΓöÇΓöÇΓöÇΓöÇΓöÇΓöÇΓöÇΓöÇΓöÇΓöÇΓöÇΓöÇΓöÇΓöÇΓöÇΓöÇΓöÇΓöÇΓöÇΓöÇΓöÇΓöÇΓöÇΓöÇΓöÇΓöÇΓöÇΓöÇΓöÇΓöÇΓöÇΓöÇΓöÇΓöÇΓöÇΓöÇΓöÇΓöÇΓöÇΓöÇΓöÇΓöÇΓöÇΓöÇ
    test-results\responsive-admin-routes-x-viewports-admin-returns-reasons-chromium\test-failed-1.png
    ΓöÇΓöÇΓöÇΓöÇΓöÇΓöÇΓöÇΓöÇΓöÇΓöÇΓöÇΓöÇΓöÇΓöÇΓöÇΓöÇΓöÇΓöÇΓöÇΓöÇΓöÇΓöÇΓöÇΓöÇΓöÇΓöÇΓöÇΓöÇΓöÇΓöÇΓöÇΓöÇΓöÇΓöÇΓöÇΓöÇΓöÇΓöÇΓöÇΓöÇΓöÇΓöÇΓöÇΓöÇΓöÇΓöÇΓöÇΓöÇΓöÇΓöÇΓöÇΓöÇΓöÇΓöÇΓöÇΓöÇΓöÇΓöÇΓöÇΓöÇΓöÇΓöÇΓöÇΓöÇΓöÇΓöÇΓöÇΓöÇΓöÇΓöÇΓöÇΓöÇΓöÇΓöÇΓöÇΓöÇΓöÇΓöÇΓöÇΓöÇΓöÇΓöÇΓöÇΓöÇΓöÇΓöÇΓöÇΓöÇΓöÇΓöÇΓöÇΓöÇΓöÇΓöÇΓöÇΓöÇ

    Error Context: test-results\responsive-admin-routes-x-viewports-admin-returns-reasons-chromium\error-context.md

    attachment #9: trace (application/zip) ΓöÇΓöÇΓöÇΓöÇΓöÇΓöÇΓöÇΓöÇΓöÇΓöÇΓöÇΓöÇΓöÇΓöÇΓöÇΓöÇΓöÇΓöÇΓöÇΓöÇΓöÇΓöÇΓöÇΓöÇΓöÇΓöÇΓöÇΓöÇΓöÇΓöÇΓöÇΓöÇΓöÇΓöÇΓöÇΓöÇΓöÇΓöÇΓöÇΓöÇΓöÇΓöÇΓöÇΓöÇΓöÇΓöÇΓöÇΓöÇΓöÇΓöÇΓöÇΓöÇΓöÇΓöÇΓöÇΓöÇΓöÇ
    test-results\responsive-admin-routes-x-viewports-admin-returns-reasons-chromium\trace.zip
    Usage:

        npx playwright show-trace test-results\responsive-admin-routes-x-viewports-admin-returns-reasons-chromium\trace.zip

    ΓöÇΓöÇΓöÇΓöÇΓöÇΓöÇΓöÇΓöÇΓöÇΓöÇΓöÇΓöÇΓöÇΓöÇΓöÇΓöÇΓöÇΓöÇΓöÇΓöÇΓöÇΓöÇΓöÇΓöÇΓöÇΓöÇΓöÇΓöÇΓöÇΓöÇΓöÇΓöÇΓöÇΓöÇΓöÇΓöÇΓöÇΓöÇΓöÇΓöÇΓöÇΓöÇΓöÇΓöÇΓöÇΓöÇΓöÇΓöÇΓöÇΓöÇΓöÇΓöÇΓöÇΓöÇΓöÇΓöÇΓöÇΓöÇΓöÇΓöÇΓöÇΓöÇΓöÇΓöÇΓöÇΓöÇΓöÇΓöÇΓöÇΓöÇΓöÇΓöÇΓöÇΓöÇΓöÇΓöÇΓöÇΓöÇΓöÇΓöÇΓöÇΓöÇΓöÇΓöÇΓöÇΓöÇΓöÇΓöÇΓöÇΓöÇΓöÇΓöÇΓöÇΓöÇΓöÇΓöÇ

  135) [chromium] ΓÇ║ e2e\responsive.spec.mjs:19:5 ΓÇ║ admin routes x viewports ΓÇ║ /admin/roles ΓöÇΓöÇΓöÇΓöÇΓöÇΓöÇΓöÇΓöÇΓöÇ

    Error: /admin/roles
    @1600px:
      - navigation failed: page.goto: net::ERR_CONNECTION_REFUSED at http://localhost:3058/admin/roles
    @1200px:
      - navigation failed: page.goto: net::ERR_CONNECTION_REFUSED at http://localhost:3058/admin/roles
    @768px:
      - navigation failed: page.goto: net::ERR_CONNECTION_REFUSED at http://localhost:3058/admin/roles
    @480px:
      - navigation failed: page.goto: net::ERR_CONNECTION_REFUSED at http://localhost:3058/admin/roles
    @375px:
      - navigation failed: page.goto: net::ERR_CONNECTION_REFUSED at http://localhost:3058/admin/roles

    expect(received).toEqual(expected) // deep equality

    - Expected  -  1
    + Received  + 12

    - Array []
    + Array [
    +   "@1600px:
    +   - navigation failed: page.goto: net::ERR_CONNECTION_REFUSED at http://localhost:3058/admin/roles",
    +   "@1200px:
    +   - navigation failed: page.goto: net::ERR_CONNECTION_REFUSED at http://localhost:3058/admin/roles",
    +   "@768px:
    +   - navigation failed: page.goto: net::ERR_CONNECTION_REFUSED at http://localhost:3058/admin/roles",
    +   "@480px:
    +   - navigation failed: page.goto: net::ERR_CONNECTION_REFUSED at http://localhost:3058/admin/roles",
    +   "@375px:
    +   - navigation failed: page.goto: net::ERR_CONNECTION_REFUSED at http://localhost:3058/admin/roles",
    + ]

      12 |   await testInfo.attach("matrix", { body: JSON.stringify({ route, url, results }), contentType: "application/json" });
      13 |   const failed = results.filter((r) => r.issues.length).map((r) => `@${r.viewport}px:\n  - ${r.issues.join("\n  - ")}`);
    > 14 |   expect(failed, `${url}\n${failed.join("\n")}`).toEqual([]);
         |                                                  ^
      15 | }
      16 |
      17 | test.describe("admin routes x viewports", () => {
        at runMatrix (C:\Users\priyank\Desktop\Development\BharatAgrolink-admin\e2e\responsive.spec.mjs:14:50)
        at C:\Users\priyank\Desktop\Development\BharatAgrolink-admin\e2e\responsive.spec.mjs:20:7

    attachment #7: screenshot (image/png) ΓöÇΓöÇΓöÇΓöÇΓöÇΓöÇΓöÇΓöÇΓöÇΓöÇΓöÇΓöÇΓöÇΓöÇΓöÇΓöÇΓöÇΓöÇΓöÇΓöÇΓöÇΓöÇΓöÇΓöÇΓöÇΓöÇΓöÇΓöÇΓöÇΓöÇΓöÇΓöÇΓöÇΓöÇΓöÇΓöÇΓöÇΓöÇΓöÇΓöÇΓöÇΓöÇΓöÇΓöÇΓöÇΓöÇΓöÇΓöÇΓöÇΓöÇΓöÇΓöÇΓöÇΓöÇΓöÇΓöÇΓöÇΓöÇ
    test-results\responsive-admin-routes-x-viewports-admin-roles-chromium\test-failed-1.png
    ΓöÇΓöÇΓöÇΓöÇΓöÇΓöÇΓöÇΓöÇΓöÇΓöÇΓöÇΓöÇΓöÇΓöÇΓöÇΓöÇΓöÇΓöÇΓöÇΓöÇΓöÇΓöÇΓöÇΓöÇΓöÇΓöÇΓöÇΓöÇΓöÇΓöÇΓöÇΓöÇΓöÇΓöÇΓöÇΓöÇΓöÇΓöÇΓöÇΓöÇΓöÇΓöÇΓöÇΓöÇΓöÇΓöÇΓöÇΓöÇΓöÇΓöÇΓöÇΓöÇΓöÇΓöÇΓöÇΓöÇΓöÇΓöÇΓöÇΓöÇΓöÇΓöÇΓöÇΓöÇΓöÇΓöÇΓöÇΓöÇΓöÇΓöÇΓöÇΓöÇΓöÇΓöÇΓöÇΓöÇΓöÇΓöÇΓöÇΓöÇΓöÇΓöÇΓöÇΓöÇΓöÇΓöÇΓöÇΓöÇΓöÇΓöÇΓöÇΓöÇΓöÇΓöÇΓöÇΓöÇ

    Error Context: test-results\responsive-admin-routes-x-viewports-admin-roles-chromium\error-context.md

    attachment #9: trace (application/zip) ΓöÇΓöÇΓöÇΓöÇΓöÇΓöÇΓöÇΓöÇΓöÇΓöÇΓöÇΓöÇΓöÇΓöÇΓöÇΓöÇΓöÇΓöÇΓöÇΓöÇΓöÇΓöÇΓöÇΓöÇΓöÇΓöÇΓöÇΓöÇΓöÇΓöÇΓöÇΓöÇΓöÇΓöÇΓöÇΓöÇΓöÇΓöÇΓöÇΓöÇΓöÇΓöÇΓöÇΓöÇΓöÇΓöÇΓöÇΓöÇΓöÇΓöÇΓöÇΓöÇΓöÇΓöÇΓöÇΓöÇΓöÇ
    test-results\responsive-admin-routes-x-viewports-admin-roles-chromium\trace.zip
    Usage:

        npx playwright show-trace test-results\responsive-admin-routes-x-viewports-admin-roles-chromium\trace.zip

    ΓöÇΓöÇΓöÇΓöÇΓöÇΓöÇΓöÇΓöÇΓöÇΓöÇΓöÇΓöÇΓöÇΓöÇΓöÇΓöÇΓöÇΓöÇΓöÇΓöÇΓöÇΓöÇΓöÇΓöÇΓöÇΓöÇΓöÇΓöÇΓöÇΓöÇΓöÇΓöÇΓöÇΓöÇΓöÇΓöÇΓöÇΓöÇΓöÇΓöÇΓöÇΓöÇΓöÇΓöÇΓöÇΓöÇΓöÇΓöÇΓöÇΓöÇΓöÇΓöÇΓöÇΓöÇΓöÇΓöÇΓöÇΓöÇΓöÇΓöÇΓöÇΓöÇΓöÇΓöÇΓöÇΓöÇΓöÇΓöÇΓöÇΓöÇΓöÇΓöÇΓöÇΓöÇΓöÇΓöÇΓöÇΓöÇΓöÇΓöÇΓöÇΓöÇΓöÇΓöÇΓöÇΓöÇΓöÇΓöÇΓöÇΓöÇΓöÇΓöÇΓöÇΓöÇΓöÇΓöÇ

  136) [chromium] ΓÇ║ e2e\responsive.spec.mjs:19:5 ΓÇ║ admin routes x viewports ΓÇ║ /admin/roles/menus ΓöÇΓöÇΓöÇ

    Error: /admin/roles/menus
    @1600px:
      - navigation failed: page.goto: net::ERR_CONNECTION_REFUSED at http://localhost:3058/admin/roles/menus
    @1200px:
      - navigation failed: page.goto: net::ERR_CONNECTION_REFUSED at http://localhost:3058/admin/roles/menus
    @768px:
      - navigation failed: page.goto: net::ERR_CONNECTION_REFUSED at http://localhost:3058/admin/roles/menus
    @480px:
      - navigation failed: page.goto: net::ERR_CONNECTION_REFUSED at http://localhost:3058/admin/roles/menus
    @375px:
      - navigation failed: page.goto: net::ERR_CONNECTION_REFUSED at http://localhost:3058/admin/roles/menus

    expect(received).toEqual(expected) // deep equality

    - Expected  -  1
    + Received  + 12

    - Array []
    + Array [
    +   "@1600px:
    +   - navigation failed: page.goto: net::ERR_CONNECTION_REFUSED at http://localhost:3058/admin/roles/menus",
    +   "@1200px:
    +   - navigation failed: page.goto: net::ERR_CONNECTION_REFUSED at http://localhost:3058/admin/roles/menus",
    +   "@768px:
    +   - navigation failed: page.goto: net::ERR_CONNECTION_REFUSED at http://localhost:3058/admin/roles/menus",
    +   "@480px:
    +   - navigation failed: page.goto: net::ERR_CONNECTION_REFUSED at http://localhost:3058/admin/roles/menus",
    +   "@375px:
    +   - navigation failed: page.goto: net::ERR_CONNECTION_REFUSED at http://localhost:3058/admin/roles/menus",
    + ]

      12 |   await testInfo.attach("matrix", { body: JSON.stringify({ route, url, results }), contentType: "application/json" });
      13 |   const failed = results.filter((r) => r.issues.length).map((r) => `@${r.viewport}px:\n  - ${r.issues.join("\n  - ")}`);
    > 14 |   expect(failed, `${url}\n${failed.join("\n")}`).toEqual([]);
         |                                                  ^
      15 | }
      16 |
      17 | test.describe("admin routes x viewports", () => {
        at runMatrix (C:\Users\priyank\Desktop\Development\BharatAgrolink-admin\e2e\responsive.spec.mjs:14:50)
        at C:\Users\priyank\Desktop\Development\BharatAgrolink-admin\e2e\responsive.spec.mjs:20:7

    attachment #7: screenshot (image/png) ΓöÇΓöÇΓöÇΓöÇΓöÇΓöÇΓöÇΓöÇΓöÇΓöÇΓöÇΓöÇΓöÇΓöÇΓöÇΓöÇΓöÇΓöÇΓöÇΓöÇΓöÇΓöÇΓöÇΓöÇΓöÇΓöÇΓöÇΓöÇΓöÇΓöÇΓöÇΓöÇΓöÇΓöÇΓöÇΓöÇΓöÇΓöÇΓöÇΓöÇΓöÇΓöÇΓöÇΓöÇΓöÇΓöÇΓöÇΓöÇΓöÇΓöÇΓöÇΓöÇΓöÇΓöÇΓöÇΓöÇΓöÇΓöÇ
    test-results\responsive-admin-routes-x-viewports-admin-roles-menus-chromium\test-failed-1.png
    ΓöÇΓöÇΓöÇΓöÇΓöÇΓöÇΓöÇΓöÇΓöÇΓöÇΓöÇΓöÇΓöÇΓöÇΓöÇΓöÇΓöÇΓöÇΓöÇΓöÇΓöÇΓöÇΓöÇΓöÇΓöÇΓöÇΓöÇΓöÇΓöÇΓöÇΓöÇΓöÇΓöÇΓöÇΓöÇΓöÇΓöÇΓöÇΓöÇΓöÇΓöÇΓöÇΓöÇΓöÇΓöÇΓöÇΓöÇΓöÇΓöÇΓöÇΓöÇΓöÇΓöÇΓöÇΓöÇΓöÇΓöÇΓöÇΓöÇΓöÇΓöÇΓöÇΓöÇΓöÇΓöÇΓöÇΓöÇΓöÇΓöÇΓöÇΓöÇΓöÇΓöÇΓöÇΓöÇΓöÇΓöÇΓöÇΓöÇΓöÇΓöÇΓöÇΓöÇΓöÇΓöÇΓöÇΓöÇΓöÇΓöÇΓöÇΓöÇΓöÇΓöÇΓöÇΓöÇΓöÇ

    Error Context: test-results\responsive-admin-routes-x-viewports-admin-roles-menus-chromium\error-context.md

    attachment #9: trace (application/zip) ΓöÇΓöÇΓöÇΓöÇΓöÇΓöÇΓöÇΓöÇΓöÇΓöÇΓöÇΓöÇΓöÇΓöÇΓöÇΓöÇΓöÇΓöÇΓöÇΓöÇΓöÇΓöÇΓöÇΓöÇΓöÇΓöÇΓöÇΓöÇΓöÇΓöÇΓöÇΓöÇΓöÇΓöÇΓöÇΓöÇΓöÇΓöÇΓöÇΓöÇΓöÇΓöÇΓöÇΓöÇΓöÇΓöÇΓöÇΓöÇΓöÇΓöÇΓöÇΓöÇΓöÇΓöÇΓöÇΓöÇΓöÇ
    test-results\responsive-admin-routes-x-viewports-admin-roles-menus-chromium\trace.zip
    Usage:

        npx playwright show-trace test-results\responsive-admin-routes-x-viewports-admin-roles-menus-chromium\trace.zip

    ΓöÇΓöÇΓöÇΓöÇΓöÇΓöÇΓöÇΓöÇΓöÇΓöÇΓöÇΓöÇΓöÇΓöÇΓöÇΓöÇΓöÇΓöÇΓöÇΓöÇΓöÇΓöÇΓöÇΓöÇΓöÇΓöÇΓöÇΓöÇΓöÇΓöÇΓöÇΓöÇΓöÇΓöÇΓöÇΓöÇΓöÇΓöÇΓöÇΓöÇΓöÇΓöÇΓöÇΓöÇΓöÇΓöÇΓöÇΓöÇΓöÇΓöÇΓöÇΓöÇΓöÇΓöÇΓöÇΓöÇΓöÇΓöÇΓöÇΓöÇΓöÇΓöÇΓöÇΓöÇΓöÇΓöÇΓöÇΓöÇΓöÇΓöÇΓöÇΓöÇΓöÇΓöÇΓöÇΓöÇΓöÇΓöÇΓöÇΓöÇΓöÇΓöÇΓöÇΓöÇΓöÇΓöÇΓöÇΓöÇΓöÇΓöÇΓöÇΓöÇΓöÇΓöÇΓöÇΓöÇ

  137) [chromium] ΓÇ║ e2e\responsive.spec.mjs:19:5 ΓÇ║ admin routes x viewports ΓÇ║ /admin/rto ΓöÇΓöÇΓöÇΓöÇΓöÇΓöÇΓöÇΓöÇΓöÇΓöÇΓöÇ

    Error: /admin/rto
    @1600px:
      - navigation failed: page.goto: net::ERR_CONNECTION_REFUSED at http://localhost:3058/admin/rto
    @1200px:
      - navigation failed: page.goto: net::ERR_CONNECTION_REFUSED at http://localhost:3058/admin/rto
    @768px:
      - navigation failed: page.goto: net::ERR_CONNECTION_REFUSED at http://localhost:3058/admin/rto
    @480px:
      - navigation failed: page.goto: net::ERR_CONNECTION_REFUSED at http://localhost:3058/admin/rto
    @375px:
      - navigation failed: page.goto: net::ERR_CONNECTION_REFUSED at http://localhost:3058/admin/rto

    expect(received).toEqual(expected) // deep equality

    - Expected  -  1
    + Received  + 12

    - Array []
    + Array [
    +   "@1600px:
    +   - navigation failed: page.goto: net::ERR_CONNECTION_REFUSED at http://localhost:3058/admin/rto",
    +   "@1200px:
    +   - navigation failed: page.goto: net::ERR_CONNECTION_REFUSED at http://localhost:3058/admin/rto",
    +   "@768px:
    +   - navigation failed: page.goto: net::ERR_CONNECTION_REFUSED at http://localhost:3058/admin/rto",
    +   "@480px:
    +   - navigation failed: page.goto: net::ERR_CONNECTION_REFUSED at http://localhost:3058/admin/rto",
    +   "@375px:
    +   - navigation failed: page.goto: net::ERR_CONNECTION_REFUSED at http://localhost:3058/admin/rto",
    + ]

      12 |   await testInfo.attach("matrix", { body: JSON.stringify({ route, url, results }), contentType: "application/json" });
      13 |   const failed = results.filter((r) => r.issues.length).map((r) => `@${r.viewport}px:\n  - ${r.issues.join("\n  - ")}`);
    > 14 |   expect(failed, `${url}\n${failed.join("\n")}`).toEqual([]);
         |                                                  ^
      15 | }
      16 |
      17 | test.describe("admin routes x viewports", () => {
        at runMatrix (C:\Users\priyank\Desktop\Development\BharatAgrolink-admin\e2e\responsive.spec.mjs:14:50)
        at C:\Users\priyank\Desktop\Development\BharatAgrolink-admin\e2e\responsive.spec.mjs:20:7

    attachment #7: screenshot (image/png) ΓöÇΓöÇΓöÇΓöÇΓöÇΓöÇΓöÇΓöÇΓöÇΓöÇΓöÇΓöÇΓöÇΓöÇΓöÇΓöÇΓöÇΓöÇΓöÇΓöÇΓöÇΓöÇΓöÇΓöÇΓöÇΓöÇΓöÇΓöÇΓöÇΓöÇΓöÇΓöÇΓöÇΓöÇΓöÇΓöÇΓöÇΓöÇΓöÇΓöÇΓöÇΓöÇΓöÇΓöÇΓöÇΓöÇΓöÇΓöÇΓöÇΓöÇΓöÇΓöÇΓöÇΓöÇΓöÇΓöÇΓöÇΓöÇ
    test-results\responsive-admin-routes-x-viewports-admin-rto-chromium\test-failed-1.png
    ΓöÇΓöÇΓöÇΓöÇΓöÇΓöÇΓöÇΓöÇΓöÇΓöÇΓöÇΓöÇΓöÇΓöÇΓöÇΓöÇΓöÇΓöÇΓöÇΓöÇΓöÇΓöÇΓöÇΓöÇΓöÇΓöÇΓöÇΓöÇΓöÇΓöÇΓöÇΓöÇΓöÇΓöÇΓöÇΓöÇΓöÇΓöÇΓöÇΓöÇΓöÇΓöÇΓöÇΓöÇΓöÇΓöÇΓöÇΓöÇΓöÇΓöÇΓöÇΓöÇΓöÇΓöÇΓöÇΓöÇΓöÇΓöÇΓöÇΓöÇΓöÇΓöÇΓöÇΓöÇΓöÇΓöÇΓöÇΓöÇΓöÇΓöÇΓöÇΓöÇΓöÇΓöÇΓöÇΓöÇΓöÇΓöÇΓöÇΓöÇΓöÇΓöÇΓöÇΓöÇΓöÇΓöÇΓöÇΓöÇΓöÇΓöÇΓöÇΓöÇΓöÇΓöÇΓöÇΓöÇ

    Error Context: test-results\responsive-admin-routes-x-viewports-admin-rto-chromium\error-context.md

    attachment #9: trace (application/zip) ΓöÇΓöÇΓöÇΓöÇΓöÇΓöÇΓöÇΓöÇΓöÇΓöÇΓöÇΓöÇΓöÇΓöÇΓöÇΓöÇΓöÇΓöÇΓöÇΓöÇΓöÇΓöÇΓöÇΓöÇΓöÇΓöÇΓöÇΓöÇΓöÇΓöÇΓöÇΓöÇΓöÇΓöÇΓöÇΓöÇΓöÇΓöÇΓöÇΓöÇΓöÇΓöÇΓöÇΓöÇΓöÇΓöÇΓöÇΓöÇΓöÇΓöÇΓöÇΓöÇΓöÇΓöÇΓöÇΓöÇΓöÇ
    test-results\responsive-admin-routes-x-viewports-admin-rto-chromium\trace.zip
    Usage:

        npx playwright show-trace test-results\responsive-admin-routes-x-viewports-admin-rto-chromium\trace.zip

    ΓöÇΓöÇΓöÇΓöÇΓöÇΓöÇΓöÇΓöÇΓöÇΓöÇΓöÇΓöÇΓöÇΓöÇΓöÇΓöÇΓöÇΓöÇΓöÇΓöÇΓöÇΓöÇΓöÇΓöÇΓöÇΓöÇΓöÇΓöÇΓöÇΓöÇΓöÇΓöÇΓöÇΓöÇΓöÇΓöÇΓöÇΓöÇΓöÇΓöÇΓöÇΓöÇΓöÇΓöÇΓöÇΓöÇΓöÇΓöÇΓöÇΓöÇΓöÇΓöÇΓöÇΓöÇΓöÇΓöÇΓöÇΓöÇΓöÇΓöÇΓöÇΓöÇΓöÇΓöÇΓöÇΓöÇΓöÇΓöÇΓöÇΓöÇΓöÇΓöÇΓöÇΓöÇΓöÇΓöÇΓöÇΓöÇΓöÇΓöÇΓöÇΓöÇΓöÇΓöÇΓöÇΓöÇΓöÇΓöÇΓöÇΓöÇΓöÇΓöÇΓöÇΓöÇΓöÇΓöÇ

  138) [chromium] ΓÇ║ e2e\responsive.spec.mjs:19:5 ΓÇ║ admin routes x viewports ΓÇ║ /admin/sales ΓöÇΓöÇΓöÇΓöÇΓöÇΓöÇΓöÇΓöÇΓöÇ

    Error: /admin/sales
    @1600px:
      - navigation failed: page.goto: net::ERR_CONNECTION_REFUSED at http://localhost:3058/admin/sales
    @1200px:
      - navigation failed: page.goto: net::ERR_CONNECTION_REFUSED at http://localhost:3058/admin/sales
    @768px:
      - navigation failed: page.goto: net::ERR_CONNECTION_REFUSED at http://localhost:3058/admin/sales
    @480px:
      - navigation failed: page.goto: net::ERR_CONNECTION_REFUSED at http://localhost:3058/admin/sales
    @375px:
      - navigation failed: page.goto: net::ERR_CONNECTION_REFUSED at http://localhost:3058/admin/sales

    expect(received).toEqual(expected) // deep equality

    - Expected  -  1
    + Received  + 12

    - Array []
    + Array [
    +   "@1600px:
    +   - navigation failed: page.goto: net::ERR_CONNECTION_REFUSED at http://localhost:3058/admin/sales",
    +   "@1200px:
    +   - navigation failed: page.goto: net::ERR_CONNECTION_REFUSED at http://localhost:3058/admin/sales",
    +   "@768px:
    +   - navigation failed: page.goto: net::ERR_CONNECTION_REFUSED at http://localhost:3058/admin/sales",
    +   "@480px:
    +   - navigation failed: page.goto: net::ERR_CONNECTION_REFUSED at http://localhost:3058/admin/sales",
    +   "@375px:
    +   - navigation failed: page.goto: net::ERR_CONNECTION_REFUSED at http://localhost:3058/admin/sales",
    + ]

      12 |   await testInfo.attach("matrix", { body: JSON.stringify({ route, url, results }), contentType: "application/json" });
      13 |   const failed = results.filter((r) => r.issues.length).map((r) => `@${r.viewport}px:\n  - ${r.issues.join("\n  - ")}`);
    > 14 |   expect(failed, `${url}\n${failed.join("\n")}`).toEqual([]);
         |                                                  ^
      15 | }
      16 |
      17 | test.describe("admin routes x viewports", () => {
        at runMatrix (C:\Users\priyank\Desktop\Development\BharatAgrolink-admin\e2e\responsive.spec.mjs:14:50)
        at C:\Users\priyank\Desktop\Development\BharatAgrolink-admin\e2e\responsive.spec.mjs:20:7

    attachment #7: screenshot (image/png) ΓöÇΓöÇΓöÇΓöÇΓöÇΓöÇΓöÇΓöÇΓöÇΓöÇΓöÇΓöÇΓöÇΓöÇΓöÇΓöÇΓöÇΓöÇΓöÇΓöÇΓöÇΓöÇΓöÇΓöÇΓöÇΓöÇΓöÇΓöÇΓöÇΓöÇΓöÇΓöÇΓöÇΓöÇΓöÇΓöÇΓöÇΓöÇΓöÇΓöÇΓöÇΓöÇΓöÇΓöÇΓöÇΓöÇΓöÇΓöÇΓöÇΓöÇΓöÇΓöÇΓöÇΓöÇΓöÇΓöÇΓöÇΓöÇ
    test-results\responsive-admin-routes-x-viewports-admin-sales-chromium\test-failed-1.png
    ΓöÇΓöÇΓöÇΓöÇΓöÇΓöÇΓöÇΓöÇΓöÇΓöÇΓöÇΓöÇΓöÇΓöÇΓöÇΓöÇΓöÇΓöÇΓöÇΓöÇΓöÇΓöÇΓöÇΓöÇΓöÇΓöÇΓöÇΓöÇΓöÇΓöÇΓöÇΓöÇΓöÇΓöÇΓöÇΓöÇΓöÇΓöÇΓöÇΓöÇΓöÇΓöÇΓöÇΓöÇΓöÇΓöÇΓöÇΓöÇΓöÇΓöÇΓöÇΓöÇΓöÇΓöÇΓöÇΓöÇΓöÇΓöÇΓöÇΓöÇΓöÇΓöÇΓöÇΓöÇΓöÇΓöÇΓöÇΓöÇΓöÇΓöÇΓöÇΓöÇΓöÇΓöÇΓöÇΓöÇΓöÇΓöÇΓöÇΓöÇΓöÇΓöÇΓöÇΓöÇΓöÇΓöÇΓöÇΓöÇΓöÇΓöÇΓöÇΓöÇΓöÇΓöÇΓöÇΓöÇ

    Error Context: test-results\responsive-admin-routes-x-viewports-admin-sales-chromium\error-context.md

    attachment #9: trace (application/zip) ΓöÇΓöÇΓöÇΓöÇΓöÇΓöÇΓöÇΓöÇΓöÇΓöÇΓöÇΓöÇΓöÇΓöÇΓöÇΓöÇΓöÇΓöÇΓöÇΓöÇΓöÇΓöÇΓöÇΓöÇΓöÇΓöÇΓöÇΓöÇΓöÇΓöÇΓöÇΓöÇΓöÇΓöÇΓöÇΓöÇΓöÇΓöÇΓöÇΓöÇΓöÇΓöÇΓöÇΓöÇΓöÇΓöÇΓöÇΓöÇΓöÇΓöÇΓöÇΓöÇΓöÇΓöÇΓöÇΓöÇΓöÇ
    test-results\responsive-admin-routes-x-viewports-admin-sales-chromium\trace.zip
    Usage:

        npx playwright show-trace test-results\responsive-admin-routes-x-viewports-admin-sales-chromium\trace.zip

    ΓöÇΓöÇΓöÇΓöÇΓöÇΓöÇΓöÇΓöÇΓöÇΓöÇΓöÇΓöÇΓöÇΓöÇΓöÇΓöÇΓöÇΓöÇΓöÇΓöÇΓöÇΓöÇΓöÇΓöÇΓöÇΓöÇΓöÇΓöÇΓöÇΓöÇΓöÇΓöÇΓöÇΓöÇΓöÇΓöÇΓöÇΓöÇΓöÇΓöÇΓöÇΓöÇΓöÇΓöÇΓöÇΓöÇΓöÇΓöÇΓöÇΓöÇΓöÇΓöÇΓöÇΓöÇΓöÇΓöÇΓöÇΓöÇΓöÇΓöÇΓöÇΓöÇΓöÇΓöÇΓöÇΓöÇΓöÇΓöÇΓöÇΓöÇΓöÇΓöÇΓöÇΓöÇΓöÇΓöÇΓöÇΓöÇΓöÇΓöÇΓöÇΓöÇΓöÇΓöÇΓöÇΓöÇΓöÇΓöÇΓöÇΓöÇΓöÇΓöÇΓöÇΓöÇΓöÇΓöÇ

  139) [chromium] ΓÇ║ e2e\responsive.spec.mjs:19:5 ΓÇ║ admin routes x viewports ΓÇ║ /admin/sales/achievements 

    Error: /admin/sales/achievements
    @1600px:
      - navigation failed: page.goto: net::ERR_CONNECTION_REFUSED at http://localhost:3058/admin/sales/achievements
    @1200px:
      - navigation failed: page.goto: net::ERR_CONNECTION_REFUSED at http://localhost:3058/admin/sales/achievements
    @768px:
      - navigation failed: page.goto: net::ERR_CONNECTION_REFUSED at http://localhost:3058/admin/sales/achievements
    @480px:
      - navigation failed: page.goto: net::ERR_CONNECTION_REFUSED at http://localhost:3058/admin/sales/achievements
    @375px:
      - navigation failed: page.goto: net::ERR_CONNECTION_REFUSED at http://localhost:3058/admin/sales/achievements

    expect(received).toEqual(expected) // deep equality

    - Expected  -  1
    + Received  + 12

    - Array []
    + Array [
    +   "@1600px:
    +   - navigation failed: page.goto: net::ERR_CONNECTION_REFUSED at http://localhost:3058/admin/sales/achievements",
    +   "@1200px:
    +   - navigation failed: page.goto: net::ERR_CONNECTION_REFUSED at http://localhost:3058/admin/sales/achievements",
    +   "@768px:
    +   - navigation failed: page.goto: net::ERR_CONNECTION_REFUSED at http://localhost:3058/admin/sales/achievements",
    +   "@480px:
    +   - navigation failed: page.goto: net::ERR_CONNECTION_REFUSED at http://localhost:3058/admin/sales/achievements",
    +   "@375px:
    +   - navigation failed: page.goto: net::ERR_CONNECTION_REFUSED at http://localhost:3058/admin/sales/achievements",
    + ]

      12 |   await testInfo.attach("matrix", { body: JSON.stringify({ route, url, results }), contentType: "application/json" });
      13 |   const failed = results.filter((r) => r.issues.length).map((r) => `@${r.viewport}px:\n  - ${r.issues.join("\n  - ")}`);
    > 14 |   expect(failed, `${url}\n${failed.join("\n")}`).toEqual([]);
         |                                                  ^
      15 | }
      16 |
      17 | test.describe("admin routes x viewports", () => {
        at runMatrix (C:\Users\priyank\Desktop\Development\BharatAgrolink-admin\e2e\responsive.spec.mjs:14:50)
        at C:\Users\priyank\Desktop\Development\BharatAgrolink-admin\e2e\responsive.spec.mjs:20:7

    attachment #7: screenshot (image/png) ΓöÇΓöÇΓöÇΓöÇΓöÇΓöÇΓöÇΓöÇΓöÇΓöÇΓöÇΓöÇΓöÇΓöÇΓöÇΓöÇΓöÇΓöÇΓöÇΓöÇΓöÇΓöÇΓöÇΓöÇΓöÇΓöÇΓöÇΓöÇΓöÇΓöÇΓöÇΓöÇΓöÇΓöÇΓöÇΓöÇΓöÇΓöÇΓöÇΓöÇΓöÇΓöÇΓöÇΓöÇΓöÇΓöÇΓöÇΓöÇΓöÇΓöÇΓöÇΓöÇΓöÇΓöÇΓöÇΓöÇΓöÇΓöÇ
    test-results\responsive-admin-routes-x-viewports-admin-sales-achievements-chromium\test-failed-1.png
    ΓöÇΓöÇΓöÇΓöÇΓöÇΓöÇΓöÇΓöÇΓöÇΓöÇΓöÇΓöÇΓöÇΓöÇΓöÇΓöÇΓöÇΓöÇΓöÇΓöÇΓöÇΓöÇΓöÇΓöÇΓöÇΓöÇΓöÇΓöÇΓöÇΓöÇΓöÇΓöÇΓöÇΓöÇΓöÇΓöÇΓöÇΓöÇΓöÇΓöÇΓöÇΓöÇΓöÇΓöÇΓöÇΓöÇΓöÇΓöÇΓöÇΓöÇΓöÇΓöÇΓöÇΓöÇΓöÇΓöÇΓöÇΓöÇΓöÇΓöÇΓöÇΓöÇΓöÇΓöÇΓöÇΓöÇΓöÇΓöÇΓöÇΓöÇΓöÇΓöÇΓöÇΓöÇΓöÇΓöÇΓöÇΓöÇΓöÇΓöÇΓöÇΓöÇΓöÇΓöÇΓöÇΓöÇΓöÇΓöÇΓöÇΓöÇΓöÇΓöÇΓöÇΓöÇΓöÇΓöÇ

    Error Context: test-results\responsive-admin-routes-x-viewports-admin-sales-achievements-chromium\error-context.md

    attachment #9: trace (application/zip) ΓöÇΓöÇΓöÇΓöÇΓöÇΓöÇΓöÇΓöÇΓöÇΓöÇΓöÇΓöÇΓöÇΓöÇΓöÇΓöÇΓöÇΓöÇΓöÇΓöÇΓöÇΓöÇΓöÇΓöÇΓöÇΓöÇΓöÇΓöÇΓöÇΓöÇΓöÇΓöÇΓöÇΓöÇΓöÇΓöÇΓöÇΓöÇΓöÇΓöÇΓöÇΓöÇΓöÇΓöÇΓöÇΓöÇΓöÇΓöÇΓöÇΓöÇΓöÇΓöÇΓöÇΓöÇΓöÇΓöÇΓöÇ
    test-results\responsive-admin-routes-x-viewports-admin-sales-achievements-chromium\trace.zip
    Usage:

        npx playwright show-trace test-results\responsive-admin-routes-x-viewports-admin-sales-achievements-chromium\trace.zip

    ΓöÇΓöÇΓöÇΓöÇΓöÇΓöÇΓöÇΓöÇΓöÇΓöÇΓöÇΓöÇΓöÇΓöÇΓöÇΓöÇΓöÇΓöÇΓöÇΓöÇΓöÇΓöÇΓöÇΓöÇΓöÇΓöÇΓöÇΓöÇΓöÇΓöÇΓöÇΓöÇΓöÇΓöÇΓöÇΓöÇΓöÇΓöÇΓöÇΓöÇΓöÇΓöÇΓöÇΓöÇΓöÇΓöÇΓöÇΓöÇΓöÇΓöÇΓöÇΓöÇΓöÇΓöÇΓöÇΓöÇΓöÇΓöÇΓöÇΓöÇΓöÇΓöÇΓöÇΓöÇΓöÇΓöÇΓöÇΓöÇΓöÇΓöÇΓöÇΓöÇΓöÇΓöÇΓöÇΓöÇΓöÇΓöÇΓöÇΓöÇΓöÇΓöÇΓöÇΓöÇΓöÇΓöÇΓöÇΓöÇΓöÇΓöÇΓöÇΓöÇΓöÇΓöÇΓöÇΓöÇ

  140) [chromium] ΓÇ║ e2e\responsive.spec.mjs:19:5 ΓÇ║ admin routes x viewports ΓÇ║ /admin/sales/my-performance 

    Error: /admin/sales/my-performance
    @1600px:
      - navigation failed: page.goto: net::ERR_CONNECTION_REFUSED at http://localhost:3058/admin/sales/my-performance
    @1200px:
      - navigation failed: page.goto: net::ERR_CONNECTION_REFUSED at http://localhost:3058/admin/sales/my-performance
    @768px:
      - navigation failed: page.goto: net::ERR_CONNECTION_REFUSED at http://localhost:3058/admin/sales/my-performance
    @480px:
      - navigation failed: page.goto: net::ERR_CONNECTION_REFUSED at http://localhost:3058/admin/sales/my-performance
    @375px:
      - navigation failed: page.goto: net::ERR_CONNECTION_REFUSED at http://localhost:3058/admin/sales/my-performance

    expect(received).toEqual(expected) // deep equality

    - Expected  -  1
    + Received  + 12

    - Array []
    + Array [
    +   "@1600px:
    +   - navigation failed: page.goto: net::ERR_CONNECTION_REFUSED at http://localhost:3058/admin/sales/my-performance",
    +   "@1200px:
    +   - navigation failed: page.goto: net::ERR_CONNECTION_REFUSED at http://localhost:3058/admin/sales/my-performance",
    +   "@768px:
    +   - navigation failed: page.goto: net::ERR_CONNECTION_REFUSED at http://localhost:3058/admin/sales/my-performance",
    +   "@480px:
    +   - navigation failed: page.goto: net::ERR_CONNECTION_REFUSED at http://localhost:3058/admin/sales/my-performance",
    +   "@375px:
    +   - navigation failed: page.goto: net::ERR_CONNECTION_REFUSED at http://localhost:3058/admin/sales/my-performance",
    + ]

      12 |   await testInfo.attach("matrix", { body: JSON.stringify({ route, url, results }), contentType: "application/json" });
      13 |   const failed = results.filter((r) => r.issues.length).map((r) => `@${r.viewport}px:\n  - ${r.issues.join("\n  - ")}`);
    > 14 |   expect(failed, `${url}\n${failed.join("\n")}`).toEqual([]);
         |                                                  ^
      15 | }
      16 |
      17 | test.describe("admin routes x viewports", () => {
        at runMatrix (C:\Users\priyank\Desktop\Development\BharatAgrolink-admin\e2e\responsive.spec.mjs:14:50)
        at C:\Users\priyank\Desktop\Development\BharatAgrolink-admin\e2e\responsive.spec.mjs:20:7

    attachment #7: screenshot (image/png) ΓöÇΓöÇΓöÇΓöÇΓöÇΓöÇΓöÇΓöÇΓöÇΓöÇΓöÇΓöÇΓöÇΓöÇΓöÇΓöÇΓöÇΓöÇΓöÇΓöÇΓöÇΓöÇΓöÇΓöÇΓöÇΓöÇΓöÇΓöÇΓöÇΓöÇΓöÇΓöÇΓöÇΓöÇΓöÇΓöÇΓöÇΓöÇΓöÇΓöÇΓöÇΓöÇΓöÇΓöÇΓöÇΓöÇΓöÇΓöÇΓöÇΓöÇΓöÇΓöÇΓöÇΓöÇΓöÇΓöÇΓöÇΓöÇ
    test-results\responsive-admin-routes-x--82967--admin-sales-my-performance-chromium\test-failed-1.png
    ΓöÇΓöÇΓöÇΓöÇΓöÇΓöÇΓöÇΓöÇΓöÇΓöÇΓöÇΓöÇΓöÇΓöÇΓöÇΓöÇΓöÇΓöÇΓöÇΓöÇΓöÇΓöÇΓöÇΓöÇΓöÇΓöÇΓöÇΓöÇΓöÇΓöÇΓöÇΓöÇΓöÇΓöÇΓöÇΓöÇΓöÇΓöÇΓöÇΓöÇΓöÇΓöÇΓöÇΓöÇΓöÇΓöÇΓöÇΓöÇΓöÇΓöÇΓöÇΓöÇΓöÇΓöÇΓöÇΓöÇΓöÇΓöÇΓöÇΓöÇΓöÇΓöÇΓöÇΓöÇΓöÇΓöÇΓöÇΓöÇΓöÇΓöÇΓöÇΓöÇΓöÇΓöÇΓöÇΓöÇΓöÇΓöÇΓöÇΓöÇΓöÇΓöÇΓöÇΓöÇΓöÇΓöÇΓöÇΓöÇΓöÇΓöÇΓöÇΓöÇΓöÇΓöÇΓöÇΓöÇ

    Error Context: test-results\responsive-admin-routes-x--82967--admin-sales-my-performance-chromium\error-context.md

    attachment #9: trace (application/zip) ΓöÇΓöÇΓöÇΓöÇΓöÇΓöÇΓöÇΓöÇΓöÇΓöÇΓöÇΓöÇΓöÇΓöÇΓöÇΓöÇΓöÇΓöÇΓöÇΓöÇΓöÇΓöÇΓöÇΓöÇΓöÇΓöÇΓöÇΓöÇΓöÇΓöÇΓöÇΓöÇΓöÇΓöÇΓöÇΓöÇΓöÇΓöÇΓöÇΓöÇΓöÇΓöÇΓöÇΓöÇΓöÇΓöÇΓöÇΓöÇΓöÇΓöÇΓöÇΓöÇΓöÇΓöÇΓöÇΓöÇΓöÇ
    test-results\responsive-admin-routes-x--82967--admin-sales-my-performance-chromium\trace.zip
    Usage:

        npx playwright show-trace test-results\responsive-admin-routes-x--82967--admin-sales-my-performance-chromium\trace.zip

    ΓöÇΓöÇΓöÇΓöÇΓöÇΓöÇΓöÇΓöÇΓöÇΓöÇΓöÇΓöÇΓöÇΓöÇΓöÇΓöÇΓöÇΓöÇΓöÇΓöÇΓöÇΓöÇΓöÇΓöÇΓöÇΓöÇΓöÇΓöÇΓöÇΓöÇΓöÇΓöÇΓöÇΓöÇΓöÇΓöÇΓöÇΓöÇΓöÇΓöÇΓöÇΓöÇΓöÇΓöÇΓöÇΓöÇΓöÇΓöÇΓöÇΓöÇΓöÇΓöÇΓöÇΓöÇΓöÇΓöÇΓöÇΓöÇΓöÇΓöÇΓöÇΓöÇΓöÇΓöÇΓöÇΓöÇΓöÇΓöÇΓöÇΓöÇΓöÇΓöÇΓöÇΓöÇΓöÇΓöÇΓöÇΓöÇΓöÇΓöÇΓöÇΓöÇΓöÇΓöÇΓöÇΓöÇΓöÇΓöÇΓöÇΓöÇΓöÇΓöÇΓöÇΓöÇΓöÇΓöÇ

  141) [chromium] ΓÇ║ e2e\responsive.spec.mjs:19:5 ΓÇ║ admin routes x viewports ΓÇ║ /admin/sales/payouts ΓöÇ

    Error: /admin/sales/payouts
    @1600px:
      - navigation failed: page.goto: net::ERR_CONNECTION_REFUSED at http://localhost:3058/admin/sales/payouts
    @1200px:
      - navigation failed: page.goto: net::ERR_CONNECTION_REFUSED at http://localhost:3058/admin/sales/payouts
    @768px:
      - navigation failed: page.goto: net::ERR_CONNECTION_REFUSED at http://localhost:3058/admin/sales/payouts
    @480px:
      - navigation failed: page.goto: net::ERR_CONNECTION_REFUSED at http://localhost:3058/admin/sales/payouts
    @375px:
      - navigation failed: page.goto: net::ERR_CONNECTION_REFUSED at http://localhost:3058/admin/sales/payouts

    expect(received).toEqual(expected) // deep equality

    - Expected  -  1
    + Received  + 12

    - Array []
    + Array [
    +   "@1600px:
    +   - navigation failed: page.goto: net::ERR_CONNECTION_REFUSED at http://localhost:3058/admin/sales/payouts",
    +   "@1200px:
    +   - navigation failed: page.goto: net::ERR_CONNECTION_REFUSED at http://localhost:3058/admin/sales/payouts",
    +   "@768px:
    +   - navigation failed: page.goto: net::ERR_CONNECTION_REFUSED at http://localhost:3058/admin/sales/payouts",
    +   "@480px:
    +   - navigation failed: page.goto: net::ERR_CONNECTION_REFUSED at http://localhost:3058/admin/sales/payouts",
    +   "@375px:
    +   - navigation failed: page.goto: net::ERR_CONNECTION_REFUSED at http://localhost:3058/admin/sales/payouts",
    + ]

      12 |   await testInfo.attach("matrix", { body: JSON.stringify({ route, url, results }), contentType: "application/json" });
      13 |   const failed = results.filter((r) => r.issues.length).map((r) => `@${r.viewport}px:\n  - ${r.issues.join("\n  - ")}`);
    > 14 |   expect(failed, `${url}\n${failed.join("\n")}`).toEqual([]);
         |                                                  ^
      15 | }
      16 |
      17 | test.describe("admin routes x viewports", () => {
        at runMatrix (C:\Users\priyank\Desktop\Development\BharatAgrolink-admin\e2e\responsive.spec.mjs:14:50)
        at C:\Users\priyank\Desktop\Development\BharatAgrolink-admin\e2e\responsive.spec.mjs:20:7

    attachment #7: screenshot (image/png) ΓöÇΓöÇΓöÇΓöÇΓöÇΓöÇΓöÇΓöÇΓöÇΓöÇΓöÇΓöÇΓöÇΓöÇΓöÇΓöÇΓöÇΓöÇΓöÇΓöÇΓöÇΓöÇΓöÇΓöÇΓöÇΓöÇΓöÇΓöÇΓöÇΓöÇΓöÇΓöÇΓöÇΓöÇΓöÇΓöÇΓöÇΓöÇΓöÇΓöÇΓöÇΓöÇΓöÇΓöÇΓöÇΓöÇΓöÇΓöÇΓöÇΓöÇΓöÇΓöÇΓöÇΓöÇΓöÇΓöÇΓöÇΓöÇ
    test-results\responsive-admin-routes-x-viewports-admin-sales-payouts-chromium\test-failed-1.png
    ΓöÇΓöÇΓöÇΓöÇΓöÇΓöÇΓöÇΓöÇΓöÇΓöÇΓöÇΓöÇΓöÇΓöÇΓöÇΓöÇΓöÇΓöÇΓöÇΓöÇΓöÇΓöÇΓöÇΓöÇΓöÇΓöÇΓöÇΓöÇΓöÇΓöÇΓöÇΓöÇΓöÇΓöÇΓöÇΓöÇΓöÇΓöÇΓöÇΓöÇΓöÇΓöÇΓöÇΓöÇΓöÇΓöÇΓöÇΓöÇΓöÇΓöÇΓöÇΓöÇΓöÇΓöÇΓöÇΓöÇΓöÇΓöÇΓöÇΓöÇΓöÇΓöÇΓöÇΓöÇΓöÇΓöÇΓöÇΓöÇΓöÇΓöÇΓöÇΓöÇΓöÇΓöÇΓöÇΓöÇΓöÇΓöÇΓöÇΓöÇΓöÇΓöÇΓöÇΓöÇΓöÇΓöÇΓöÇΓöÇΓöÇΓöÇΓöÇΓöÇΓöÇΓöÇΓöÇΓöÇ

    Error Context: test-results\responsive-admin-routes-x-viewports-admin-sales-payouts-chromium\error-context.md

    attachment #9: trace (application/zip) ΓöÇΓöÇΓöÇΓöÇΓöÇΓöÇΓöÇΓöÇΓöÇΓöÇΓöÇΓöÇΓöÇΓöÇΓöÇΓöÇΓöÇΓöÇΓöÇΓöÇΓöÇΓöÇΓöÇΓöÇΓöÇΓöÇΓöÇΓöÇΓöÇΓöÇΓöÇΓöÇΓöÇΓöÇΓöÇΓöÇΓöÇΓöÇΓöÇΓöÇΓöÇΓöÇΓöÇΓöÇΓöÇΓöÇΓöÇΓöÇΓöÇΓöÇΓöÇΓöÇΓöÇΓöÇΓöÇΓöÇΓöÇ
    test-results\responsive-admin-routes-x-viewports-admin-sales-payouts-chromium\trace.zip
    Usage:

        npx playwright show-trace test-results\responsive-admin-routes-x-viewports-admin-sales-payouts-chromium\trace.zip

    ΓöÇΓöÇΓöÇΓöÇΓöÇΓöÇΓöÇΓöÇΓöÇΓöÇΓöÇΓöÇΓöÇΓöÇΓöÇΓöÇΓöÇΓöÇΓöÇΓöÇΓöÇΓöÇΓöÇΓöÇΓöÇΓöÇΓöÇΓöÇΓöÇΓöÇΓöÇΓöÇΓöÇΓöÇΓöÇΓöÇΓöÇΓöÇΓöÇΓöÇΓöÇΓöÇΓöÇΓöÇΓöÇΓöÇΓöÇΓöÇΓöÇΓöÇΓöÇΓöÇΓöÇΓöÇΓöÇΓöÇΓöÇΓöÇΓöÇΓöÇΓöÇΓöÇΓöÇΓöÇΓöÇΓöÇΓöÇΓöÇΓöÇΓöÇΓöÇΓöÇΓöÇΓöÇΓöÇΓöÇΓöÇΓöÇΓöÇΓöÇΓöÇΓöÇΓöÇΓöÇΓöÇΓöÇΓöÇΓöÇΓöÇΓöÇΓöÇΓöÇΓöÇΓöÇΓöÇΓöÇ

  142) [chromium] ΓÇ║ e2e\responsive.spec.mjs:19:5 ΓÇ║ admin routes x viewports ΓÇ║ /admin/sales/prepaid-incentive 

    Error: /admin/sales/prepaid-incentive
    @1600px:
      - navigation failed: page.goto: net::ERR_CONNECTION_REFUSED at http://localhost:3058/admin/sales/prepaid-incentive
    @1200px:
      - navigation failed: page.goto: net::ERR_CONNECTION_REFUSED at http://localhost:3058/admin/sales/prepaid-incentive
    @768px:
      - navigation failed: page.goto: net::ERR_CONNECTION_REFUSED at http://localhost:3058/admin/sales/prepaid-incentive
    @480px:
      - navigation failed: page.goto: net::ERR_CONNECTION_REFUSED at http://localhost:3058/admin/sales/prepaid-incentive
    @375px:
      - navigation failed: page.goto: net::ERR_CONNECTION_REFUSED at http://localhost:3058/admin/sales/prepaid-incentive

    expect(received).toEqual(expected) // deep equality

    - Expected  -  1
    + Received  + 12

    - Array []
    + Array [
    +   "@1600px:
    +   - navigation failed: page.goto: net::ERR_CONNECTION_REFUSED at http://localhost:3058/admin/sales/prepaid-incentive",
    +   "@1200px:
    +   - navigation failed: page.goto: net::ERR_CONNECTION_REFUSED at http://localhost:3058/admin/sales/prepaid-incentive",
    +   "@768px:
    +   - navigation failed: page.goto: net::ERR_CONNECTION_REFUSED at http://localhost:3058/admin/sales/prepaid-incentive",
    +   "@480px:
    +   - navigation failed: page.goto: net::ERR_CONNECTION_REFUSED at http://localhost:3058/admin/sales/prepaid-incentive",
    +   "@375px:
    +   - navigation failed: page.goto: net::ERR_CONNECTION_REFUSED at http://localhost:3058/admin/sales/prepaid-incentive",
    + ]

      12 |   await testInfo.attach("matrix", { body: JSON.stringify({ route, url, results }), contentType: "application/json" });
      13 |   const failed = results.filter((r) => r.issues.length).map((r) => `@${r.viewport}px:\n  - ${r.issues.join("\n  - ")}`);
    > 14 |   expect(failed, `${url}\n${failed.join("\n")}`).toEqual([]);
         |                                                  ^
      15 | }
      16 |
      17 | test.describe("admin routes x viewports", () => {
        at runMatrix (C:\Users\priyank\Desktop\Development\BharatAgrolink-admin\e2e\responsive.spec.mjs:14:50)
        at C:\Users\priyank\Desktop\Development\BharatAgrolink-admin\e2e\responsive.spec.mjs:20:7

    attachment #7: screenshot (image/png) ΓöÇΓöÇΓöÇΓöÇΓöÇΓöÇΓöÇΓöÇΓöÇΓöÇΓöÇΓöÇΓöÇΓöÇΓöÇΓöÇΓöÇΓöÇΓöÇΓöÇΓöÇΓöÇΓöÇΓöÇΓöÇΓöÇΓöÇΓöÇΓöÇΓöÇΓöÇΓöÇΓöÇΓöÇΓöÇΓöÇΓöÇΓöÇΓöÇΓöÇΓöÇΓöÇΓöÇΓöÇΓöÇΓöÇΓöÇΓöÇΓöÇΓöÇΓöÇΓöÇΓöÇΓöÇΓöÇΓöÇΓöÇΓöÇ
    test-results\responsive-admin-routes-x--ad767-min-sales-prepaid-incentive-chromium\test-failed-1.png
    ΓöÇΓöÇΓöÇΓöÇΓöÇΓöÇΓöÇΓöÇΓöÇΓöÇΓöÇΓöÇΓöÇΓöÇΓöÇΓöÇΓöÇΓöÇΓöÇΓöÇΓöÇΓöÇΓöÇΓöÇΓöÇΓöÇΓöÇΓöÇΓöÇΓöÇΓöÇΓöÇΓöÇΓöÇΓöÇΓöÇΓöÇΓöÇΓöÇΓöÇΓöÇΓöÇΓöÇΓöÇΓöÇΓöÇΓöÇΓöÇΓöÇΓöÇΓöÇΓöÇΓöÇΓöÇΓöÇΓöÇΓöÇΓöÇΓöÇΓöÇΓöÇΓöÇΓöÇΓöÇΓöÇΓöÇΓöÇΓöÇΓöÇΓöÇΓöÇΓöÇΓöÇΓöÇΓöÇΓöÇΓöÇΓöÇΓöÇΓöÇΓöÇΓöÇΓöÇΓöÇΓöÇΓöÇΓöÇΓöÇΓöÇΓöÇΓöÇΓöÇΓöÇΓöÇΓöÇΓöÇ

    Error Context: test-results\responsive-admin-routes-x--ad767-min-sales-prepaid-incentive-chromium\error-context.md

    attachment #9: trace (application/zip) ΓöÇΓöÇΓöÇΓöÇΓöÇΓöÇΓöÇΓöÇΓöÇΓöÇΓöÇΓöÇΓöÇΓöÇΓöÇΓöÇΓöÇΓöÇΓöÇΓöÇΓöÇΓöÇΓöÇΓöÇΓöÇΓöÇΓöÇΓöÇΓöÇΓöÇΓöÇΓöÇΓöÇΓöÇΓöÇΓöÇΓöÇΓöÇΓöÇΓöÇΓöÇΓöÇΓöÇΓöÇΓöÇΓöÇΓöÇΓöÇΓöÇΓöÇΓöÇΓöÇΓöÇΓöÇΓöÇΓöÇΓöÇ
    test-results\responsive-admin-routes-x--ad767-min-sales-prepaid-incentive-chromium\trace.zip
    Usage:

        npx playwright show-trace test-results\responsive-admin-routes-x--ad767-min-sales-prepaid-incentive-chromium\trace.zip

    ΓöÇΓöÇΓöÇΓöÇΓöÇΓöÇΓöÇΓöÇΓöÇΓöÇΓöÇΓöÇΓöÇΓöÇΓöÇΓöÇΓöÇΓöÇΓöÇΓöÇΓöÇΓöÇΓöÇΓöÇΓöÇΓöÇΓöÇΓöÇΓöÇΓöÇΓöÇΓöÇΓöÇΓöÇΓöÇΓöÇΓöÇΓöÇΓöÇΓöÇΓöÇΓöÇΓöÇΓöÇΓöÇΓöÇΓöÇΓöÇΓöÇΓöÇΓöÇΓöÇΓöÇΓöÇΓöÇΓöÇΓöÇΓöÇΓöÇΓöÇΓöÇΓöÇΓöÇΓöÇΓöÇΓöÇΓöÇΓöÇΓöÇΓöÇΓöÇΓöÇΓöÇΓöÇΓöÇΓöÇΓöÇΓöÇΓöÇΓöÇΓöÇΓöÇΓöÇΓöÇΓöÇΓöÇΓöÇΓöÇΓöÇΓöÇΓöÇΓöÇΓöÇΓöÇΓöÇΓöÇ

  143) [chromium] ΓÇ║ e2e\responsive.spec.mjs:19:5 ΓÇ║ admin routes x viewports ΓÇ║ /admin/sales/salary ΓöÇΓöÇ

    Error: /admin/sales/salary
    @1600px:
      - navigation failed: page.goto: net::ERR_CONNECTION_REFUSED at http://localhost:3058/admin/sales/salary
    @1200px:
      - navigation failed: page.goto: net::ERR_CONNECTION_REFUSED at http://localhost:3058/admin/sales/salary
    @768px:
      - navigation failed: page.goto: net::ERR_CONNECTION_REFUSED at http://localhost:3058/admin/sales/salary
    @480px:
      - navigation failed: page.goto: net::ERR_CONNECTION_REFUSED at http://localhost:3058/admin/sales/salary
    @375px:
      - navigation failed: page.goto: net::ERR_CONNECTION_REFUSED at http://localhost:3058/admin/sales/salary

    expect(received).toEqual(expected) // deep equality

    - Expected  -  1
    + Received  + 12

    - Array []
    + Array [
    +   "@1600px:
    +   - navigation failed: page.goto: net::ERR_CONNECTION_REFUSED at http://localhost:3058/admin/sales/salary",
    +   "@1200px:
    +   - navigation failed: page.goto: net::ERR_CONNECTION_REFUSED at http://localhost:3058/admin/sales/salary",
    +   "@768px:
    +   - navigation failed: page.goto: net::ERR_CONNECTION_REFUSED at http://localhost:3058/admin/sales/salary",
    +   "@480px:
    +   - navigation failed: page.goto: net::ERR_CONNECTION_REFUSED at http://localhost:3058/admin/sales/salary",
    +   "@375px:
    +   - navigation failed: page.goto: net::ERR_CONNECTION_REFUSED at http://localhost:3058/admin/sales/salary",
    + ]

      12 |   await testInfo.attach("matrix", { body: JSON.stringify({ route, url, results }), contentType: "application/json" });
      13 |   const failed = results.filter((r) => r.issues.length).map((r) => `@${r.viewport}px:\n  - ${r.issues.join("\n  - ")}`);
    > 14 |   expect(failed, `${url}\n${failed.join("\n")}`).toEqual([]);
         |                                                  ^
      15 | }
      16 |
      17 | test.describe("admin routes x viewports", () => {
        at runMatrix (C:\Users\priyank\Desktop\Development\BharatAgrolink-admin\e2e\responsive.spec.mjs:14:50)
        at C:\Users\priyank\Desktop\Development\BharatAgrolink-admin\e2e\responsive.spec.mjs:20:7

    attachment #7: screenshot (image/png) ΓöÇΓöÇΓöÇΓöÇΓöÇΓöÇΓöÇΓöÇΓöÇΓöÇΓöÇΓöÇΓöÇΓöÇΓöÇΓöÇΓöÇΓöÇΓöÇΓöÇΓöÇΓöÇΓöÇΓöÇΓöÇΓöÇΓöÇΓöÇΓöÇΓöÇΓöÇΓöÇΓöÇΓöÇΓöÇΓöÇΓöÇΓöÇΓöÇΓöÇΓöÇΓöÇΓöÇΓöÇΓöÇΓöÇΓöÇΓöÇΓöÇΓöÇΓöÇΓöÇΓöÇΓöÇΓöÇΓöÇΓöÇΓöÇ
    test-results\responsive-admin-routes-x-viewports-admin-sales-salary-chromium\test-failed-1.png
    ΓöÇΓöÇΓöÇΓöÇΓöÇΓöÇΓöÇΓöÇΓöÇΓöÇΓöÇΓöÇΓöÇΓöÇΓöÇΓöÇΓöÇΓöÇΓöÇΓöÇΓöÇΓöÇΓöÇΓöÇΓöÇΓöÇΓöÇΓöÇΓöÇΓöÇΓöÇΓöÇΓöÇΓöÇΓöÇΓöÇΓöÇΓöÇΓöÇΓöÇΓöÇΓöÇΓöÇΓöÇΓöÇΓöÇΓöÇΓöÇΓöÇΓöÇΓöÇΓöÇΓöÇΓöÇΓöÇΓöÇΓöÇΓöÇΓöÇΓöÇΓöÇΓöÇΓöÇΓöÇΓöÇΓöÇΓöÇΓöÇΓöÇΓöÇΓöÇΓöÇΓöÇΓöÇΓöÇΓöÇΓöÇΓöÇΓöÇΓöÇΓöÇΓöÇΓöÇΓöÇΓöÇΓöÇΓöÇΓöÇΓöÇΓöÇΓöÇΓöÇΓöÇΓöÇΓöÇΓöÇ

    Error Context: test-results\responsive-admin-routes-x-viewports-admin-sales-salary-chromium\error-context.md

    attachment #9: trace (application/zip) ΓöÇΓöÇΓöÇΓöÇΓöÇΓöÇΓöÇΓöÇΓöÇΓöÇΓöÇΓöÇΓöÇΓöÇΓöÇΓöÇΓöÇΓöÇΓöÇΓöÇΓöÇΓöÇΓöÇΓöÇΓöÇΓöÇΓöÇΓöÇΓöÇΓöÇΓöÇΓöÇΓöÇΓöÇΓöÇΓöÇΓöÇΓöÇΓöÇΓöÇΓöÇΓöÇΓöÇΓöÇΓöÇΓöÇΓöÇΓöÇΓöÇΓöÇΓöÇΓöÇΓöÇΓöÇΓöÇΓöÇΓöÇ
    test-results\responsive-admin-routes-x-viewports-admin-sales-salary-chromium\trace.zip
    Usage:

        npx playwright show-trace test-results\responsive-admin-routes-x-viewports-admin-sales-salary-chromium\trace.zip

    ΓöÇΓöÇΓöÇΓöÇΓöÇΓöÇΓöÇΓöÇΓöÇΓöÇΓöÇΓöÇΓöÇΓöÇΓöÇΓöÇΓöÇΓöÇΓöÇΓöÇΓöÇΓöÇΓöÇΓöÇΓöÇΓöÇΓöÇΓöÇΓöÇΓöÇΓöÇΓöÇΓöÇΓöÇΓöÇΓöÇΓöÇΓöÇΓöÇΓöÇΓöÇΓöÇΓöÇΓöÇΓöÇΓöÇΓöÇΓöÇΓöÇΓöÇΓöÇΓöÇΓöÇΓöÇΓöÇΓöÇΓöÇΓöÇΓöÇΓöÇΓöÇΓöÇΓöÇΓöÇΓöÇΓöÇΓöÇΓöÇΓöÇΓöÇΓöÇΓöÇΓöÇΓöÇΓöÇΓöÇΓöÇΓöÇΓöÇΓöÇΓöÇΓöÇΓöÇΓöÇΓöÇΓöÇΓöÇΓöÇΓöÇΓöÇΓöÇΓöÇΓöÇΓöÇΓöÇΓöÇ

  144) [chromium] ΓÇ║ e2e\responsive.spec.mjs:19:5 ΓÇ║ admin routes x viewports ΓÇ║ /admin/sales/targets ΓöÇ

    Error: /admin/sales/targets
    @1600px:
      - navigation failed: page.goto: net::ERR_CONNECTION_REFUSED at http://localhost:3058/admin/sales/targets
    @1200px:
      - navigation failed: page.goto: net::ERR_CONNECTION_REFUSED at http://localhost:3058/admin/sales/targets
    @768px:
      - navigation failed: page.goto: net::ERR_CONNECTION_REFUSED at http://localhost:3058/admin/sales/targets
    @480px:
      - navigation failed: page.goto: net::ERR_CONNECTION_REFUSED at http://localhost:3058/admin/sales/targets
    @375px:
      - navigation failed: page.goto: net::ERR_CONNECTION_REFUSED at http://localhost:3058/admin/sales/targets

    expect(received).toEqual(expected) // deep equality

    - Expected  -  1
    + Received  + 12

    - Array []
    + Array [
    +   "@1600px:
    +   - navigation failed: page.goto: net::ERR_CONNECTION_REFUSED at http://localhost:3058/admin/sales/targets",
    +   "@1200px:
    +   - navigation failed: page.goto: net::ERR_CONNECTION_REFUSED at http://localhost:3058/admin/sales/targets",
    +   "@768px:
    +   - navigation failed: page.goto: net::ERR_CONNECTION_REFUSED at http://localhost:3058/admin/sales/targets",
    +   "@480px:
    +   - navigation failed: page.goto: net::ERR_CONNECTION_REFUSED at http://localhost:3058/admin/sales/targets",
    +   "@375px:
    +   - navigation failed: page.goto: net::ERR_CONNECTION_REFUSED at http://localhost:3058/admin/sales/targets",
    + ]

      12 |   await testInfo.attach("matrix", { body: JSON.stringify({ route, url, results }), contentType: "application/json" });
      13 |   const failed = results.filter((r) => r.issues.length).map((r) => `@${r.viewport}px:\n  - ${r.issues.join("\n  - ")}`);
    > 14 |   expect(failed, `${url}\n${failed.join("\n")}`).toEqual([]);
         |                                                  ^
      15 | }
      16 |
      17 | test.describe("admin routes x viewports", () => {
        at runMatrix (C:\Users\priyank\Desktop\Development\BharatAgrolink-admin\e2e\responsive.spec.mjs:14:50)
        at C:\Users\priyank\Desktop\Development\BharatAgrolink-admin\e2e\responsive.spec.mjs:20:7

    attachment #7: screenshot (image/png) ΓöÇΓöÇΓöÇΓöÇΓöÇΓöÇΓöÇΓöÇΓöÇΓöÇΓöÇΓöÇΓöÇΓöÇΓöÇΓöÇΓöÇΓöÇΓöÇΓöÇΓöÇΓöÇΓöÇΓöÇΓöÇΓöÇΓöÇΓöÇΓöÇΓöÇΓöÇΓöÇΓöÇΓöÇΓöÇΓöÇΓöÇΓöÇΓöÇΓöÇΓöÇΓöÇΓöÇΓöÇΓöÇΓöÇΓöÇΓöÇΓöÇΓöÇΓöÇΓöÇΓöÇΓöÇΓöÇΓöÇΓöÇΓöÇ
    test-results\responsive-admin-routes-x-viewports-admin-sales-targets-chromium\test-failed-1.png
    ΓöÇΓöÇΓöÇΓöÇΓöÇΓöÇΓöÇΓöÇΓöÇΓöÇΓöÇΓöÇΓöÇΓöÇΓöÇΓöÇΓöÇΓöÇΓöÇΓöÇΓöÇΓöÇΓöÇΓöÇΓöÇΓöÇΓöÇΓöÇΓöÇΓöÇΓöÇΓöÇΓöÇΓöÇΓöÇΓöÇΓöÇΓöÇΓöÇΓöÇΓöÇΓöÇΓöÇΓöÇΓöÇΓöÇΓöÇΓöÇΓöÇΓöÇΓöÇΓöÇΓöÇΓöÇΓöÇΓöÇΓöÇΓöÇΓöÇΓöÇΓöÇΓöÇΓöÇΓöÇΓöÇΓöÇΓöÇΓöÇΓöÇΓöÇΓöÇΓöÇΓöÇΓöÇΓöÇΓöÇΓöÇΓöÇΓöÇΓöÇΓöÇΓöÇΓöÇΓöÇΓöÇΓöÇΓöÇΓöÇΓöÇΓöÇΓöÇΓöÇΓöÇΓöÇΓöÇΓöÇ

    Error Context: test-results\responsive-admin-routes-x-viewports-admin-sales-targets-chromium\error-context.md

    attachment #9: trace (application/zip) ΓöÇΓöÇΓöÇΓöÇΓöÇΓöÇΓöÇΓöÇΓöÇΓöÇΓöÇΓöÇΓöÇΓöÇΓöÇΓöÇΓöÇΓöÇΓöÇΓöÇΓöÇΓöÇΓöÇΓöÇΓöÇΓöÇΓöÇΓöÇΓöÇΓöÇΓöÇΓöÇΓöÇΓöÇΓöÇΓöÇΓöÇΓöÇΓöÇΓöÇΓöÇΓöÇΓöÇΓöÇΓöÇΓöÇΓöÇΓöÇΓöÇΓöÇΓöÇΓöÇΓöÇΓöÇΓöÇΓöÇΓöÇ
    test-results\responsive-admin-routes-x-viewports-admin-sales-targets-chromium\trace.zip
    Usage:

        npx playwright show-trace test-results\responsive-admin-routes-x-viewports-admin-sales-targets-chromium\trace.zip

    ΓöÇΓöÇΓöÇΓöÇΓöÇΓöÇΓöÇΓöÇΓöÇΓöÇΓöÇΓöÇΓöÇΓöÇΓöÇΓöÇΓöÇΓöÇΓöÇΓöÇΓöÇΓöÇΓöÇΓöÇΓöÇΓöÇΓöÇΓöÇΓöÇΓöÇΓöÇΓöÇΓöÇΓöÇΓöÇΓöÇΓöÇΓöÇΓöÇΓöÇΓöÇΓöÇΓöÇΓöÇΓöÇΓöÇΓöÇΓöÇΓöÇΓöÇΓöÇΓöÇΓöÇΓöÇΓöÇΓöÇΓöÇΓöÇΓöÇΓöÇΓöÇΓöÇΓöÇΓöÇΓöÇΓöÇΓöÇΓöÇΓöÇΓöÇΓöÇΓöÇΓöÇΓöÇΓöÇΓöÇΓöÇΓöÇΓöÇΓöÇΓöÇΓöÇΓöÇΓöÇΓöÇΓöÇΓöÇΓöÇΓöÇΓöÇΓöÇΓöÇΓöÇΓöÇΓöÇΓöÇ

  145) [chromium] ΓÇ║ e2e\responsive.spec.mjs:19:5 ΓÇ║ admin routes x viewports ΓÇ║ /admin/sales/team ΓöÇΓöÇΓöÇΓöÇ

    Error: /admin/sales/team
    @1600px:
      - navigation failed: page.goto: net::ERR_CONNECTION_REFUSED at http://localhost:3058/admin/sales/team
    @1200px:
      - navigation failed: page.goto: net::ERR_CONNECTION_REFUSED at http://localhost:3058/admin/sales/team
    @768px:
      - navigation failed: page.goto: net::ERR_CONNECTION_REFUSED at http://localhost:3058/admin/sales/team
    @480px:
      - navigation failed: page.goto: net::ERR_CONNECTION_REFUSED at http://localhost:3058/admin/sales/team
    @375px:
      - navigation failed: page.goto: net::ERR_CONNECTION_REFUSED at http://localhost:3058/admin/sales/team

    expect(received).toEqual(expected) // deep equality

    - Expected  -  1
    + Received  + 12

    - Array []
    + Array [
    +   "@1600px:
    +   - navigation failed: page.goto: net::ERR_CONNECTION_REFUSED at http://localhost:3058/admin/sales/team",
    +   "@1200px:
    +   - navigation failed: page.goto: net::ERR_CONNECTION_REFUSED at http://localhost:3058/admin/sales/team",
    +   "@768px:
    +   - navigation failed: page.goto: net::ERR_CONNECTION_REFUSED at http://localhost:3058/admin/sales/team",
    +   "@480px:
    +   - navigation failed: page.goto: net::ERR_CONNECTION_REFUSED at http://localhost:3058/admin/sales/team",
    +   "@375px:
    +   - navigation failed: page.goto: net::ERR_CONNECTION_REFUSED at http://localhost:3058/admin/sales/team",
    + ]

      12 |   await testInfo.attach("matrix", { body: JSON.stringify({ route, url, results }), contentType: "application/json" });
      13 |   const failed = results.filter((r) => r.issues.length).map((r) => `@${r.viewport}px:\n  - ${r.issues.join("\n  - ")}`);
    > 14 |   expect(failed, `${url}\n${failed.join("\n")}`).toEqual([]);
         |                                                  ^
      15 | }
      16 |
      17 | test.describe("admin routes x viewports", () => {
        at runMatrix (C:\Users\priyank\Desktop\Development\BharatAgrolink-admin\e2e\responsive.spec.mjs:14:50)
        at C:\Users\priyank\Desktop\Development\BharatAgrolink-admin\e2e\responsive.spec.mjs:20:7

    attachment #7: screenshot (image/png) ΓöÇΓöÇΓöÇΓöÇΓöÇΓöÇΓöÇΓöÇΓöÇΓöÇΓöÇΓöÇΓöÇΓöÇΓöÇΓöÇΓöÇΓöÇΓöÇΓöÇΓöÇΓöÇΓöÇΓöÇΓöÇΓöÇΓöÇΓöÇΓöÇΓöÇΓöÇΓöÇΓöÇΓöÇΓöÇΓöÇΓöÇΓöÇΓöÇΓöÇΓöÇΓöÇΓöÇΓöÇΓöÇΓöÇΓöÇΓöÇΓöÇΓöÇΓöÇΓöÇΓöÇΓöÇΓöÇΓöÇΓöÇΓöÇ
    test-results\responsive-admin-routes-x-viewports-admin-sales-team-chromium\test-failed-1.png
    ΓöÇΓöÇΓöÇΓöÇΓöÇΓöÇΓöÇΓöÇΓöÇΓöÇΓöÇΓöÇΓöÇΓöÇΓöÇΓöÇΓöÇΓöÇΓöÇΓöÇΓöÇΓöÇΓöÇΓöÇΓöÇΓöÇΓöÇΓöÇΓöÇΓöÇΓöÇΓöÇΓöÇΓöÇΓöÇΓöÇΓöÇΓöÇΓöÇΓöÇΓöÇΓöÇΓöÇΓöÇΓöÇΓöÇΓöÇΓöÇΓöÇΓöÇΓöÇΓöÇΓöÇΓöÇΓöÇΓöÇΓöÇΓöÇΓöÇΓöÇΓöÇΓöÇΓöÇΓöÇΓöÇΓöÇΓöÇΓöÇΓöÇΓöÇΓöÇΓöÇΓöÇΓöÇΓöÇΓöÇΓöÇΓöÇΓöÇΓöÇΓöÇΓöÇΓöÇΓöÇΓöÇΓöÇΓöÇΓöÇΓöÇΓöÇΓöÇΓöÇΓöÇΓöÇΓöÇΓöÇ

    Error Context: test-results\responsive-admin-routes-x-viewports-admin-sales-team-chromium\error-context.md

    attachment #9: trace (application/zip) ΓöÇΓöÇΓöÇΓöÇΓöÇΓöÇΓöÇΓöÇΓöÇΓöÇΓöÇΓöÇΓöÇΓöÇΓöÇΓöÇΓöÇΓöÇΓöÇΓöÇΓöÇΓöÇΓöÇΓöÇΓöÇΓöÇΓöÇΓöÇΓöÇΓöÇΓöÇΓöÇΓöÇΓöÇΓöÇΓöÇΓöÇΓöÇΓöÇΓöÇΓöÇΓöÇΓöÇΓöÇΓöÇΓöÇΓöÇΓöÇΓöÇΓöÇΓöÇΓöÇΓöÇΓöÇΓöÇΓöÇΓöÇ
    test-results\responsive-admin-routes-x-viewports-admin-sales-team-chromium\trace.zip
    Usage:

        npx playwright show-trace test-results\responsive-admin-routes-x-viewports-admin-sales-team-chromium\trace.zip

    ΓöÇΓöÇΓöÇΓöÇΓöÇΓöÇΓöÇΓöÇΓöÇΓöÇΓöÇΓöÇΓöÇΓöÇΓöÇΓöÇΓöÇΓöÇΓöÇΓöÇΓöÇΓöÇΓöÇΓöÇΓöÇΓöÇΓöÇΓöÇΓöÇΓöÇΓöÇΓöÇΓöÇΓöÇΓöÇΓöÇΓöÇΓöÇΓöÇΓöÇΓöÇΓöÇΓöÇΓöÇΓöÇΓöÇΓöÇΓöÇΓöÇΓöÇΓöÇΓöÇΓöÇΓöÇΓöÇΓöÇΓöÇΓöÇΓöÇΓöÇΓöÇΓöÇΓöÇΓöÇΓöÇΓöÇΓöÇΓöÇΓöÇΓöÇΓöÇΓöÇΓöÇΓöÇΓöÇΓöÇΓöÇΓöÇΓöÇΓöÇΓöÇΓöÇΓöÇΓöÇΓöÇΓöÇΓöÇΓöÇΓöÇΓöÇΓöÇΓöÇΓöÇΓöÇΓöÇΓöÇ

  146) [chromium] ΓÇ║ e2e\responsive.spec.mjs:19:5 ΓÇ║ admin routes x viewports ΓÇ║ /admin/sales/team-performance 

    Error: /admin/sales/team-performance
    @1600px:
      - navigation failed: page.goto: net::ERR_CONNECTION_REFUSED at http://localhost:3058/admin/sales/team-performance
    @1200px:
      - navigation failed: page.goto: net::ERR_CONNECTION_REFUSED at http://localhost:3058/admin/sales/team-performance
    @768px:
      - navigation failed: page.goto: net::ERR_CONNECTION_REFUSED at http://localhost:3058/admin/sales/team-performance
    @480px:
      - navigation failed: page.goto: net::ERR_CONNECTION_REFUSED at http://localhost:3058/admin/sales/team-performance
    @375px:
      - navigation failed: page.goto: net::ERR_CONNECTION_REFUSED at http://localhost:3058/admin/sales/team-performance

    expect(received).toEqual(expected) // deep equality

    - Expected  -  1
    + Received  + 12

    - Array []
    + Array [
    +   "@1600px:
    +   - navigation failed: page.goto: net::ERR_CONNECTION_REFUSED at http://localhost:3058/admin/sales/team-performance",
    +   "@1200px:
    +   - navigation failed: page.goto: net::ERR_CONNECTION_REFUSED at http://localhost:3058/admin/sales/team-performance",
    +   "@768px:
    +   - navigation failed: page.goto: net::ERR_CONNECTION_REFUSED at http://localhost:3058/admin/sales/team-performance",
    +   "@480px:
    +   - navigation failed: page.goto: net::ERR_CONNECTION_REFUSED at http://localhost:3058/admin/sales/team-performance",
    +   "@375px:
    +   - navigation failed: page.goto: net::ERR_CONNECTION_REFUSED at http://localhost:3058/admin/sales/team-performance",
    + ]

      12 |   await testInfo.attach("matrix", { body: JSON.stringify({ route, url, results }), contentType: "application/json" });
      13 |   const failed = results.filter((r) => r.issues.length).map((r) => `@${r.viewport}px:\n  - ${r.issues.join("\n  - ")}`);
    > 14 |   expect(failed, `${url}\n${failed.join("\n")}`).toEqual([]);
         |                                                  ^
      15 | }
      16 |
      17 | test.describe("admin routes x viewports", () => {
        at runMatrix (C:\Users\priyank\Desktop\Development\BharatAgrolink-admin\e2e\responsive.spec.mjs:14:50)
        at C:\Users\priyank\Desktop\Development\BharatAgrolink-admin\e2e\responsive.spec.mjs:20:7

    attachment #7: screenshot (image/png) ΓöÇΓöÇΓöÇΓöÇΓöÇΓöÇΓöÇΓöÇΓöÇΓöÇΓöÇΓöÇΓöÇΓöÇΓöÇΓöÇΓöÇΓöÇΓöÇΓöÇΓöÇΓöÇΓöÇΓöÇΓöÇΓöÇΓöÇΓöÇΓöÇΓöÇΓöÇΓöÇΓöÇΓöÇΓöÇΓöÇΓöÇΓöÇΓöÇΓöÇΓöÇΓöÇΓöÇΓöÇΓöÇΓöÇΓöÇΓöÇΓöÇΓöÇΓöÇΓöÇΓöÇΓöÇΓöÇΓöÇΓöÇΓöÇ
    test-results\responsive-admin-routes-x--545d5-dmin-sales-team-performance-chromium\test-failed-1.png
    ΓöÇΓöÇΓöÇΓöÇΓöÇΓöÇΓöÇΓöÇΓöÇΓöÇΓöÇΓöÇΓöÇΓöÇΓöÇΓöÇΓöÇΓöÇΓöÇΓöÇΓöÇΓöÇΓöÇΓöÇΓöÇΓöÇΓöÇΓöÇΓöÇΓöÇΓöÇΓöÇΓöÇΓöÇΓöÇΓöÇΓöÇΓöÇΓöÇΓöÇΓöÇΓöÇΓöÇΓöÇΓöÇΓöÇΓöÇΓöÇΓöÇΓöÇΓöÇΓöÇΓöÇΓöÇΓöÇΓöÇΓöÇΓöÇΓöÇΓöÇΓöÇΓöÇΓöÇΓöÇΓöÇΓöÇΓöÇΓöÇΓöÇΓöÇΓöÇΓöÇΓöÇΓöÇΓöÇΓöÇΓöÇΓöÇΓöÇΓöÇΓöÇΓöÇΓöÇΓöÇΓöÇΓöÇΓöÇΓöÇΓöÇΓöÇΓöÇΓöÇΓöÇΓöÇΓöÇΓöÇ

    Error Context: test-results\responsive-admin-routes-x--545d5-dmin-sales-team-performance-chromium\error-context.md

    attachment #9: trace (application/zip) ΓöÇΓöÇΓöÇΓöÇΓöÇΓöÇΓöÇΓöÇΓöÇΓöÇΓöÇΓöÇΓöÇΓöÇΓöÇΓöÇΓöÇΓöÇΓöÇΓöÇΓöÇΓöÇΓöÇΓöÇΓöÇΓöÇΓöÇΓöÇΓöÇΓöÇΓöÇΓöÇΓöÇΓöÇΓöÇΓöÇΓöÇΓöÇΓöÇΓöÇΓöÇΓöÇΓöÇΓöÇΓöÇΓöÇΓöÇΓöÇΓöÇΓöÇΓöÇΓöÇΓöÇΓöÇΓöÇΓöÇΓöÇ
    test-results\responsive-admin-routes-x--545d5-dmin-sales-team-performance-chromium\trace.zip
    Usage:

        npx playwright show-trace test-results\responsive-admin-routes-x--545d5-dmin-sales-team-performance-chromium\trace.zip

    ΓöÇΓöÇΓöÇΓöÇΓöÇΓöÇΓöÇΓöÇΓöÇΓöÇΓöÇΓöÇΓöÇΓöÇΓöÇΓöÇΓöÇΓöÇΓöÇΓöÇΓöÇΓöÇΓöÇΓöÇΓöÇΓöÇΓöÇΓöÇΓöÇΓöÇΓöÇΓöÇΓöÇΓöÇΓöÇΓöÇΓöÇΓöÇΓöÇΓöÇΓöÇΓöÇΓöÇΓöÇΓöÇΓöÇΓöÇΓöÇΓöÇΓöÇΓöÇΓöÇΓöÇΓöÇΓöÇΓöÇΓöÇΓöÇΓöÇΓöÇΓöÇΓöÇΓöÇΓöÇΓöÇΓöÇΓöÇΓöÇΓöÇΓöÇΓöÇΓöÇΓöÇΓöÇΓöÇΓöÇΓöÇΓöÇΓöÇΓöÇΓöÇΓöÇΓöÇΓöÇΓöÇΓöÇΓöÇΓöÇΓöÇΓöÇΓöÇΓöÇΓöÇΓöÇΓöÇΓöÇ

  147) [chromium] ΓÇ║ e2e\responsive.spec.mjs:19:5 ΓÇ║ admin routes x viewports ΓÇ║ /admin/settings ΓöÇΓöÇΓöÇΓöÇΓöÇΓöÇ

    Error: /admin/settings
    @1600px:
      - navigation failed: page.goto: net::ERR_CONNECTION_REFUSED at http://localhost:3058/admin/settings
    @1200px:
      - navigation failed: page.goto: net::ERR_CONNECTION_REFUSED at http://localhost:3058/admin/settings
    @768px:
      - navigation failed: page.goto: net::ERR_CONNECTION_REFUSED at http://localhost:3058/admin/settings
    @480px:
      - navigation failed: page.goto: net::ERR_CONNECTION_REFUSED at http://localhost:3058/admin/settings
    @375px:
      - navigation failed: page.goto: net::ERR_CONNECTION_REFUSED at http://localhost:3058/admin/settings

    expect(received).toEqual(expected) // deep equality

    - Expected  -  1
    + Received  + 12

    - Array []
    + Array [
    +   "@1600px:
    +   - navigation failed: page.goto: net::ERR_CONNECTION_REFUSED at http://localhost:3058/admin/settings",
    +   "@1200px:
    +   - navigation failed: page.goto: net::ERR_CONNECTION_REFUSED at http://localhost:3058/admin/settings",
    +   "@768px:
    +   - navigation failed: page.goto: net::ERR_CONNECTION_REFUSED at http://localhost:3058/admin/settings",
    +   "@480px:
    +   - navigation failed: page.goto: net::ERR_CONNECTION_REFUSED at http://localhost:3058/admin/settings",
    +   "@375px:
    +   - navigation failed: page.goto: net::ERR_CONNECTION_REFUSED at http://localhost:3058/admin/settings",
    + ]

      12 |   await testInfo.attach("matrix", { body: JSON.stringify({ route, url, results }), contentType: "application/json" });
      13 |   const failed = results.filter((r) => r.issues.length).map((r) => `@${r.viewport}px:\n  - ${r.issues.join("\n  - ")}`);
    > 14 |   expect(failed, `${url}\n${failed.join("\n")}`).toEqual([]);
         |                                                  ^
      15 | }
      16 |
      17 | test.describe("admin routes x viewports", () => {
        at runMatrix (C:\Users\priyank\Desktop\Development\BharatAgrolink-admin\e2e\responsive.spec.mjs:14:50)
        at C:\Users\priyank\Desktop\Development\BharatAgrolink-admin\e2e\responsive.spec.mjs:20:7

    attachment #7: screenshot (image/png) ΓöÇΓöÇΓöÇΓöÇΓöÇΓöÇΓöÇΓöÇΓöÇΓöÇΓöÇΓöÇΓöÇΓöÇΓöÇΓöÇΓöÇΓöÇΓöÇΓöÇΓöÇΓöÇΓöÇΓöÇΓöÇΓöÇΓöÇΓöÇΓöÇΓöÇΓöÇΓöÇΓöÇΓöÇΓöÇΓöÇΓöÇΓöÇΓöÇΓöÇΓöÇΓöÇΓöÇΓöÇΓöÇΓöÇΓöÇΓöÇΓöÇΓöÇΓöÇΓöÇΓöÇΓöÇΓöÇΓöÇΓöÇΓöÇ
    test-results\responsive-admin-routes-x-viewports-admin-settings-chromium\test-failed-1.png
    ΓöÇΓöÇΓöÇΓöÇΓöÇΓöÇΓöÇΓöÇΓöÇΓöÇΓöÇΓöÇΓöÇΓöÇΓöÇΓöÇΓöÇΓöÇΓöÇΓöÇΓöÇΓöÇΓöÇΓöÇΓöÇΓöÇΓöÇΓöÇΓöÇΓöÇΓöÇΓöÇΓöÇΓöÇΓöÇΓöÇΓöÇΓöÇΓöÇΓöÇΓöÇΓöÇΓöÇΓöÇΓöÇΓöÇΓöÇΓöÇΓöÇΓöÇΓöÇΓöÇΓöÇΓöÇΓöÇΓöÇΓöÇΓöÇΓöÇΓöÇΓöÇΓöÇΓöÇΓöÇΓöÇΓöÇΓöÇΓöÇΓöÇΓöÇΓöÇΓöÇΓöÇΓöÇΓöÇΓöÇΓöÇΓöÇΓöÇΓöÇΓöÇΓöÇΓöÇΓöÇΓöÇΓöÇΓöÇΓöÇΓöÇΓöÇΓöÇΓöÇΓöÇΓöÇΓöÇΓöÇ

    Error Context: test-results\responsive-admin-routes-x-viewports-admin-settings-chromium\error-context.md

    attachment #9: trace (application/zip) ΓöÇΓöÇΓöÇΓöÇΓöÇΓöÇΓöÇΓöÇΓöÇΓöÇΓöÇΓöÇΓöÇΓöÇΓöÇΓöÇΓöÇΓöÇΓöÇΓöÇΓöÇΓöÇΓöÇΓöÇΓöÇΓöÇΓöÇΓöÇΓöÇΓöÇΓöÇΓöÇΓöÇΓöÇΓöÇΓöÇΓöÇΓöÇΓöÇΓöÇΓöÇΓöÇΓöÇΓöÇΓöÇΓöÇΓöÇΓöÇΓöÇΓöÇΓöÇΓöÇΓöÇΓöÇΓöÇΓöÇΓöÇ
    test-results\responsive-admin-routes-x-viewports-admin-settings-chromium\trace.zip
    Usage:

        npx playwright show-trace test-results\responsive-admin-routes-x-viewports-admin-settings-chromium\trace.zip

    ΓöÇΓöÇΓöÇΓöÇΓöÇΓöÇΓöÇΓöÇΓöÇΓöÇΓöÇΓöÇΓöÇΓöÇΓöÇΓöÇΓöÇΓöÇΓöÇΓöÇΓöÇΓöÇΓöÇΓöÇΓöÇΓöÇΓöÇΓöÇΓöÇΓöÇΓöÇΓöÇΓöÇΓöÇΓöÇΓöÇΓöÇΓöÇΓöÇΓöÇΓöÇΓöÇΓöÇΓöÇΓöÇΓöÇΓöÇΓöÇΓöÇΓöÇΓöÇΓöÇΓöÇΓöÇΓöÇΓöÇΓöÇΓöÇΓöÇΓöÇΓöÇΓöÇΓöÇΓöÇΓöÇΓöÇΓöÇΓöÇΓöÇΓöÇΓöÇΓöÇΓöÇΓöÇΓöÇΓöÇΓöÇΓöÇΓöÇΓöÇΓöÇΓöÇΓöÇΓöÇΓöÇΓöÇΓöÇΓöÇΓöÇΓöÇΓöÇΓöÇΓöÇΓöÇΓöÇΓöÇ

  148) [chromium] ΓÇ║ e2e\responsive.spec.mjs:19:5 ΓÇ║ admin routes x viewports ΓÇ║ /admin/settings/email-templates 

    Error: /admin/settings/email-templates
    @1600px:
      - navigation failed: page.goto: net::ERR_CONNECTION_REFUSED at http://localhost:3058/admin/settings/email-templates
    @1200px:
      - navigation failed: page.goto: net::ERR_CONNECTION_REFUSED at http://localhost:3058/admin/settings/email-templates
    @768px:
      - navigation failed: page.goto: net::ERR_CONNECTION_REFUSED at http://localhost:3058/admin/settings/email-templates
    @480px:
      - navigation failed: page.goto: net::ERR_CONNECTION_REFUSED at http://localhost:3058/admin/settings/email-templates
    @375px:
      - navigation failed: page.goto: net::ERR_CONNECTION_REFUSED at http://localhost:3058/admin/settings/email-templates

    expect(received).toEqual(expected) // deep equality

    - Expected  -  1
    + Received  + 12

    - Array []
    + Array [
    +   "@1600px:
    +   - navigation failed: page.goto: net::ERR_CONNECTION_REFUSED at http://localhost:3058/admin/settings/email-templates",
    +   "@1200px:
    +   - navigation failed: page.goto: net::ERR_CONNECTION_REFUSED at http://localhost:3058/admin/settings/email-templates",
    +   "@768px:
    +   - navigation failed: page.goto: net::ERR_CONNECTION_REFUSED at http://localhost:3058/admin/settings/email-templates",
    +   "@480px:
    +   - navigation failed: page.goto: net::ERR_CONNECTION_REFUSED at http://localhost:3058/admin/settings/email-templates",
    +   "@375px:
    +   - navigation failed: page.goto: net::ERR_CONNECTION_REFUSED at http://localhost:3058/admin/settings/email-templates",
    + ]

      12 |   await testInfo.attach("matrix", { body: JSON.stringify({ route, url, results }), contentType: "application/json" });
      13 |   const failed = results.filter((r) => r.issues.length).map((r) => `@${r.viewport}px:\n  - ${r.issues.join("\n  - ")}`);
    > 14 |   expect(failed, `${url}\n${failed.join("\n")}`).toEqual([]);
         |                                                  ^
      15 | }
      16 |
      17 | test.describe("admin routes x viewports", () => {
        at runMatrix (C:\Users\priyank\Desktop\Development\BharatAgrolink-admin\e2e\responsive.spec.mjs:14:50)
        at C:\Users\priyank\Desktop\Development\BharatAgrolink-admin\e2e\responsive.spec.mjs:20:7

    attachment #7: screenshot (image/png) ΓöÇΓöÇΓöÇΓöÇΓöÇΓöÇΓöÇΓöÇΓöÇΓöÇΓöÇΓöÇΓöÇΓöÇΓöÇΓöÇΓöÇΓöÇΓöÇΓöÇΓöÇΓöÇΓöÇΓöÇΓöÇΓöÇΓöÇΓöÇΓöÇΓöÇΓöÇΓöÇΓöÇΓöÇΓöÇΓöÇΓöÇΓöÇΓöÇΓöÇΓöÇΓöÇΓöÇΓöÇΓöÇΓöÇΓöÇΓöÇΓöÇΓöÇΓöÇΓöÇΓöÇΓöÇΓöÇΓöÇΓöÇΓöÇ
    test-results\responsive-admin-routes-x--51fbf-in-settings-email-templates-chromium\test-failed-1.png
    ΓöÇΓöÇΓöÇΓöÇΓöÇΓöÇΓöÇΓöÇΓöÇΓöÇΓöÇΓöÇΓöÇΓöÇΓöÇΓöÇΓöÇΓöÇΓöÇΓöÇΓöÇΓöÇΓöÇΓöÇΓöÇΓöÇΓöÇΓöÇΓöÇΓöÇΓöÇΓöÇΓöÇΓöÇΓöÇΓöÇΓöÇΓöÇΓöÇΓöÇΓöÇΓöÇΓöÇΓöÇΓöÇΓöÇΓöÇΓöÇΓöÇΓöÇΓöÇΓöÇΓöÇΓöÇΓöÇΓöÇΓöÇΓöÇΓöÇΓöÇΓöÇΓöÇΓöÇΓöÇΓöÇΓöÇΓöÇΓöÇΓöÇΓöÇΓöÇΓöÇΓöÇΓöÇΓöÇΓöÇΓöÇΓöÇΓöÇΓöÇΓöÇΓöÇΓöÇΓöÇΓöÇΓöÇΓöÇΓöÇΓöÇΓöÇΓöÇΓöÇΓöÇΓöÇΓöÇΓöÇ

    Error Context: test-results\responsive-admin-routes-x--51fbf-in-settings-email-templates-chromium\error-context.md

    attachment #9: trace (application/zip) ΓöÇΓöÇΓöÇΓöÇΓöÇΓöÇΓöÇΓöÇΓöÇΓöÇΓöÇΓöÇΓöÇΓöÇΓöÇΓöÇΓöÇΓöÇΓöÇΓöÇΓöÇΓöÇΓöÇΓöÇΓöÇΓöÇΓöÇΓöÇΓöÇΓöÇΓöÇΓöÇΓöÇΓöÇΓöÇΓöÇΓöÇΓöÇΓöÇΓöÇΓöÇΓöÇΓöÇΓöÇΓöÇΓöÇΓöÇΓöÇΓöÇΓöÇΓöÇΓöÇΓöÇΓöÇΓöÇΓöÇΓöÇ
    test-results\responsive-admin-routes-x--51fbf-in-settings-email-templates-chromium\trace.zip
    Usage:

        npx playwright show-trace test-results\responsive-admin-routes-x--51fbf-in-settings-email-templates-chromium\trace.zip

    ΓöÇΓöÇΓöÇΓöÇΓöÇΓöÇΓöÇΓöÇΓöÇΓöÇΓöÇΓöÇΓöÇΓöÇΓöÇΓöÇΓöÇΓöÇΓöÇΓöÇΓöÇΓöÇΓöÇΓöÇΓöÇΓöÇΓöÇΓöÇΓöÇΓöÇΓöÇΓöÇΓöÇΓöÇΓöÇΓöÇΓöÇΓöÇΓöÇΓöÇΓöÇΓöÇΓöÇΓöÇΓöÇΓöÇΓöÇΓöÇΓöÇΓöÇΓöÇΓöÇΓöÇΓöÇΓöÇΓöÇΓöÇΓöÇΓöÇΓöÇΓöÇΓöÇΓöÇΓöÇΓöÇΓöÇΓöÇΓöÇΓöÇΓöÇΓöÇΓöÇΓöÇΓöÇΓöÇΓöÇΓöÇΓöÇΓöÇΓöÇΓöÇΓöÇΓöÇΓöÇΓöÇΓöÇΓöÇΓöÇΓöÇΓöÇΓöÇΓöÇΓöÇΓöÇΓöÇΓöÇ

  149) [chromium] ΓÇ║ e2e\responsive.spec.mjs:19:5 ΓÇ║ admin routes x viewports ΓÇ║ /admin/settings/integrations 

    Error: /admin/settings/integrations
    @1600px:
      - navigation failed: page.goto: net::ERR_CONNECTION_REFUSED at http://localhost:3058/admin/settings/integrations
    @1200px:
      - navigation failed: page.goto: net::ERR_CONNECTION_REFUSED at http://localhost:3058/admin/settings/integrations
    @768px:
      - navigation failed: page.goto: net::ERR_CONNECTION_REFUSED at http://localhost:3058/admin/settings/integrations
    @480px:
      - navigation failed: page.goto: net::ERR_CONNECTION_REFUSED at http://localhost:3058/admin/settings/integrations
    @375px:
      - navigation failed: page.goto: net::ERR_CONNECTION_REFUSED at http://localhost:3058/admin/settings/integrations

    expect(received).toEqual(expected) // deep equality

    - Expected  -  1
    + Received  + 12

    - Array []
    + Array [
    +   "@1600px:
    +   - navigation failed: page.goto: net::ERR_CONNECTION_REFUSED at http://localhost:3058/admin/settings/integrations",
    +   "@1200px:
    +   - navigation failed: page.goto: net::ERR_CONNECTION_REFUSED at http://localhost:3058/admin/settings/integrations",
    +   "@768px:
    +   - navigation failed: page.goto: net::ERR_CONNECTION_REFUSED at http://localhost:3058/admin/settings/integrations",
    +   "@480px:
    +   - navigation failed: page.goto: net::ERR_CONNECTION_REFUSED at http://localhost:3058/admin/settings/integrations",
    +   "@375px:
    +   - navigation failed: page.goto: net::ERR_CONNECTION_REFUSED at http://localhost:3058/admin/settings/integrations",
    + ]

      12 |   await testInfo.attach("matrix", { body: JSON.stringify({ route, url, results }), contentType: "application/json" });
      13 |   const failed = results.filter((r) => r.issues.length).map((r) => `@${r.viewport}px:\n  - ${r.issues.join("\n  - ")}`);
    > 14 |   expect(failed, `${url}\n${failed.join("\n")}`).toEqual([]);
         |                                                  ^
      15 | }
      16 |
      17 | test.describe("admin routes x viewports", () => {
        at runMatrix (C:\Users\priyank\Desktop\Development\BharatAgrolink-admin\e2e\responsive.spec.mjs:14:50)
        at C:\Users\priyank\Desktop\Development\BharatAgrolink-admin\e2e\responsive.spec.mjs:20:7

    attachment #7: screenshot (image/png) ΓöÇΓöÇΓöÇΓöÇΓöÇΓöÇΓöÇΓöÇΓöÇΓöÇΓöÇΓöÇΓöÇΓöÇΓöÇΓöÇΓöÇΓöÇΓöÇΓöÇΓöÇΓöÇΓöÇΓöÇΓöÇΓöÇΓöÇΓöÇΓöÇΓöÇΓöÇΓöÇΓöÇΓöÇΓöÇΓöÇΓöÇΓöÇΓöÇΓöÇΓöÇΓöÇΓöÇΓöÇΓöÇΓöÇΓöÇΓöÇΓöÇΓöÇΓöÇΓöÇΓöÇΓöÇΓöÇΓöÇΓöÇΓöÇ
    test-results\responsive-admin-routes-x--dcc1a-admin-settings-integrations-chromium\test-failed-1.png
    ΓöÇΓöÇΓöÇΓöÇΓöÇΓöÇΓöÇΓöÇΓöÇΓöÇΓöÇΓöÇΓöÇΓöÇΓöÇΓöÇΓöÇΓöÇΓöÇΓöÇΓöÇΓöÇΓöÇΓöÇΓöÇΓöÇΓöÇΓöÇΓöÇΓöÇΓöÇΓöÇΓöÇΓöÇΓöÇΓöÇΓöÇΓöÇΓöÇΓöÇΓöÇΓöÇΓöÇΓöÇΓöÇΓöÇΓöÇΓöÇΓöÇΓöÇΓöÇΓöÇΓöÇΓöÇΓöÇΓöÇΓöÇΓöÇΓöÇΓöÇΓöÇΓöÇΓöÇΓöÇΓöÇΓöÇΓöÇΓöÇΓöÇΓöÇΓöÇΓöÇΓöÇΓöÇΓöÇΓöÇΓöÇΓöÇΓöÇΓöÇΓöÇΓöÇΓöÇΓöÇΓöÇΓöÇΓöÇΓöÇΓöÇΓöÇΓöÇΓöÇΓöÇΓöÇΓöÇΓöÇ

    Error Context: test-results\responsive-admin-routes-x--dcc1a-admin-settings-integrations-chromium\error-context.md

    attachment #9: trace (application/zip) ΓöÇΓöÇΓöÇΓöÇΓöÇΓöÇΓöÇΓöÇΓöÇΓöÇΓöÇΓöÇΓöÇΓöÇΓöÇΓöÇΓöÇΓöÇΓöÇΓöÇΓöÇΓöÇΓöÇΓöÇΓöÇΓöÇΓöÇΓöÇΓöÇΓöÇΓöÇΓöÇΓöÇΓöÇΓöÇΓöÇΓöÇΓöÇΓöÇΓöÇΓöÇΓöÇΓöÇΓöÇΓöÇΓöÇΓöÇΓöÇΓöÇΓöÇΓöÇΓöÇΓöÇΓöÇΓöÇΓöÇΓöÇ
    test-results\responsive-admin-routes-x--dcc1a-admin-settings-integrations-chromium\trace.zip
    Usage:

        npx playwright show-trace test-results\responsive-admin-routes-x--dcc1a-admin-settings-integrations-chromium\trace.zip

    ΓöÇΓöÇΓöÇΓöÇΓöÇΓöÇΓöÇΓöÇΓöÇΓöÇΓöÇΓöÇΓöÇΓöÇΓöÇΓöÇΓöÇΓöÇΓöÇΓöÇΓöÇΓöÇΓöÇΓöÇΓöÇΓöÇΓöÇΓöÇΓöÇΓöÇΓöÇΓöÇΓöÇΓöÇΓöÇΓöÇΓöÇΓöÇΓöÇΓöÇΓöÇΓöÇΓöÇΓöÇΓöÇΓöÇΓöÇΓöÇΓöÇΓöÇΓöÇΓöÇΓöÇΓöÇΓöÇΓöÇΓöÇΓöÇΓöÇΓöÇΓöÇΓöÇΓöÇΓöÇΓöÇΓöÇΓöÇΓöÇΓöÇΓöÇΓöÇΓöÇΓöÇΓöÇΓöÇΓöÇΓöÇΓöÇΓöÇΓöÇΓöÇΓöÇΓöÇΓöÇΓöÇΓöÇΓöÇΓöÇΓöÇΓöÇΓöÇΓöÇΓöÇΓöÇΓöÇΓöÇ

  150) [chromium] ΓÇ║ e2e\responsive.spec.mjs:19:5 ΓÇ║ admin routes x viewports ΓÇ║ /admin/settings/languages 

    Error: /admin/settings/languages
    @1600px:
      - navigation failed: page.goto: net::ERR_CONNECTION_REFUSED at http://localhost:3058/admin/settings/languages
    @1200px:
      - navigation failed: page.goto: net::ERR_CONNECTION_REFUSED at http://localhost:3058/admin/settings/languages
    @768px:
      - navigation failed: page.goto: net::ERR_CONNECTION_REFUSED at http://localhost:3058/admin/settings/languages
    @480px:
      - navigation failed: page.goto: net::ERR_CONNECTION_REFUSED at http://localhost:3058/admin/settings/languages
    @375px:
      - navigation failed: page.goto: net::ERR_CONNECTION_REFUSED at http://localhost:3058/admin/settings/languages

    expect(received).toEqual(expected) // deep equality

    - Expected  -  1
    + Received  + 12

    - Array []
    + Array [
    +   "@1600px:
    +   - navigation failed: page.goto: net::ERR_CONNECTION_REFUSED at http://localhost:3058/admin/settings/languages",
    +   "@1200px:
    +   - navigation failed: page.goto: net::ERR_CONNECTION_REFUSED at http://localhost:3058/admin/settings/languages",
    +   "@768px:
    +   - navigation failed: page.goto: net::ERR_CONNECTION_REFUSED at http://localhost:3058/admin/settings/languages",
    +   "@480px:
    +   - navigation failed: page.goto: net::ERR_CONNECTION_REFUSED at http://localhost:3058/admin/settings/languages",
    +   "@375px:
    +   - navigation failed: page.goto: net::ERR_CONNECTION_REFUSED at http://localhost:3058/admin/settings/languages",
    + ]

      12 |   await testInfo.attach("matrix", { body: JSON.stringify({ route, url, results }), contentType: "application/json" });
      13 |   const failed = results.filter((r) => r.issues.length).map((r) => `@${r.viewport}px:\n  - ${r.issues.join("\n  - ")}`);
    > 14 |   expect(failed, `${url}\n${failed.join("\n")}`).toEqual([]);
         |                                                  ^
      15 | }
      16 |
      17 | test.describe("admin routes x viewports", () => {
        at runMatrix (C:\Users\priyank\Desktop\Development\BharatAgrolink-admin\e2e\responsive.spec.mjs:14:50)
        at C:\Users\priyank\Desktop\Development\BharatAgrolink-admin\e2e\responsive.spec.mjs:20:7

    attachment #7: screenshot (image/png) ΓöÇΓöÇΓöÇΓöÇΓöÇΓöÇΓöÇΓöÇΓöÇΓöÇΓöÇΓöÇΓöÇΓöÇΓöÇΓöÇΓöÇΓöÇΓöÇΓöÇΓöÇΓöÇΓöÇΓöÇΓöÇΓöÇΓöÇΓöÇΓöÇΓöÇΓöÇΓöÇΓöÇΓöÇΓöÇΓöÇΓöÇΓöÇΓöÇΓöÇΓöÇΓöÇΓöÇΓöÇΓöÇΓöÇΓöÇΓöÇΓöÇΓöÇΓöÇΓöÇΓöÇΓöÇΓöÇΓöÇΓöÇΓöÇ
    test-results\responsive-admin-routes-x-viewports-admin-settings-languages-chromium\test-failed-1.png
    ΓöÇΓöÇΓöÇΓöÇΓöÇΓöÇΓöÇΓöÇΓöÇΓöÇΓöÇΓöÇΓöÇΓöÇΓöÇΓöÇΓöÇΓöÇΓöÇΓöÇΓöÇΓöÇΓöÇΓöÇΓöÇΓöÇΓöÇΓöÇΓöÇΓöÇΓöÇΓöÇΓöÇΓöÇΓöÇΓöÇΓöÇΓöÇΓöÇΓöÇΓöÇΓöÇΓöÇΓöÇΓöÇΓöÇΓöÇΓöÇΓöÇΓöÇΓöÇΓöÇΓöÇΓöÇΓöÇΓöÇΓöÇΓöÇΓöÇΓöÇΓöÇΓöÇΓöÇΓöÇΓöÇΓöÇΓöÇΓöÇΓöÇΓöÇΓöÇΓöÇΓöÇΓöÇΓöÇΓöÇΓöÇΓöÇΓöÇΓöÇΓöÇΓöÇΓöÇΓöÇΓöÇΓöÇΓöÇΓöÇΓöÇΓöÇΓöÇΓöÇΓöÇΓöÇΓöÇΓöÇ

    Error Context: test-results\responsive-admin-routes-x-viewports-admin-settings-languages-chromium\error-context.md

    attachment #9: trace (application/zip) ΓöÇΓöÇΓöÇΓöÇΓöÇΓöÇΓöÇΓöÇΓöÇΓöÇΓöÇΓöÇΓöÇΓöÇΓöÇΓöÇΓöÇΓöÇΓöÇΓöÇΓöÇΓöÇΓöÇΓöÇΓöÇΓöÇΓöÇΓöÇΓöÇΓöÇΓöÇΓöÇΓöÇΓöÇΓöÇΓöÇΓöÇΓöÇΓöÇΓöÇΓöÇΓöÇΓöÇΓöÇΓöÇΓöÇΓöÇΓöÇΓöÇΓöÇΓöÇΓöÇΓöÇΓöÇΓöÇΓöÇΓöÇ
    test-results\responsive-admin-routes-x-viewports-admin-settings-languages-chromium\trace.zip
    Usage:

        npx playwright show-trace test-results\responsive-admin-routes-x-viewports-admin-settings-languages-chromium\trace.zip

    ΓöÇΓöÇΓöÇΓöÇΓöÇΓöÇΓöÇΓöÇΓöÇΓöÇΓöÇΓöÇΓöÇΓöÇΓöÇΓöÇΓöÇΓöÇΓöÇΓöÇΓöÇΓöÇΓöÇΓöÇΓöÇΓöÇΓöÇΓöÇΓöÇΓöÇΓöÇΓöÇΓöÇΓöÇΓöÇΓöÇΓöÇΓöÇΓöÇΓöÇΓöÇΓöÇΓöÇΓöÇΓöÇΓöÇΓöÇΓöÇΓöÇΓöÇΓöÇΓöÇΓöÇΓöÇΓöÇΓöÇΓöÇΓöÇΓöÇΓöÇΓöÇΓöÇΓöÇΓöÇΓöÇΓöÇΓöÇΓöÇΓöÇΓöÇΓöÇΓöÇΓöÇΓöÇΓöÇΓöÇΓöÇΓöÇΓöÇΓöÇΓöÇΓöÇΓöÇΓöÇΓöÇΓöÇΓöÇΓöÇΓöÇΓöÇΓöÇΓöÇΓöÇΓöÇΓöÇΓöÇ

  151) [chromium] ΓÇ║ e2e\responsive.spec.mjs:19:5 ΓÇ║ admin routes x viewports ΓÇ║ /admin/settings/login-modal 

    Error: /admin/settings/login-modal
    @1600px:
      - navigation failed: page.goto: net::ERR_CONNECTION_REFUSED at http://localhost:3058/admin/settings/login-modal
    @1200px:
      - navigation failed: page.goto: net::ERR_CONNECTION_REFUSED at http://localhost:3058/admin/settings/login-modal
    @768px:
      - navigation failed: page.goto: net::ERR_CONNECTION_REFUSED at http://localhost:3058/admin/settings/login-modal
    @480px:
      - navigation failed: page.goto: net::ERR_CONNECTION_REFUSED at http://localhost:3058/admin/settings/login-modal
    @375px:
      - navigation failed: page.goto: net::ERR_CONNECTION_REFUSED at http://localhost:3058/admin/settings/login-modal

    expect(received).toEqual(expected) // deep equality

    - Expected  -  1
    + Received  + 12

    - Array []
    + Array [
    +   "@1600px:
    +   - navigation failed: page.goto: net::ERR_CONNECTION_REFUSED at http://localhost:3058/admin/settings/login-modal",
    +   "@1200px:
    +   - navigation failed: page.goto: net::ERR_CONNECTION_REFUSED at http://localhost:3058/admin/settings/login-modal",
    +   "@768px:
    +   - navigation failed: page.goto: net::ERR_CONNECTION_REFUSED at http://localhost:3058/admin/settings/login-modal",
    +   "@480px:
    +   - navigation failed: page.goto: net::ERR_CONNECTION_REFUSED at http://localhost:3058/admin/settings/login-modal",
    +   "@375px:
    +   - navigation failed: page.goto: net::ERR_CONNECTION_REFUSED at http://localhost:3058/admin/settings/login-modal",
    + ]

      12 |   await testInfo.attach("matrix", { body: JSON.stringify({ route, url, results }), contentType: "application/json" });
      13 |   const failed = results.filter((r) => r.issues.length).map((r) => `@${r.viewport}px:\n  - ${r.issues.join("\n  - ")}`);
    > 14 |   expect(failed, `${url}\n${failed.join("\n")}`).toEqual([]);
         |                                                  ^
      15 | }
      16 |
      17 | test.describe("admin routes x viewports", () => {
        at runMatrix (C:\Users\priyank\Desktop\Development\BharatAgrolink-admin\e2e\responsive.spec.mjs:14:50)
        at C:\Users\priyank\Desktop\Development\BharatAgrolink-admin\e2e\responsive.spec.mjs:20:7

    attachment #7: screenshot (image/png) ΓöÇΓöÇΓöÇΓöÇΓöÇΓöÇΓöÇΓöÇΓöÇΓöÇΓöÇΓöÇΓöÇΓöÇΓöÇΓöÇΓöÇΓöÇΓöÇΓöÇΓöÇΓöÇΓöÇΓöÇΓöÇΓöÇΓöÇΓöÇΓöÇΓöÇΓöÇΓöÇΓöÇΓöÇΓöÇΓöÇΓöÇΓöÇΓöÇΓöÇΓöÇΓöÇΓöÇΓöÇΓöÇΓöÇΓöÇΓöÇΓöÇΓöÇΓöÇΓöÇΓöÇΓöÇΓöÇΓöÇΓöÇΓöÇ
    test-results\responsive-admin-routes-x--f1fdb--admin-settings-login-modal-chromium\test-failed-1.png
    ΓöÇΓöÇΓöÇΓöÇΓöÇΓöÇΓöÇΓöÇΓöÇΓöÇΓöÇΓöÇΓöÇΓöÇΓöÇΓöÇΓöÇΓöÇΓöÇΓöÇΓöÇΓöÇΓöÇΓöÇΓöÇΓöÇΓöÇΓöÇΓöÇΓöÇΓöÇΓöÇΓöÇΓöÇΓöÇΓöÇΓöÇΓöÇΓöÇΓöÇΓöÇΓöÇΓöÇΓöÇΓöÇΓöÇΓöÇΓöÇΓöÇΓöÇΓöÇΓöÇΓöÇΓöÇΓöÇΓöÇΓöÇΓöÇΓöÇΓöÇΓöÇΓöÇΓöÇΓöÇΓöÇΓöÇΓöÇΓöÇΓöÇΓöÇΓöÇΓöÇΓöÇΓöÇΓöÇΓöÇΓöÇΓöÇΓöÇΓöÇΓöÇΓöÇΓöÇΓöÇΓöÇΓöÇΓöÇΓöÇΓöÇΓöÇΓöÇΓöÇΓöÇΓöÇΓöÇΓöÇ

    Error Context: test-results\responsive-admin-routes-x--f1fdb--admin-settings-login-modal-chromium\error-context.md

    attachment #9: trace (application/zip) ΓöÇΓöÇΓöÇΓöÇΓöÇΓöÇΓöÇΓöÇΓöÇΓöÇΓöÇΓöÇΓöÇΓöÇΓöÇΓöÇΓöÇΓöÇΓöÇΓöÇΓöÇΓöÇΓöÇΓöÇΓöÇΓöÇΓöÇΓöÇΓöÇΓöÇΓöÇΓöÇΓöÇΓöÇΓöÇΓöÇΓöÇΓöÇΓöÇΓöÇΓöÇΓöÇΓöÇΓöÇΓöÇΓöÇΓöÇΓöÇΓöÇΓöÇΓöÇΓöÇΓöÇΓöÇΓöÇΓöÇΓöÇ
    test-results\responsive-admin-routes-x--f1fdb--admin-settings-login-modal-chromium\trace.zip
    Usage:

        npx playwright show-trace test-results\responsive-admin-routes-x--f1fdb--admin-settings-login-modal-chromium\trace.zip

    ΓöÇΓöÇΓöÇΓöÇΓöÇΓöÇΓöÇΓöÇΓöÇΓöÇΓöÇΓöÇΓöÇΓöÇΓöÇΓöÇΓöÇΓöÇΓöÇΓöÇΓöÇΓöÇΓöÇΓöÇΓöÇΓöÇΓöÇΓöÇΓöÇΓöÇΓöÇΓöÇΓöÇΓöÇΓöÇΓöÇΓöÇΓöÇΓöÇΓöÇΓöÇΓöÇΓöÇΓöÇΓöÇΓöÇΓöÇΓöÇΓöÇΓöÇΓöÇΓöÇΓöÇΓöÇΓöÇΓöÇΓöÇΓöÇΓöÇΓöÇΓöÇΓöÇΓöÇΓöÇΓöÇΓöÇΓöÇΓöÇΓöÇΓöÇΓöÇΓöÇΓöÇΓöÇΓöÇΓöÇΓöÇΓöÇΓöÇΓöÇΓöÇΓöÇΓöÇΓöÇΓöÇΓöÇΓöÇΓöÇΓöÇΓöÇΓöÇΓöÇΓöÇΓöÇΓöÇΓöÇ

  152) [chromium] ΓÇ║ e2e\responsive.spec.mjs:19:5 ΓÇ║ admin routes x viewports ΓÇ║ /admin/settings/scripts 

    Error: /admin/settings/scripts
    @1600px:
      - navigation failed: page.goto: net::ERR_CONNECTION_REFUSED at http://localhost:3058/admin/settings/scripts
    @1200px:
      - navigation failed: page.goto: net::ERR_CONNECTION_REFUSED at http://localhost:3058/admin/settings/scripts
    @768px:
      - navigation failed: page.goto: net::ERR_CONNECTION_REFUSED at http://localhost:3058/admin/settings/scripts
    @480px:
      - navigation failed: page.goto: net::ERR_CONNECTION_REFUSED at http://localhost:3058/admin/settings/scripts
    @375px:
      - navigation failed: page.goto: net::ERR_CONNECTION_REFUSED at http://localhost:3058/admin/settings/scripts

    expect(received).toEqual(expected) // deep equality

    - Expected  -  1
    + Received  + 12

    - Array []
    + Array [
    +   "@1600px:
    +   - navigation failed: page.goto: net::ERR_CONNECTION_REFUSED at http://localhost:3058/admin/settings/scripts",
    +   "@1200px:
    +   - navigation failed: page.goto: net::ERR_CONNECTION_REFUSED at http://localhost:3058/admin/settings/scripts",
    +   "@768px:
    +   - navigation failed: page.goto: net::ERR_CONNECTION_REFUSED at http://localhost:3058/admin/settings/scripts",
    +   "@480px:
    +   - navigation failed: page.goto: net::ERR_CONNECTION_REFUSED at http://localhost:3058/admin/settings/scripts",
    +   "@375px:
    +   - navigation failed: page.goto: net::ERR_CONNECTION_REFUSED at http://localhost:3058/admin/settings/scripts",
    + ]

      12 |   await testInfo.attach("matrix", { body: JSON.stringify({ route, url, results }), contentType: "application/json" });
      13 |   const failed = results.filter((r) => r.issues.length).map((r) => `@${r.viewport}px:\n  - ${r.issues.join("\n  - ")}`);
    > 14 |   expect(failed, `${url}\n${failed.join("\n")}`).toEqual([]);
         |                                                  ^
      15 | }
      16 |
      17 | test.describe("admin routes x viewports", () => {
        at runMatrix (C:\Users\priyank\Desktop\Development\BharatAgrolink-admin\e2e\responsive.spec.mjs:14:50)
        at C:\Users\priyank\Desktop\Development\BharatAgrolink-admin\e2e\responsive.spec.mjs:20:7

    attachment #7: screenshot (image/png) ΓöÇΓöÇΓöÇΓöÇΓöÇΓöÇΓöÇΓöÇΓöÇΓöÇΓöÇΓöÇΓöÇΓöÇΓöÇΓöÇΓöÇΓöÇΓöÇΓöÇΓöÇΓöÇΓöÇΓöÇΓöÇΓöÇΓöÇΓöÇΓöÇΓöÇΓöÇΓöÇΓöÇΓöÇΓöÇΓöÇΓöÇΓöÇΓöÇΓöÇΓöÇΓöÇΓöÇΓöÇΓöÇΓöÇΓöÇΓöÇΓöÇΓöÇΓöÇΓöÇΓöÇΓöÇΓöÇΓöÇΓöÇΓöÇ
    test-results\responsive-admin-routes-x-viewports-admin-settings-scripts-chromium\test-failed-1.png
    ΓöÇΓöÇΓöÇΓöÇΓöÇΓöÇΓöÇΓöÇΓöÇΓöÇΓöÇΓöÇΓöÇΓöÇΓöÇΓöÇΓöÇΓöÇΓöÇΓöÇΓöÇΓöÇΓöÇΓöÇΓöÇΓöÇΓöÇΓöÇΓöÇΓöÇΓöÇΓöÇΓöÇΓöÇΓöÇΓöÇΓöÇΓöÇΓöÇΓöÇΓöÇΓöÇΓöÇΓöÇΓöÇΓöÇΓöÇΓöÇΓöÇΓöÇΓöÇΓöÇΓöÇΓöÇΓöÇΓöÇΓöÇΓöÇΓöÇΓöÇΓöÇΓöÇΓöÇΓöÇΓöÇΓöÇΓöÇΓöÇΓöÇΓöÇΓöÇΓöÇΓöÇΓöÇΓöÇΓöÇΓöÇΓöÇΓöÇΓöÇΓöÇΓöÇΓöÇΓöÇΓöÇΓöÇΓöÇΓöÇΓöÇΓöÇΓöÇΓöÇΓöÇΓöÇΓöÇΓöÇ

    Error Context: test-results\responsive-admin-routes-x-viewports-admin-settings-scripts-chromium\error-context.md

    attachment #9: trace (application/zip) ΓöÇΓöÇΓöÇΓöÇΓöÇΓöÇΓöÇΓöÇΓöÇΓöÇΓöÇΓöÇΓöÇΓöÇΓöÇΓöÇΓöÇΓöÇΓöÇΓöÇΓöÇΓöÇΓöÇΓöÇΓöÇΓöÇΓöÇΓöÇΓöÇΓöÇΓöÇΓöÇΓöÇΓöÇΓöÇΓöÇΓöÇΓöÇΓöÇΓöÇΓöÇΓöÇΓöÇΓöÇΓöÇΓöÇΓöÇΓöÇΓöÇΓöÇΓöÇΓöÇΓöÇΓöÇΓöÇΓöÇΓöÇ
    test-results\responsive-admin-routes-x-viewports-admin-settings-scripts-chromium\trace.zip
    Usage:

        npx playwright show-trace test-results\responsive-admin-routes-x-viewports-admin-settings-scripts-chromium\trace.zip

    ΓöÇΓöÇΓöÇΓöÇΓöÇΓöÇΓöÇΓöÇΓöÇΓöÇΓöÇΓöÇΓöÇΓöÇΓöÇΓöÇΓöÇΓöÇΓöÇΓöÇΓöÇΓöÇΓöÇΓöÇΓöÇΓöÇΓöÇΓöÇΓöÇΓöÇΓöÇΓöÇΓöÇΓöÇΓöÇΓöÇΓöÇΓöÇΓöÇΓöÇΓöÇΓöÇΓöÇΓöÇΓöÇΓöÇΓöÇΓöÇΓöÇΓöÇΓöÇΓöÇΓöÇΓöÇΓöÇΓöÇΓöÇΓöÇΓöÇΓöÇΓöÇΓöÇΓöÇΓöÇΓöÇΓöÇΓöÇΓöÇΓöÇΓöÇΓöÇΓöÇΓöÇΓöÇΓöÇΓöÇΓöÇΓöÇΓöÇΓöÇΓöÇΓöÇΓöÇΓöÇΓöÇΓöÇΓöÇΓöÇΓöÇΓöÇΓöÇΓöÇΓöÇΓöÇΓöÇΓöÇ

  153) [chromium] ΓÇ║ e2e\responsive.spec.mjs:19:5 ΓÇ║ admin routes x viewports ΓÇ║ /admin/settings/sms ΓöÇΓöÇ

    Error: /admin/settings/sms
    @1600px:
      - navigation failed: page.goto: net::ERR_CONNECTION_REFUSED at http://localhost:3058/admin/settings/sms
    @1200px:
      - navigation failed: page.goto: net::ERR_CONNECTION_REFUSED at http://localhost:3058/admin/settings/sms
    @768px:
      - navigation failed: page.goto: net::ERR_CONNECTION_REFUSED at http://localhost:3058/admin/settings/sms
    @480px:
      - navigation failed: page.goto: net::ERR_CONNECTION_REFUSED at http://localhost:3058/admin/settings/sms
    @375px:
      - navigation failed: page.goto: net::ERR_CONNECTION_REFUSED at http://localhost:3058/admin/settings/sms

    expect(received).toEqual(expected) // deep equality

    - Expected  -  1
    + Received  + 12

    - Array []
    + Array [
    +   "@1600px:
    +   - navigation failed: page.goto: net::ERR_CONNECTION_REFUSED at http://localhost:3058/admin/settings/sms",
    +   "@1200px:
    +   - navigation failed: page.goto: net::ERR_CONNECTION_REFUSED at http://localhost:3058/admin/settings/sms",
    +   "@768px:
    +   - navigation failed: page.goto: net::ERR_CONNECTION_REFUSED at http://localhost:3058/admin/settings/sms",
    +   "@480px:
    +   - navigation failed: page.goto: net::ERR_CONNECTION_REFUSED at http://localhost:3058/admin/settings/sms",
    +   "@375px:
    +   - navigation failed: page.goto: net::ERR_CONNECTION_REFUSED at http://localhost:3058/admin/settings/sms",
    + ]

      12 |   await testInfo.attach("matrix", { body: JSON.stringify({ route, url, results }), contentType: "application/json" });
      13 |   const failed = results.filter((r) => r.issues.length).map((r) => `@${r.viewport}px:\n  - ${r.issues.join("\n  - ")}`);
    > 14 |   expect(failed, `${url}\n${failed.join("\n")}`).toEqual([]);
         |                                                  ^
      15 | }
      16 |
      17 | test.describe("admin routes x viewports", () => {
        at runMatrix (C:\Users\priyank\Desktop\Development\BharatAgrolink-admin\e2e\responsive.spec.mjs:14:50)
        at C:\Users\priyank\Desktop\Development\BharatAgrolink-admin\e2e\responsive.spec.mjs:20:7

    attachment #7: screenshot (image/png) ΓöÇΓöÇΓöÇΓöÇΓöÇΓöÇΓöÇΓöÇΓöÇΓöÇΓöÇΓöÇΓöÇΓöÇΓöÇΓöÇΓöÇΓöÇΓöÇΓöÇΓöÇΓöÇΓöÇΓöÇΓöÇΓöÇΓöÇΓöÇΓöÇΓöÇΓöÇΓöÇΓöÇΓöÇΓöÇΓöÇΓöÇΓöÇΓöÇΓöÇΓöÇΓöÇΓöÇΓöÇΓöÇΓöÇΓöÇΓöÇΓöÇΓöÇΓöÇΓöÇΓöÇΓöÇΓöÇΓöÇΓöÇΓöÇ
    test-results\responsive-admin-routes-x-viewports-admin-settings-sms-chromium\test-failed-1.png
    ΓöÇΓöÇΓöÇΓöÇΓöÇΓöÇΓöÇΓöÇΓöÇΓöÇΓöÇΓöÇΓöÇΓöÇΓöÇΓöÇΓöÇΓöÇΓöÇΓöÇΓöÇΓöÇΓöÇΓöÇΓöÇΓöÇΓöÇΓöÇΓöÇΓöÇΓöÇΓöÇΓöÇΓöÇΓöÇΓöÇΓöÇΓöÇΓöÇΓöÇΓöÇΓöÇΓöÇΓöÇΓöÇΓöÇΓöÇΓöÇΓöÇΓöÇΓöÇΓöÇΓöÇΓöÇΓöÇΓöÇΓöÇΓöÇΓöÇΓöÇΓöÇΓöÇΓöÇΓöÇΓöÇΓöÇΓöÇΓöÇΓöÇΓöÇΓöÇΓöÇΓöÇΓöÇΓöÇΓöÇΓöÇΓöÇΓöÇΓöÇΓöÇΓöÇΓöÇΓöÇΓöÇΓöÇΓöÇΓöÇΓöÇΓöÇΓöÇΓöÇΓöÇΓöÇΓöÇΓöÇ

    Error Context: test-results\responsive-admin-routes-x-viewports-admin-settings-sms-chromium\error-context.md

    attachment #9: trace (application/zip) ΓöÇΓöÇΓöÇΓöÇΓöÇΓöÇΓöÇΓöÇΓöÇΓöÇΓöÇΓöÇΓöÇΓöÇΓöÇΓöÇΓöÇΓöÇΓöÇΓöÇΓöÇΓöÇΓöÇΓöÇΓöÇΓöÇΓöÇΓöÇΓöÇΓöÇΓöÇΓöÇΓöÇΓöÇΓöÇΓöÇΓöÇΓöÇΓöÇΓöÇΓöÇΓöÇΓöÇΓöÇΓöÇΓöÇΓöÇΓöÇΓöÇΓöÇΓöÇΓöÇΓöÇΓöÇΓöÇΓöÇΓöÇ
    test-results\responsive-admin-routes-x-viewports-admin-settings-sms-chromium\trace.zip
    Usage:

        npx playwright show-trace test-results\responsive-admin-routes-x-viewports-admin-settings-sms-chromium\trace.zip

    ΓöÇΓöÇΓöÇΓöÇΓöÇΓöÇΓöÇΓöÇΓöÇΓöÇΓöÇΓöÇΓöÇΓöÇΓöÇΓöÇΓöÇΓöÇΓöÇΓöÇΓöÇΓöÇΓöÇΓöÇΓöÇΓöÇΓöÇΓöÇΓöÇΓöÇΓöÇΓöÇΓöÇΓöÇΓöÇΓöÇΓöÇΓöÇΓöÇΓöÇΓöÇΓöÇΓöÇΓöÇΓöÇΓöÇΓöÇΓöÇΓöÇΓöÇΓöÇΓöÇΓöÇΓöÇΓöÇΓöÇΓöÇΓöÇΓöÇΓöÇΓöÇΓöÇΓöÇΓöÇΓöÇΓöÇΓöÇΓöÇΓöÇΓöÇΓöÇΓöÇΓöÇΓöÇΓöÇΓöÇΓöÇΓöÇΓöÇΓöÇΓöÇΓöÇΓöÇΓöÇΓöÇΓöÇΓöÇΓöÇΓöÇΓöÇΓöÇΓöÇΓöÇΓöÇΓöÇΓöÇ

  154) [chromium] ΓÇ║ e2e\responsive.spec.mjs:19:5 ΓÇ║ admin routes x viewports ΓÇ║ /admin/settings/smtp ΓöÇ

    Error: /admin/settings/smtp
    @1600px:
      - navigation failed: page.goto: net::ERR_CONNECTION_REFUSED at http://localhost:3058/admin/settings/smtp
    @1200px:
      - navigation failed: page.goto: net::ERR_CONNECTION_REFUSED at http://localhost:3058/admin/settings/smtp
    @768px:
      - navigation failed: page.goto: net::ERR_CONNECTION_REFUSED at http://localhost:3058/admin/settings/smtp
    @480px:
      - navigation failed: page.goto: net::ERR_CONNECTION_REFUSED at http://localhost:3058/admin/settings/smtp
    @375px:
      - navigation failed: page.goto: net::ERR_CONNECTION_REFUSED at http://localhost:3058/admin/settings/smtp

    expect(received).toEqual(expected) // deep equality

    - Expected  -  1
    + Received  + 12

    - Array []
    + Array [
    +   "@1600px:
    +   - navigation failed: page.goto: net::ERR_CONNECTION_REFUSED at http://localhost:3058/admin/settings/smtp",
    +   "@1200px:
    +   - navigation failed: page.goto: net::ERR_CONNECTION_REFUSED at http://localhost:3058/admin/settings/smtp",
    +   "@768px:
    +   - navigation failed: page.goto: net::ERR_CONNECTION_REFUSED at http://localhost:3058/admin/settings/smtp",
    +   "@480px:
    +   - navigation failed: page.goto: net::ERR_CONNECTION_REFUSED at http://localhost:3058/admin/settings/smtp",
    +   "@375px:
    +   - navigation failed: page.goto: net::ERR_CONNECTION_REFUSED at http://localhost:3058/admin/settings/smtp",
    + ]

      12 |   await testInfo.attach("matrix", { body: JSON.stringify({ route, url, results }), contentType: "application/json" });
      13 |   const failed = results.filter((r) => r.issues.length).map((r) => `@${r.viewport}px:\n  - ${r.issues.join("\n  - ")}`);
    > 14 |   expect(failed, `${url}\n${failed.join("\n")}`).toEqual([]);
         |                                                  ^
      15 | }
      16 |
      17 | test.describe("admin routes x viewports", () => {
        at runMatrix (C:\Users\priyank\Desktop\Development\BharatAgrolink-admin\e2e\responsive.spec.mjs:14:50)
        at C:\Users\priyank\Desktop\Development\BharatAgrolink-admin\e2e\responsive.spec.mjs:20:7

    attachment #7: screenshot (image/png) ΓöÇΓöÇΓöÇΓöÇΓöÇΓöÇΓöÇΓöÇΓöÇΓöÇΓöÇΓöÇΓöÇΓöÇΓöÇΓöÇΓöÇΓöÇΓöÇΓöÇΓöÇΓöÇΓöÇΓöÇΓöÇΓöÇΓöÇΓöÇΓöÇΓöÇΓöÇΓöÇΓöÇΓöÇΓöÇΓöÇΓöÇΓöÇΓöÇΓöÇΓöÇΓöÇΓöÇΓöÇΓöÇΓöÇΓöÇΓöÇΓöÇΓöÇΓöÇΓöÇΓöÇΓöÇΓöÇΓöÇΓöÇΓöÇ
    test-results\responsive-admin-routes-x-viewports-admin-settings-smtp-chromium\test-failed-1.png
    ΓöÇΓöÇΓöÇΓöÇΓöÇΓöÇΓöÇΓöÇΓöÇΓöÇΓöÇΓöÇΓöÇΓöÇΓöÇΓöÇΓöÇΓöÇΓöÇΓöÇΓöÇΓöÇΓöÇΓöÇΓöÇΓöÇΓöÇΓöÇΓöÇΓöÇΓöÇΓöÇΓöÇΓöÇΓöÇΓöÇΓöÇΓöÇΓöÇΓöÇΓöÇΓöÇΓöÇΓöÇΓöÇΓöÇΓöÇΓöÇΓöÇΓöÇΓöÇΓöÇΓöÇΓöÇΓöÇΓöÇΓöÇΓöÇΓöÇΓöÇΓöÇΓöÇΓöÇΓöÇΓöÇΓöÇΓöÇΓöÇΓöÇΓöÇΓöÇΓöÇΓöÇΓöÇΓöÇΓöÇΓöÇΓöÇΓöÇΓöÇΓöÇΓöÇΓöÇΓöÇΓöÇΓöÇΓöÇΓöÇΓöÇΓöÇΓöÇΓöÇΓöÇΓöÇΓöÇΓöÇ

    Error Context: test-results\responsive-admin-routes-x-viewports-admin-settings-smtp-chromium\error-context.md

    attachment #9: trace (application/zip) ΓöÇΓöÇΓöÇΓöÇΓöÇΓöÇΓöÇΓöÇΓöÇΓöÇΓöÇΓöÇΓöÇΓöÇΓöÇΓöÇΓöÇΓöÇΓöÇΓöÇΓöÇΓöÇΓöÇΓöÇΓöÇΓöÇΓöÇΓöÇΓöÇΓöÇΓöÇΓöÇΓöÇΓöÇΓöÇΓöÇΓöÇΓöÇΓöÇΓöÇΓöÇΓöÇΓöÇΓöÇΓöÇΓöÇΓöÇΓöÇΓöÇΓöÇΓöÇΓöÇΓöÇΓöÇΓöÇΓöÇΓöÇ
    test-results\responsive-admin-routes-x-viewports-admin-settings-smtp-chromium\trace.zip
    Usage:

        npx playwright show-trace test-results\responsive-admin-routes-x-viewports-admin-settings-smtp-chromium\trace.zip

    ΓöÇΓöÇΓöÇΓöÇΓöÇΓöÇΓöÇΓöÇΓöÇΓöÇΓöÇΓöÇΓöÇΓöÇΓöÇΓöÇΓöÇΓöÇΓöÇΓöÇΓöÇΓöÇΓöÇΓöÇΓöÇΓöÇΓöÇΓöÇΓöÇΓöÇΓöÇΓöÇΓöÇΓöÇΓöÇΓöÇΓöÇΓöÇΓöÇΓöÇΓöÇΓöÇΓöÇΓöÇΓöÇΓöÇΓöÇΓöÇΓöÇΓöÇΓöÇΓöÇΓöÇΓöÇΓöÇΓöÇΓöÇΓöÇΓöÇΓöÇΓöÇΓöÇΓöÇΓöÇΓöÇΓöÇΓöÇΓöÇΓöÇΓöÇΓöÇΓöÇΓöÇΓöÇΓöÇΓöÇΓöÇΓöÇΓöÇΓöÇΓöÇΓöÇΓöÇΓöÇΓöÇΓöÇΓöÇΓöÇΓöÇΓöÇΓöÇΓöÇΓöÇΓöÇΓöÇΓöÇ

  155) [chromium] ΓÇ║ e2e\responsive.spec.mjs:19:5 ΓÇ║ admin routes x viewports ΓÇ║ /admin/shipping ΓöÇΓöÇΓöÇΓöÇΓöÇΓöÇ

    Error: /admin/shipping
    @1600px:
      - navigation failed: page.goto: net::ERR_CONNECTION_REFUSED at http://localhost:3058/admin/shipping
    @1200px:
      - navigation failed: page.goto: net::ERR_CONNECTION_REFUSED at http://localhost:3058/admin/shipping
    @768px:
      - navigation failed: page.goto: net::ERR_CONNECTION_REFUSED at http://localhost:3058/admin/shipping
    @480px:
      - navigation failed: page.goto: net::ERR_CONNECTION_REFUSED at http://localhost:3058/admin/shipping
    @375px:
      - navigation failed: page.goto: net::ERR_CONNECTION_REFUSED at http://localhost:3058/admin/shipping

    expect(received).toEqual(expected) // deep equality

    - Expected  -  1
    + Received  + 12

    - Array []
    + Array [
    +   "@1600px:
    +   - navigation failed: page.goto: net::ERR_CONNECTION_REFUSED at http://localhost:3058/admin/shipping",
    +   "@1200px:
    +   - navigation failed: page.goto: net::ERR_CONNECTION_REFUSED at http://localhost:3058/admin/shipping",
    +   "@768px:
    +   - navigation failed: page.goto: net::ERR_CONNECTION_REFUSED at http://localhost:3058/admin/shipping",
    +   "@480px:
    +   - navigation failed: page.goto: net::ERR_CONNECTION_REFUSED at http://localhost:3058/admin/shipping",
    +   "@375px:
    +   - navigation failed: page.goto: net::ERR_CONNECTION_REFUSED at http://localhost:3058/admin/shipping",
    + ]

      12 |   await testInfo.attach("matrix", { body: JSON.stringify({ route, url, results }), contentType: "application/json" });
      13 |   const failed = results.filter((r) => r.issues.length).map((r) => `@${r.viewport}px:\n  - ${r.issues.join("\n  - ")}`);
    > 14 |   expect(failed, `${url}\n${failed.join("\n")}`).toEqual([]);
         |                                                  ^
      15 | }
      16 |
      17 | test.describe("admin routes x viewports", () => {
        at runMatrix (C:\Users\priyank\Desktop\Development\BharatAgrolink-admin\e2e\responsive.spec.mjs:14:50)
        at C:\Users\priyank\Desktop\Development\BharatAgrolink-admin\e2e\responsive.spec.mjs:20:7

    attachment #7: screenshot (image/png) ΓöÇΓöÇΓöÇΓöÇΓöÇΓöÇΓöÇΓöÇΓöÇΓöÇΓöÇΓöÇΓöÇΓöÇΓöÇΓöÇΓöÇΓöÇΓöÇΓöÇΓöÇΓöÇΓöÇΓöÇΓöÇΓöÇΓöÇΓöÇΓöÇΓöÇΓöÇΓöÇΓöÇΓöÇΓöÇΓöÇΓöÇΓöÇΓöÇΓöÇΓöÇΓöÇΓöÇΓöÇΓöÇΓöÇΓöÇΓöÇΓöÇΓöÇΓöÇΓöÇΓöÇΓöÇΓöÇΓöÇΓöÇΓöÇ
    test-results\responsive-admin-routes-x-viewports-admin-shipping-chromium\test-failed-1.png
    ΓöÇΓöÇΓöÇΓöÇΓöÇΓöÇΓöÇΓöÇΓöÇΓöÇΓöÇΓöÇΓöÇΓöÇΓöÇΓöÇΓöÇΓöÇΓöÇΓöÇΓöÇΓöÇΓöÇΓöÇΓöÇΓöÇΓöÇΓöÇΓöÇΓöÇΓöÇΓöÇΓöÇΓöÇΓöÇΓöÇΓöÇΓöÇΓöÇΓöÇΓöÇΓöÇΓöÇΓöÇΓöÇΓöÇΓöÇΓöÇΓöÇΓöÇΓöÇΓöÇΓöÇΓöÇΓöÇΓöÇΓöÇΓöÇΓöÇΓöÇΓöÇΓöÇΓöÇΓöÇΓöÇΓöÇΓöÇΓöÇΓöÇΓöÇΓöÇΓöÇΓöÇΓöÇΓöÇΓöÇΓöÇΓöÇΓöÇΓöÇΓöÇΓöÇΓöÇΓöÇΓöÇΓöÇΓöÇΓöÇΓöÇΓöÇΓöÇΓöÇΓöÇΓöÇΓöÇΓöÇ

    Error Context: test-results\responsive-admin-routes-x-viewports-admin-shipping-chromium\error-context.md

    attachment #9: trace (application/zip) ΓöÇΓöÇΓöÇΓöÇΓöÇΓöÇΓöÇΓöÇΓöÇΓöÇΓöÇΓöÇΓöÇΓöÇΓöÇΓöÇΓöÇΓöÇΓöÇΓöÇΓöÇΓöÇΓöÇΓöÇΓöÇΓöÇΓöÇΓöÇΓöÇΓöÇΓöÇΓöÇΓöÇΓöÇΓöÇΓöÇΓöÇΓöÇΓöÇΓöÇΓöÇΓöÇΓöÇΓöÇΓöÇΓöÇΓöÇΓöÇΓöÇΓöÇΓöÇΓöÇΓöÇΓöÇΓöÇΓöÇΓöÇ
    test-results\responsive-admin-routes-x-viewports-admin-shipping-chromium\trace.zip
    Usage:

        npx playwright show-trace test-results\responsive-admin-routes-x-viewports-admin-shipping-chromium\trace.zip

    ΓöÇΓöÇΓöÇΓöÇΓöÇΓöÇΓöÇΓöÇΓöÇΓöÇΓöÇΓöÇΓöÇΓöÇΓöÇΓöÇΓöÇΓöÇΓöÇΓöÇΓöÇΓöÇΓöÇΓöÇΓöÇΓöÇΓöÇΓöÇΓöÇΓöÇΓöÇΓöÇΓöÇΓöÇΓöÇΓöÇΓöÇΓöÇΓöÇΓöÇΓöÇΓöÇΓöÇΓöÇΓöÇΓöÇΓöÇΓöÇΓöÇΓöÇΓöÇΓöÇΓöÇΓöÇΓöÇΓöÇΓöÇΓöÇΓöÇΓöÇΓöÇΓöÇΓöÇΓöÇΓöÇΓöÇΓöÇΓöÇΓöÇΓöÇΓöÇΓöÇΓöÇΓöÇΓöÇΓöÇΓöÇΓöÇΓöÇΓöÇΓöÇΓöÇΓöÇΓöÇΓöÇΓöÇΓöÇΓöÇΓöÇΓöÇΓöÇΓöÇΓöÇΓöÇΓöÇΓöÇ

  156) [chromium] ΓÇ║ e2e\responsive.spec.mjs:19:5 ΓÇ║ admin routes x viewports ΓÇ║ /admin/shipping/cod-rules 

    Error: /admin/shipping/cod-rules
    @1600px:
      - navigation failed: page.goto: net::ERR_CONNECTION_REFUSED at http://localhost:3058/admin/shipping/cod-rules
    @1200px:
      - navigation failed: page.goto: net::ERR_CONNECTION_REFUSED at http://localhost:3058/admin/shipping/cod-rules
    @768px:
      - navigation failed: page.goto: net::ERR_CONNECTION_REFUSED at http://localhost:3058/admin/shipping/cod-rules
    @480px:
      - navigation failed: page.goto: net::ERR_CONNECTION_REFUSED at http://localhost:3058/admin/shipping/cod-rules
    @375px:
      - navigation failed: page.goto: net::ERR_CONNECTION_REFUSED at http://localhost:3058/admin/shipping/cod-rules

    expect(received).toEqual(expected) // deep equality

    - Expected  -  1
    + Received  + 12

    - Array []
    + Array [
    +   "@1600px:
    +   - navigation failed: page.goto: net::ERR_CONNECTION_REFUSED at http://localhost:3058/admin/shipping/cod-rules",
    +   "@1200px:
    +   - navigation failed: page.goto: net::ERR_CONNECTION_REFUSED at http://localhost:3058/admin/shipping/cod-rules",
    +   "@768px:
    +   - navigation failed: page.goto: net::ERR_CONNECTION_REFUSED at http://localhost:3058/admin/shipping/cod-rules",
    +   "@480px:
    +   - navigation failed: page.goto: net::ERR_CONNECTION_REFUSED at http://localhost:3058/admin/shipping/cod-rules",
    +   "@375px:
    +   - navigation failed: page.goto: net::ERR_CONNECTION_REFUSED at http://localhost:3058/admin/shipping/cod-rules",
    + ]

      12 |   await testInfo.attach("matrix", { body: JSON.stringify({ route, url, results }), contentType: "application/json" });
      13 |   const failed = results.filter((r) => r.issues.length).map((r) => `@${r.viewport}px:\n  - ${r.issues.join("\n  - ")}`);
    > 14 |   expect(failed, `${url}\n${failed.join("\n")}`).toEqual([]);
         |                                                  ^
      15 | }
      16 |
      17 | test.describe("admin routes x viewports", () => {
        at runMatrix (C:\Users\priyank\Desktop\Development\BharatAgrolink-admin\e2e\responsive.spec.mjs:14:50)
        at C:\Users\priyank\Desktop\Development\BharatAgrolink-admin\e2e\responsive.spec.mjs:20:7

    attachment #7: screenshot (image/png) ΓöÇΓöÇΓöÇΓöÇΓöÇΓöÇΓöÇΓöÇΓöÇΓöÇΓöÇΓöÇΓöÇΓöÇΓöÇΓöÇΓöÇΓöÇΓöÇΓöÇΓöÇΓöÇΓöÇΓöÇΓöÇΓöÇΓöÇΓöÇΓöÇΓöÇΓöÇΓöÇΓöÇΓöÇΓöÇΓöÇΓöÇΓöÇΓöÇΓöÇΓöÇΓöÇΓöÇΓöÇΓöÇΓöÇΓöÇΓöÇΓöÇΓöÇΓöÇΓöÇΓöÇΓöÇΓöÇΓöÇΓöÇΓöÇ
    test-results\responsive-admin-routes-x-viewports-admin-shipping-cod-rules-chromium\test-failed-1.png
    ΓöÇΓöÇΓöÇΓöÇΓöÇΓöÇΓöÇΓöÇΓöÇΓöÇΓöÇΓöÇΓöÇΓöÇΓöÇΓöÇΓöÇΓöÇΓöÇΓöÇΓöÇΓöÇΓöÇΓöÇΓöÇΓöÇΓöÇΓöÇΓöÇΓöÇΓöÇΓöÇΓöÇΓöÇΓöÇΓöÇΓöÇΓöÇΓöÇΓöÇΓöÇΓöÇΓöÇΓöÇΓöÇΓöÇΓöÇΓöÇΓöÇΓöÇΓöÇΓöÇΓöÇΓöÇΓöÇΓöÇΓöÇΓöÇΓöÇΓöÇΓöÇΓöÇΓöÇΓöÇΓöÇΓöÇΓöÇΓöÇΓöÇΓöÇΓöÇΓöÇΓöÇΓöÇΓöÇΓöÇΓöÇΓöÇΓöÇΓöÇΓöÇΓöÇΓöÇΓöÇΓöÇΓöÇΓöÇΓöÇΓöÇΓöÇΓöÇΓöÇΓöÇΓöÇΓöÇΓöÇ

    Error Context: test-results\responsive-admin-routes-x-viewports-admin-shipping-cod-rules-chromium\error-context.md

    attachment #9: trace (application/zip) ΓöÇΓöÇΓöÇΓöÇΓöÇΓöÇΓöÇΓöÇΓöÇΓöÇΓöÇΓöÇΓöÇΓöÇΓöÇΓöÇΓöÇΓöÇΓöÇΓöÇΓöÇΓöÇΓöÇΓöÇΓöÇΓöÇΓöÇΓöÇΓöÇΓöÇΓöÇΓöÇΓöÇΓöÇΓöÇΓöÇΓöÇΓöÇΓöÇΓöÇΓöÇΓöÇΓöÇΓöÇΓöÇΓöÇΓöÇΓöÇΓöÇΓöÇΓöÇΓöÇΓöÇΓöÇΓöÇΓöÇΓöÇ
    test-results\responsive-admin-routes-x-viewports-admin-shipping-cod-rules-chromium\trace.zip
    Usage:

        npx playwright show-trace test-results\responsive-admin-routes-x-viewports-admin-shipping-cod-rules-chromium\trace.zip

    ΓöÇΓöÇΓöÇΓöÇΓöÇΓöÇΓöÇΓöÇΓöÇΓöÇΓöÇΓöÇΓöÇΓöÇΓöÇΓöÇΓöÇΓöÇΓöÇΓöÇΓöÇΓöÇΓöÇΓöÇΓöÇΓöÇΓöÇΓöÇΓöÇΓöÇΓöÇΓöÇΓöÇΓöÇΓöÇΓöÇΓöÇΓöÇΓöÇΓöÇΓöÇΓöÇΓöÇΓöÇΓöÇΓöÇΓöÇΓöÇΓöÇΓöÇΓöÇΓöÇΓöÇΓöÇΓöÇΓöÇΓöÇΓöÇΓöÇΓöÇΓöÇΓöÇΓöÇΓöÇΓöÇΓöÇΓöÇΓöÇΓöÇΓöÇΓöÇΓöÇΓöÇΓöÇΓöÇΓöÇΓöÇΓöÇΓöÇΓöÇΓöÇΓöÇΓöÇΓöÇΓöÇΓöÇΓöÇΓöÇΓöÇΓöÇΓöÇΓöÇΓöÇΓöÇΓöÇΓöÇ

  157) [chromium] ΓÇ║ e2e\responsive.spec.mjs:19:5 ΓÇ║ admin routes x viewports ΓÇ║ /admin/shipping/courier-slabs 

    Error: /admin/shipping/courier-slabs
    @1600px:
      - navigation failed: page.goto: net::ERR_CONNECTION_REFUSED at http://localhost:3058/admin/shipping/courier-slabs
    @1200px:
      - navigation failed: page.goto: net::ERR_CONNECTION_REFUSED at http://localhost:3058/admin/shipping/courier-slabs
    @768px:
      - navigation failed: page.goto: net::ERR_CONNECTION_REFUSED at http://localhost:3058/admin/shipping/courier-slabs
    @480px:
      - navigation failed: page.goto: net::ERR_CONNECTION_REFUSED at http://localhost:3058/admin/shipping/courier-slabs
    @375px:
      - navigation failed: page.goto: net::ERR_CONNECTION_REFUSED at http://localhost:3058/admin/shipping/courier-slabs

    expect(received).toEqual(expected) // deep equality

    - Expected  -  1
    + Received  + 12

    - Array []
    + Array [
    +   "@1600px:
    +   - navigation failed: page.goto: net::ERR_CONNECTION_REFUSED at http://localhost:3058/admin/shipping/courier-slabs",
    +   "@1200px:
    +   - navigation failed: page.goto: net::ERR_CONNECTION_REFUSED at http://localhost:3058/admin/shipping/courier-slabs",
    +   "@768px:
    +   - navigation failed: page.goto: net::ERR_CONNECTION_REFUSED at http://localhost:3058/admin/shipping/courier-slabs",
    +   "@480px:
    +   - navigation failed: page.goto: net::ERR_CONNECTION_REFUSED at http://localhost:3058/admin/shipping/courier-slabs",
    +   "@375px:
    +   - navigation failed: page.goto: net::ERR_CONNECTION_REFUSED at http://localhost:3058/admin/shipping/courier-slabs",
    + ]

      12 |   await testInfo.attach("matrix", { body: JSON.stringify({ route, url, results }), contentType: "application/json" });
      13 |   const failed = results.filter((r) => r.issues.length).map((r) => `@${r.viewport}px:\n  - ${r.issues.join("\n  - ")}`);
    > 14 |   expect(failed, `${url}\n${failed.join("\n")}`).toEqual([]);
         |                                                  ^
      15 | }
      16 |
      17 | test.describe("admin routes x viewports", () => {
        at runMatrix (C:\Users\priyank\Desktop\Development\BharatAgrolink-admin\e2e\responsive.spec.mjs:14:50)
        at C:\Users\priyank\Desktop\Development\BharatAgrolink-admin\e2e\responsive.spec.mjs:20:7

    attachment #7: screenshot (image/png) ΓöÇΓöÇΓöÇΓöÇΓöÇΓöÇΓöÇΓöÇΓöÇΓöÇΓöÇΓöÇΓöÇΓöÇΓöÇΓöÇΓöÇΓöÇΓöÇΓöÇΓöÇΓöÇΓöÇΓöÇΓöÇΓöÇΓöÇΓöÇΓöÇΓöÇΓöÇΓöÇΓöÇΓöÇΓöÇΓöÇΓöÇΓöÇΓöÇΓöÇΓöÇΓöÇΓöÇΓöÇΓöÇΓöÇΓöÇΓöÇΓöÇΓöÇΓöÇΓöÇΓöÇΓöÇΓöÇΓöÇΓöÇΓöÇ
    test-results\responsive-admin-routes-x--b9d61-dmin-shipping-courier-slabs-chromium\test-failed-1.png
    ΓöÇΓöÇΓöÇΓöÇΓöÇΓöÇΓöÇΓöÇΓöÇΓöÇΓöÇΓöÇΓöÇΓöÇΓöÇΓöÇΓöÇΓöÇΓöÇΓöÇΓöÇΓöÇΓöÇΓöÇΓöÇΓöÇΓöÇΓöÇΓöÇΓöÇΓöÇΓöÇΓöÇΓöÇΓöÇΓöÇΓöÇΓöÇΓöÇΓöÇΓöÇΓöÇΓöÇΓöÇΓöÇΓöÇΓöÇΓöÇΓöÇΓöÇΓöÇΓöÇΓöÇΓöÇΓöÇΓöÇΓöÇΓöÇΓöÇΓöÇΓöÇΓöÇΓöÇΓöÇΓöÇΓöÇΓöÇΓöÇΓöÇΓöÇΓöÇΓöÇΓöÇΓöÇΓöÇΓöÇΓöÇΓöÇΓöÇΓöÇΓöÇΓöÇΓöÇΓöÇΓöÇΓöÇΓöÇΓöÇΓöÇΓöÇΓöÇΓöÇΓöÇΓöÇΓöÇΓöÇ

    Error Context: test-results\responsive-admin-routes-x--b9d61-dmin-shipping-courier-slabs-chromium\error-context.md

    attachment #9: trace (application/zip) ΓöÇΓöÇΓöÇΓöÇΓöÇΓöÇΓöÇΓöÇΓöÇΓöÇΓöÇΓöÇΓöÇΓöÇΓöÇΓöÇΓöÇΓöÇΓöÇΓöÇΓöÇΓöÇΓöÇΓöÇΓöÇΓöÇΓöÇΓöÇΓöÇΓöÇΓöÇΓöÇΓöÇΓöÇΓöÇΓöÇΓöÇΓöÇΓöÇΓöÇΓöÇΓöÇΓöÇΓöÇΓöÇΓöÇΓöÇΓöÇΓöÇΓöÇΓöÇΓöÇΓöÇΓöÇΓöÇΓöÇΓöÇ
    test-results\responsive-admin-routes-x--b9d61-dmin-shipping-courier-slabs-chromium\trace.zip
    Usage:

        npx playwright show-trace test-results\responsive-admin-routes-x--b9d61-dmin-shipping-courier-slabs-chromium\trace.zip

    ΓöÇΓöÇΓöÇΓöÇΓöÇΓöÇΓöÇΓöÇΓöÇΓöÇΓöÇΓöÇΓöÇΓöÇΓöÇΓöÇΓöÇΓöÇΓöÇΓöÇΓöÇΓöÇΓöÇΓöÇΓöÇΓöÇΓöÇΓöÇΓöÇΓöÇΓöÇΓöÇΓöÇΓöÇΓöÇΓöÇΓöÇΓöÇΓöÇΓöÇΓöÇΓöÇΓöÇΓöÇΓöÇΓöÇΓöÇΓöÇΓöÇΓöÇΓöÇΓöÇΓöÇΓöÇΓöÇΓöÇΓöÇΓöÇΓöÇΓöÇΓöÇΓöÇΓöÇΓöÇΓöÇΓöÇΓöÇΓöÇΓöÇΓöÇΓöÇΓöÇΓöÇΓöÇΓöÇΓöÇΓöÇΓöÇΓöÇΓöÇΓöÇΓöÇΓöÇΓöÇΓöÇΓöÇΓöÇΓöÇΓöÇΓöÇΓöÇΓöÇΓöÇΓöÇΓöÇΓöÇ

  158) [chromium] ΓÇ║ e2e\responsive.spec.mjs:19:5 ΓÇ║ admin routes x viewports ΓÇ║ /admin/shipping/delhivery 

    Error: /admin/shipping/delhivery
    @1600px:
      - navigation failed: page.goto: net::ERR_CONNECTION_REFUSED at http://localhost:3058/admin/shipping/delhivery
    @1200px:
      - navigation failed: page.goto: net::ERR_CONNECTION_REFUSED at http://localhost:3058/admin/shipping/delhivery
    @768px:
      - navigation failed: page.goto: net::ERR_CONNECTION_REFUSED at http://localhost:3058/admin/shipping/delhivery
    @480px:
      - navigation failed: page.goto: net::ERR_CONNECTION_REFUSED at http://localhost:3058/admin/shipping/delhivery
    @375px:
      - navigation failed: page.goto: net::ERR_CONNECTION_REFUSED at http://localhost:3058/admin/shipping/delhivery

    expect(received).toEqual(expected) // deep equality

    - Expected  -  1
    + Received  + 12

    - Array []
    + Array [
    +   "@1600px:
    +   - navigation failed: page.goto: net::ERR_CONNECTION_REFUSED at http://localhost:3058/admin/shipping/delhivery",
    +   "@1200px:
    +   - navigation failed: page.goto: net::ERR_CONNECTION_REFUSED at http://localhost:3058/admin/shipping/delhivery",
    +   "@768px:
    +   - navigation failed: page.goto: net::ERR_CONNECTION_REFUSED at http://localhost:3058/admin/shipping/delhivery",
    +   "@480px:
    +   - navigation failed: page.goto: net::ERR_CONNECTION_REFUSED at http://localhost:3058/admin/shipping/delhivery",
    +   "@375px:
    +   - navigation failed: page.goto: net::ERR_CONNECTION_REFUSED at http://localhost:3058/admin/shipping/delhivery",
    + ]

      12 |   await testInfo.attach("matrix", { body: JSON.stringify({ route, url, results }), contentType: "application/json" });
      13 |   const failed = results.filter((r) => r.issues.length).map((r) => `@${r.viewport}px:\n  - ${r.issues.join("\n  - ")}`);
    > 14 |   expect(failed, `${url}\n${failed.join("\n")}`).toEqual([]);
         |                                                  ^
      15 | }
      16 |
      17 | test.describe("admin routes x viewports", () => {
        at runMatrix (C:\Users\priyank\Desktop\Development\BharatAgrolink-admin\e2e\responsive.spec.mjs:14:50)
        at C:\Users\priyank\Desktop\Development\BharatAgrolink-admin\e2e\responsive.spec.mjs:20:7

    attachment #7: screenshot (image/png) ΓöÇΓöÇΓöÇΓöÇΓöÇΓöÇΓöÇΓöÇΓöÇΓöÇΓöÇΓöÇΓöÇΓöÇΓöÇΓöÇΓöÇΓöÇΓöÇΓöÇΓöÇΓöÇΓöÇΓöÇΓöÇΓöÇΓöÇΓöÇΓöÇΓöÇΓöÇΓöÇΓöÇΓöÇΓöÇΓöÇΓöÇΓöÇΓöÇΓöÇΓöÇΓöÇΓöÇΓöÇΓöÇΓöÇΓöÇΓöÇΓöÇΓöÇΓöÇΓöÇΓöÇΓöÇΓöÇΓöÇΓöÇΓöÇ
    test-results\responsive-admin-routes-x-viewports-admin-shipping-delhivery-chromium\test-failed-1.png
    ΓöÇΓöÇΓöÇΓöÇΓöÇΓöÇΓöÇΓöÇΓöÇΓöÇΓöÇΓöÇΓöÇΓöÇΓöÇΓöÇΓöÇΓöÇΓöÇΓöÇΓöÇΓöÇΓöÇΓöÇΓöÇΓöÇΓöÇΓöÇΓöÇΓöÇΓöÇΓöÇΓöÇΓöÇΓöÇΓöÇΓöÇΓöÇΓöÇΓöÇΓöÇΓöÇΓöÇΓöÇΓöÇΓöÇΓöÇΓöÇΓöÇΓöÇΓöÇΓöÇΓöÇΓöÇΓöÇΓöÇΓöÇΓöÇΓöÇΓöÇΓöÇΓöÇΓöÇΓöÇΓöÇΓöÇΓöÇΓöÇΓöÇΓöÇΓöÇΓöÇΓöÇΓöÇΓöÇΓöÇΓöÇΓöÇΓöÇΓöÇΓöÇΓöÇΓöÇΓöÇΓöÇΓöÇΓöÇΓöÇΓöÇΓöÇΓöÇΓöÇΓöÇΓöÇΓöÇΓöÇ

    Error Context: test-results\responsive-admin-routes-x-viewports-admin-shipping-delhivery-chromium\error-context.md

    attachment #9: trace (application/zip) ΓöÇΓöÇΓöÇΓöÇΓöÇΓöÇΓöÇΓöÇΓöÇΓöÇΓöÇΓöÇΓöÇΓöÇΓöÇΓöÇΓöÇΓöÇΓöÇΓöÇΓöÇΓöÇΓöÇΓöÇΓöÇΓöÇΓöÇΓöÇΓöÇΓöÇΓöÇΓöÇΓöÇΓöÇΓöÇΓöÇΓöÇΓöÇΓöÇΓöÇΓöÇΓöÇΓöÇΓöÇΓöÇΓöÇΓöÇΓöÇΓöÇΓöÇΓöÇΓöÇΓöÇΓöÇΓöÇΓöÇΓöÇ
    test-results\responsive-admin-routes-x-viewports-admin-shipping-delhivery-chromium\trace.zip
    Usage:

        npx playwright show-trace test-results\responsive-admin-routes-x-viewports-admin-shipping-delhivery-chromium\trace.zip

    ΓöÇΓöÇΓöÇΓöÇΓöÇΓöÇΓöÇΓöÇΓöÇΓöÇΓöÇΓöÇΓöÇΓöÇΓöÇΓöÇΓöÇΓöÇΓöÇΓöÇΓöÇΓöÇΓöÇΓöÇΓöÇΓöÇΓöÇΓöÇΓöÇΓöÇΓöÇΓöÇΓöÇΓöÇΓöÇΓöÇΓöÇΓöÇΓöÇΓöÇΓöÇΓöÇΓöÇΓöÇΓöÇΓöÇΓöÇΓöÇΓöÇΓöÇΓöÇΓöÇΓöÇΓöÇΓöÇΓöÇΓöÇΓöÇΓöÇΓöÇΓöÇΓöÇΓöÇΓöÇΓöÇΓöÇΓöÇΓöÇΓöÇΓöÇΓöÇΓöÇΓöÇΓöÇΓöÇΓöÇΓöÇΓöÇΓöÇΓöÇΓöÇΓöÇΓöÇΓöÇΓöÇΓöÇΓöÇΓöÇΓöÇΓöÇΓöÇΓöÇΓöÇΓöÇΓöÇΓöÇ

  159) [chromium] ΓÇ║ e2e\responsive.spec.mjs:19:5 ΓÇ║ admin routes x viewports ΓÇ║ /admin/shipping/delhivery-serviceability 

    Error: /admin/shipping/delhivery-serviceability
    @1600px:
      - navigation failed: page.goto: net::ERR_CONNECTION_REFUSED at http://localhost:3058/admin/shipping/delhivery-serviceability
    @1200px:
      - navigation failed: page.goto: net::ERR_CONNECTION_REFUSED at http://localhost:3058/admin/shipping/delhivery-serviceability
    @768px:
      - navigation failed: page.goto: net::ERR_CONNECTION_REFUSED at http://localhost:3058/admin/shipping/delhivery-serviceability
    @480px:
      - navigation failed: page.goto: net::ERR_CONNECTION_REFUSED at http://localhost:3058/admin/shipping/delhivery-serviceability
    @375px:
      - navigation failed: page.goto: net::ERR_CONNECTION_REFUSED at http://localhost:3058/admin/shipping/delhivery-serviceability

    expect(received).toEqual(expected) // deep equality

    - Expected  -  1
    + Received  + 12

    - Array []
    + Array [
    +   "@1600px:
    +   - navigation failed: page.goto: net::ERR_CONNECTION_REFUSED at http://localhost:3058/admin/shipping/delhivery-serviceability",
    +   "@1200px:
    +   - navigation failed: page.goto: net::ERR_CONNECTION_REFUSED at http://localhost:3058/admin/shipping/delhivery-serviceability",
    +   "@768px:
    +   - navigation failed: page.goto: net::ERR_CONNECTION_REFUSED at http://localhost:3058/admin/shipping/delhivery-serviceability",
    +   "@480px:
    +   - navigation failed: page.goto: net::ERR_CONNECTION_REFUSED at http://localhost:3058/admin/shipping/delhivery-serviceability",
    +   "@375px:
    +   - navigation failed: page.goto: net::ERR_CONNECTION_REFUSED at http://localhost:3058/admin/shipping/delhivery-serviceability",
    + ]

      12 |   await testInfo.attach("matrix", { body: JSON.stringify({ route, url, results }), contentType: "application/json" });
      13 |   const failed = results.filter((r) => r.issues.length).map((r) => `@${r.viewport}px:\n  - ${r.issues.join("\n  - ")}`);
    > 14 |   expect(failed, `${url}\n${failed.join("\n")}`).toEqual([]);
         |                                                  ^
      15 | }
      16 |
      17 | test.describe("admin routes x viewports", () => {
        at runMatrix (C:\Users\priyank\Desktop\Development\BharatAgrolink-admin\e2e\responsive.spec.mjs:14:50)
        at C:\Users\priyank\Desktop\Development\BharatAgrolink-admin\e2e\responsive.spec.mjs:20:7

    attachment #7: screenshot (image/png) ΓöÇΓöÇΓöÇΓöÇΓöÇΓöÇΓöÇΓöÇΓöÇΓöÇΓöÇΓöÇΓöÇΓöÇΓöÇΓöÇΓöÇΓöÇΓöÇΓöÇΓöÇΓöÇΓöÇΓöÇΓöÇΓöÇΓöÇΓöÇΓöÇΓöÇΓöÇΓöÇΓöÇΓöÇΓöÇΓöÇΓöÇΓöÇΓöÇΓöÇΓöÇΓöÇΓöÇΓöÇΓöÇΓöÇΓöÇΓöÇΓöÇΓöÇΓöÇΓöÇΓöÇΓöÇΓöÇΓöÇΓöÇΓöÇ
    test-results\responsive-admin-routes-x--743ec-ng-delhivery-serviceability-chromium\test-failed-1.png
    ΓöÇΓöÇΓöÇΓöÇΓöÇΓöÇΓöÇΓöÇΓöÇΓöÇΓöÇΓöÇΓöÇΓöÇΓöÇΓöÇΓöÇΓöÇΓöÇΓöÇΓöÇΓöÇΓöÇΓöÇΓöÇΓöÇΓöÇΓöÇΓöÇΓöÇΓöÇΓöÇΓöÇΓöÇΓöÇΓöÇΓöÇΓöÇΓöÇΓöÇΓöÇΓöÇΓöÇΓöÇΓöÇΓöÇΓöÇΓöÇΓöÇΓöÇΓöÇΓöÇΓöÇΓöÇΓöÇΓöÇΓöÇΓöÇΓöÇΓöÇΓöÇΓöÇΓöÇΓöÇΓöÇΓöÇΓöÇΓöÇΓöÇΓöÇΓöÇΓöÇΓöÇΓöÇΓöÇΓöÇΓöÇΓöÇΓöÇΓöÇΓöÇΓöÇΓöÇΓöÇΓöÇΓöÇΓöÇΓöÇΓöÇΓöÇΓöÇΓöÇΓöÇΓöÇΓöÇΓöÇ

    Error Context: test-results\responsive-admin-routes-x--743ec-ng-delhivery-serviceability-chromium\error-context.md

    attachment #9: trace (application/zip) ΓöÇΓöÇΓöÇΓöÇΓöÇΓöÇΓöÇΓöÇΓöÇΓöÇΓöÇΓöÇΓöÇΓöÇΓöÇΓöÇΓöÇΓöÇΓöÇΓöÇΓöÇΓöÇΓöÇΓöÇΓöÇΓöÇΓöÇΓöÇΓöÇΓöÇΓöÇΓöÇΓöÇΓöÇΓöÇΓöÇΓöÇΓöÇΓöÇΓöÇΓöÇΓöÇΓöÇΓöÇΓöÇΓöÇΓöÇΓöÇΓöÇΓöÇΓöÇΓöÇΓöÇΓöÇΓöÇΓöÇΓöÇ
    test-results\responsive-admin-routes-x--743ec-ng-delhivery-serviceability-chromium\trace.zip
    Usage:

        npx playwright show-trace test-results\responsive-admin-routes-x--743ec-ng-delhivery-serviceability-chromium\trace.zip

    ΓöÇΓöÇΓöÇΓöÇΓöÇΓöÇΓöÇΓöÇΓöÇΓöÇΓöÇΓöÇΓöÇΓöÇΓöÇΓöÇΓöÇΓöÇΓöÇΓöÇΓöÇΓöÇΓöÇΓöÇΓöÇΓöÇΓöÇΓöÇΓöÇΓöÇΓöÇΓöÇΓöÇΓöÇΓöÇΓöÇΓöÇΓöÇΓöÇΓöÇΓöÇΓöÇΓöÇΓöÇΓöÇΓöÇΓöÇΓöÇΓöÇΓöÇΓöÇΓöÇΓöÇΓöÇΓöÇΓöÇΓöÇΓöÇΓöÇΓöÇΓöÇΓöÇΓöÇΓöÇΓöÇΓöÇΓöÇΓöÇΓöÇΓöÇΓöÇΓöÇΓöÇΓöÇΓöÇΓöÇΓöÇΓöÇΓöÇΓöÇΓöÇΓöÇΓöÇΓöÇΓöÇΓöÇΓöÇΓöÇΓöÇΓöÇΓöÇΓöÇΓöÇΓöÇΓöÇΓöÇ

  160) [chromium] ΓÇ║ e2e\responsive.spec.mjs:19:5 ΓÇ║ admin routes x viewports ΓÇ║ /admin/shipping/minimums 

    Error: /admin/shipping/minimums
    @1600px:
      - navigation failed: page.goto: net::ERR_CONNECTION_REFUSED at http://localhost:3058/admin/shipping/minimums
    @1200px:
      - navigation failed: page.goto: net::ERR_CONNECTION_REFUSED at http://localhost:3058/admin/shipping/minimums
    @768px:
      - navigation failed: page.goto: net::ERR_CONNECTION_REFUSED at http://localhost:3058/admin/shipping/minimums
    @480px:
      - navigation failed: page.goto: net::ERR_CONNECTION_REFUSED at http://localhost:3058/admin/shipping/minimums
    @375px:
      - navigation failed: page.goto: net::ERR_CONNECTION_REFUSED at http://localhost:3058/admin/shipping/minimums

    expect(received).toEqual(expected) // deep equality

    - Expected  -  1
    + Received  + 12

    - Array []
    + Array [
    +   "@1600px:
    +   - navigation failed: page.goto: net::ERR_CONNECTION_REFUSED at http://localhost:3058/admin/shipping/minimums",
    +   "@1200px:
    +   - navigation failed: page.goto: net::ERR_CONNECTION_REFUSED at http://localhost:3058/admin/shipping/minimums",
    +   "@768px:
    +   - navigation failed: page.goto: net::ERR_CONNECTION_REFUSED at http://localhost:3058/admin/shipping/minimums",
    +   "@480px:
    +   - navigation failed: page.goto: net::ERR_CONNECTION_REFUSED at http://localhost:3058/admin/shipping/minimums",
    +   "@375px:
    +   - navigation failed: page.goto: net::ERR_CONNECTION_REFUSED at http://localhost:3058/admin/shipping/minimums",
    + ]

      12 |   await testInfo.attach("matrix", { body: JSON.stringify({ route, url, results }), contentType: "application/json" });
      13 |   const failed = results.filter((r) => r.issues.length).map((r) => `@${r.viewport}px:\n  - ${r.issues.join("\n  - ")}`);
    > 14 |   expect(failed, `${url}\n${failed.join("\n")}`).toEqual([]);
         |                                                  ^
      15 | }
      16 |
      17 | test.describe("admin routes x viewports", () => {
        at runMatrix (C:\Users\priyank\Desktop\Development\BharatAgrolink-admin\e2e\responsive.spec.mjs:14:50)
        at C:\Users\priyank\Desktop\Development\BharatAgrolink-admin\e2e\responsive.spec.mjs:20:7

    attachment #7: screenshot (image/png) ΓöÇΓöÇΓöÇΓöÇΓöÇΓöÇΓöÇΓöÇΓöÇΓöÇΓöÇΓöÇΓöÇΓöÇΓöÇΓöÇΓöÇΓöÇΓöÇΓöÇΓöÇΓöÇΓöÇΓöÇΓöÇΓöÇΓöÇΓöÇΓöÇΓöÇΓöÇΓöÇΓöÇΓöÇΓöÇΓöÇΓöÇΓöÇΓöÇΓöÇΓöÇΓöÇΓöÇΓöÇΓöÇΓöÇΓöÇΓöÇΓöÇΓöÇΓöÇΓöÇΓöÇΓöÇΓöÇΓöÇΓöÇΓöÇ
    test-results\responsive-admin-routes-x-viewports-admin-shipping-minimums-chromium\test-failed-1.png
    ΓöÇΓöÇΓöÇΓöÇΓöÇΓöÇΓöÇΓöÇΓöÇΓöÇΓöÇΓöÇΓöÇΓöÇΓöÇΓöÇΓöÇΓöÇΓöÇΓöÇΓöÇΓöÇΓöÇΓöÇΓöÇΓöÇΓöÇΓöÇΓöÇΓöÇΓöÇΓöÇΓöÇΓöÇΓöÇΓöÇΓöÇΓöÇΓöÇΓöÇΓöÇΓöÇΓöÇΓöÇΓöÇΓöÇΓöÇΓöÇΓöÇΓöÇΓöÇΓöÇΓöÇΓöÇΓöÇΓöÇΓöÇΓöÇΓöÇΓöÇΓöÇΓöÇΓöÇΓöÇΓöÇΓöÇΓöÇΓöÇΓöÇΓöÇΓöÇΓöÇΓöÇΓöÇΓöÇΓöÇΓöÇΓöÇΓöÇΓöÇΓöÇΓöÇΓöÇΓöÇΓöÇΓöÇΓöÇΓöÇΓöÇΓöÇΓöÇΓöÇΓöÇΓöÇΓöÇΓöÇ

    Error Context: test-results\responsive-admin-routes-x-viewports-admin-shipping-minimums-chromium\error-context.md

    attachment #9: trace (application/zip) ΓöÇΓöÇΓöÇΓöÇΓöÇΓöÇΓöÇΓöÇΓöÇΓöÇΓöÇΓöÇΓöÇΓöÇΓöÇΓöÇΓöÇΓöÇΓöÇΓöÇΓöÇΓöÇΓöÇΓöÇΓöÇΓöÇΓöÇΓöÇΓöÇΓöÇΓöÇΓöÇΓöÇΓöÇΓöÇΓöÇΓöÇΓöÇΓöÇΓöÇΓöÇΓöÇΓöÇΓöÇΓöÇΓöÇΓöÇΓöÇΓöÇΓöÇΓöÇΓöÇΓöÇΓöÇΓöÇΓöÇΓöÇ
    test-results\responsive-admin-routes-x-viewports-admin-shipping-minimums-chromium\trace.zip
    Usage:

        npx playwright show-trace test-results\responsive-admin-routes-x-viewports-admin-shipping-minimums-chromium\trace.zip

    ΓöÇΓöÇΓöÇΓöÇΓöÇΓöÇΓöÇΓöÇΓöÇΓöÇΓöÇΓöÇΓöÇΓöÇΓöÇΓöÇΓöÇΓöÇΓöÇΓöÇΓöÇΓöÇΓöÇΓöÇΓöÇΓöÇΓöÇΓöÇΓöÇΓöÇΓöÇΓöÇΓöÇΓöÇΓöÇΓöÇΓöÇΓöÇΓöÇΓöÇΓöÇΓöÇΓöÇΓöÇΓöÇΓöÇΓöÇΓöÇΓöÇΓöÇΓöÇΓöÇΓöÇΓöÇΓöÇΓöÇΓöÇΓöÇΓöÇΓöÇΓöÇΓöÇΓöÇΓöÇΓöÇΓöÇΓöÇΓöÇΓöÇΓöÇΓöÇΓöÇΓöÇΓöÇΓöÇΓöÇΓöÇΓöÇΓöÇΓöÇΓöÇΓöÇΓöÇΓöÇΓöÇΓöÇΓöÇΓöÇΓöÇΓöÇΓöÇΓöÇΓöÇΓöÇΓöÇΓöÇ

  161) [chromium] ΓÇ║ e2e\responsive.spec.mjs:19:5 ΓÇ║ admin routes x viewports ΓÇ║ /admin/shipping/other-charges 

    Error: /admin/shipping/other-charges
    @1600px:
      - navigation failed: page.goto: net::ERR_CONNECTION_REFUSED at http://localhost:3058/admin/shipping/other-charges
    @1200px:
      - navigation failed: page.goto: net::ERR_CONNECTION_REFUSED at http://localhost:3058/admin/shipping/other-charges
    @768px:
      - navigation failed: page.goto: net::ERR_CONNECTION_REFUSED at http://localhost:3058/admin/shipping/other-charges
    @480px:
      - navigation failed: page.goto: net::ERR_CONNECTION_REFUSED at http://localhost:3058/admin/shipping/other-charges
    @375px:
      - navigation failed: page.goto: net::ERR_CONNECTION_REFUSED at http://localhost:3058/admin/shipping/other-charges

    expect(received).toEqual(expected) // deep equality

    - Expected  -  1
    + Received  + 12

    - Array []
    + Array [
    +   "@1600px:
    +   - navigation failed: page.goto: net::ERR_CONNECTION_REFUSED at http://localhost:3058/admin/shipping/other-charges",
    +   "@1200px:
    +   - navigation failed: page.goto: net::ERR_CONNECTION_REFUSED at http://localhost:3058/admin/shipping/other-charges",
    +   "@768px:
    +   - navigation failed: page.goto: net::ERR_CONNECTION_REFUSED at http://localhost:3058/admin/shipping/other-charges",
    +   "@480px:
    +   - navigation failed: page.goto: net::ERR_CONNECTION_REFUSED at http://localhost:3058/admin/shipping/other-charges",
    +   "@375px:
    +   - navigation failed: page.goto: net::ERR_CONNECTION_REFUSED at http://localhost:3058/admin/shipping/other-charges",
    + ]

      12 |   await testInfo.attach("matrix", { body: JSON.stringify({ route, url, results }), contentType: "application/json" });
      13 |   const failed = results.filter((r) => r.issues.length).map((r) => `@${r.viewport}px:\n  - ${r.issues.join("\n  - ")}`);
    > 14 |   expect(failed, `${url}\n${failed.join("\n")}`).toEqual([]);
         |                                                  ^
      15 | }
      16 |
      17 | test.describe("admin routes x viewports", () => {
        at runMatrix (C:\Users\priyank\Desktop\Development\BharatAgrolink-admin\e2e\responsive.spec.mjs:14:50)
        at C:\Users\priyank\Desktop\Development\BharatAgrolink-admin\e2e\responsive.spec.mjs:20:7

    attachment #7: screenshot (image/png) ΓöÇΓöÇΓöÇΓöÇΓöÇΓöÇΓöÇΓöÇΓöÇΓöÇΓöÇΓöÇΓöÇΓöÇΓöÇΓöÇΓöÇΓöÇΓöÇΓöÇΓöÇΓöÇΓöÇΓöÇΓöÇΓöÇΓöÇΓöÇΓöÇΓöÇΓöÇΓöÇΓöÇΓöÇΓöÇΓöÇΓöÇΓöÇΓöÇΓöÇΓöÇΓöÇΓöÇΓöÇΓöÇΓöÇΓöÇΓöÇΓöÇΓöÇΓöÇΓöÇΓöÇΓöÇΓöÇΓöÇΓöÇΓöÇ
    test-results\responsive-admin-routes-x--972fc-dmin-shipping-other-charges-chromium\test-failed-1.png
    ΓöÇΓöÇΓöÇΓöÇΓöÇΓöÇΓöÇΓöÇΓöÇΓöÇΓöÇΓöÇΓöÇΓöÇΓöÇΓöÇΓöÇΓöÇΓöÇΓöÇΓöÇΓöÇΓöÇΓöÇΓöÇΓöÇΓöÇΓöÇΓöÇΓöÇΓöÇΓöÇΓöÇΓöÇΓöÇΓöÇΓöÇΓöÇΓöÇΓöÇΓöÇΓöÇΓöÇΓöÇΓöÇΓöÇΓöÇΓöÇΓöÇΓöÇΓöÇΓöÇΓöÇΓöÇΓöÇΓöÇΓöÇΓöÇΓöÇΓöÇΓöÇΓöÇΓöÇΓöÇΓöÇΓöÇΓöÇΓöÇΓöÇΓöÇΓöÇΓöÇΓöÇΓöÇΓöÇΓöÇΓöÇΓöÇΓöÇΓöÇΓöÇΓöÇΓöÇΓöÇΓöÇΓöÇΓöÇΓöÇΓöÇΓöÇΓöÇΓöÇΓöÇΓöÇΓöÇΓöÇ

    Error Context: test-results\responsive-admin-routes-x--972fc-dmin-shipping-other-charges-chromium\error-context.md

    attachment #9: trace (application/zip) ΓöÇΓöÇΓöÇΓöÇΓöÇΓöÇΓöÇΓöÇΓöÇΓöÇΓöÇΓöÇΓöÇΓöÇΓöÇΓöÇΓöÇΓöÇΓöÇΓöÇΓöÇΓöÇΓöÇΓöÇΓöÇΓöÇΓöÇΓöÇΓöÇΓöÇΓöÇΓöÇΓöÇΓöÇΓöÇΓöÇΓöÇΓöÇΓöÇΓöÇΓöÇΓöÇΓöÇΓöÇΓöÇΓöÇΓöÇΓöÇΓöÇΓöÇΓöÇΓöÇΓöÇΓöÇΓöÇΓöÇΓöÇ
    test-results\responsive-admin-routes-x--972fc-dmin-shipping-other-charges-chromium\trace.zip
    Usage:

        npx playwright show-trace test-results\responsive-admin-routes-x--972fc-dmin-shipping-other-charges-chromium\trace.zip

    ΓöÇΓöÇΓöÇΓöÇΓöÇΓöÇΓöÇΓöÇΓöÇΓöÇΓöÇΓöÇΓöÇΓöÇΓöÇΓöÇΓöÇΓöÇΓöÇΓöÇΓöÇΓöÇΓöÇΓöÇΓöÇΓöÇΓöÇΓöÇΓöÇΓöÇΓöÇΓöÇΓöÇΓöÇΓöÇΓöÇΓöÇΓöÇΓöÇΓöÇΓöÇΓöÇΓöÇΓöÇΓöÇΓöÇΓöÇΓöÇΓöÇΓöÇΓöÇΓöÇΓöÇΓöÇΓöÇΓöÇΓöÇΓöÇΓöÇΓöÇΓöÇΓöÇΓöÇΓöÇΓöÇΓöÇΓöÇΓöÇΓöÇΓöÇΓöÇΓöÇΓöÇΓöÇΓöÇΓöÇΓöÇΓöÇΓöÇΓöÇΓöÇΓöÇΓöÇΓöÇΓöÇΓöÇΓöÇΓöÇΓöÇΓöÇΓöÇΓöÇΓöÇΓöÇΓöÇΓöÇ

  162) [chromium] ΓÇ║ e2e\responsive.spec.mjs:19:5 ΓÇ║ admin routes x viewports ΓÇ║ /admin/shipping/package-boxes 

    Error: /admin/shipping/package-boxes
    @1600px:
      - navigation failed: page.goto: net::ERR_CONNECTION_REFUSED at http://localhost:3058/admin/shipping/package-boxes
    @1200px:
      - navigation failed: page.goto: net::ERR_CONNECTION_REFUSED at http://localhost:3058/admin/shipping/package-boxes
    @768px:
      - navigation failed: page.goto: net::ERR_CONNECTION_REFUSED at http://localhost:3058/admin/shipping/package-boxes
    @480px:
      - navigation failed: page.goto: net::ERR_CONNECTION_REFUSED at http://localhost:3058/admin/shipping/package-boxes
    @375px:
      - navigation failed: page.goto: net::ERR_CONNECTION_REFUSED at http://localhost:3058/admin/shipping/package-boxes

    expect(received).toEqual(expected) // deep equality

    - Expected  -  1
    + Received  + 12

    - Array []
    + Array [
    +   "@1600px:
    +   - navigation failed: page.goto: net::ERR_CONNECTION_REFUSED at http://localhost:3058/admin/shipping/package-boxes",
    +   "@1200px:
    +   - navigation failed: page.goto: net::ERR_CONNECTION_REFUSED at http://localhost:3058/admin/shipping/package-boxes",
    +   "@768px:
    +   - navigation failed: page.goto: net::ERR_CONNECTION_REFUSED at http://localhost:3058/admin/shipping/package-boxes",
    +   "@480px:
    +   - navigation failed: page.goto: net::ERR_CONNECTION_REFUSED at http://localhost:3058/admin/shipping/package-boxes",
    +   "@375px:
    +   - navigation failed: page.goto: net::ERR_CONNECTION_REFUSED at http://localhost:3058/admin/shipping/package-boxes",
    + ]

      12 |   await testInfo.attach("matrix", { body: JSON.stringify({ route, url, results }), contentType: "application/json" });
      13 |   const failed = results.filter((r) => r.issues.length).map((r) => `@${r.viewport}px:\n  - ${r.issues.join("\n  - ")}`);
    > 14 |   expect(failed, `${url}\n${failed.join("\n")}`).toEqual([]);
         |                                                  ^
      15 | }
      16 |
      17 | test.describe("admin routes x viewports", () => {
        at runMatrix (C:\Users\priyank\Desktop\Development\BharatAgrolink-admin\e2e\responsive.spec.mjs:14:50)
        at C:\Users\priyank\Desktop\Development\BharatAgrolink-admin\e2e\responsive.spec.mjs:20:7

    attachment #7: screenshot (image/png) ΓöÇΓöÇΓöÇΓöÇΓöÇΓöÇΓöÇΓöÇΓöÇΓöÇΓöÇΓöÇΓöÇΓöÇΓöÇΓöÇΓöÇΓöÇΓöÇΓöÇΓöÇΓöÇΓöÇΓöÇΓöÇΓöÇΓöÇΓöÇΓöÇΓöÇΓöÇΓöÇΓöÇΓöÇΓöÇΓöÇΓöÇΓöÇΓöÇΓöÇΓöÇΓöÇΓöÇΓöÇΓöÇΓöÇΓöÇΓöÇΓöÇΓöÇΓöÇΓöÇΓöÇΓöÇΓöÇΓöÇΓöÇΓöÇ
    test-results\responsive-admin-routes-x--2305b-dmin-shipping-package-boxes-chromium\test-failed-1.png
    ΓöÇΓöÇΓöÇΓöÇΓöÇΓöÇΓöÇΓöÇΓöÇΓöÇΓöÇΓöÇΓöÇΓöÇΓöÇΓöÇΓöÇΓöÇΓöÇΓöÇΓöÇΓöÇΓöÇΓöÇΓöÇΓöÇΓöÇΓöÇΓöÇΓöÇΓöÇΓöÇΓöÇΓöÇΓöÇΓöÇΓöÇΓöÇΓöÇΓöÇΓöÇΓöÇΓöÇΓöÇΓöÇΓöÇΓöÇΓöÇΓöÇΓöÇΓöÇΓöÇΓöÇΓöÇΓöÇΓöÇΓöÇΓöÇΓöÇΓöÇΓöÇΓöÇΓöÇΓöÇΓöÇΓöÇΓöÇΓöÇΓöÇΓöÇΓöÇΓöÇΓöÇΓöÇΓöÇΓöÇΓöÇΓöÇΓöÇΓöÇΓöÇΓöÇΓöÇΓöÇΓöÇΓöÇΓöÇΓöÇΓöÇΓöÇΓöÇΓöÇΓöÇΓöÇΓöÇΓöÇ

    Error Context: test-results\responsive-admin-routes-x--2305b-dmin-shipping-package-boxes-chromium\error-context.md

    attachment #9: trace (application/zip) ΓöÇΓöÇΓöÇΓöÇΓöÇΓöÇΓöÇΓöÇΓöÇΓöÇΓöÇΓöÇΓöÇΓöÇΓöÇΓöÇΓöÇΓöÇΓöÇΓöÇΓöÇΓöÇΓöÇΓöÇΓöÇΓöÇΓöÇΓöÇΓöÇΓöÇΓöÇΓöÇΓöÇΓöÇΓöÇΓöÇΓöÇΓöÇΓöÇΓöÇΓöÇΓöÇΓöÇΓöÇΓöÇΓöÇΓöÇΓöÇΓöÇΓöÇΓöÇΓöÇΓöÇΓöÇΓöÇΓöÇΓöÇ
    test-results\responsive-admin-routes-x--2305b-dmin-shipping-package-boxes-chromium\trace.zip
    Usage:

        npx playwright show-trace test-results\responsive-admin-routes-x--2305b-dmin-shipping-package-boxes-chromium\trace.zip

    ΓöÇΓöÇΓöÇΓöÇΓöÇΓöÇΓöÇΓöÇΓöÇΓöÇΓöÇΓöÇΓöÇΓöÇΓöÇΓöÇΓöÇΓöÇΓöÇΓöÇΓöÇΓöÇΓöÇΓöÇΓöÇΓöÇΓöÇΓöÇΓöÇΓöÇΓöÇΓöÇΓöÇΓöÇΓöÇΓöÇΓöÇΓöÇΓöÇΓöÇΓöÇΓöÇΓöÇΓöÇΓöÇΓöÇΓöÇΓöÇΓöÇΓöÇΓöÇΓöÇΓöÇΓöÇΓöÇΓöÇΓöÇΓöÇΓöÇΓöÇΓöÇΓöÇΓöÇΓöÇΓöÇΓöÇΓöÇΓöÇΓöÇΓöÇΓöÇΓöÇΓöÇΓöÇΓöÇΓöÇΓöÇΓöÇΓöÇΓöÇΓöÇΓöÇΓöÇΓöÇΓöÇΓöÇΓöÇΓöÇΓöÇΓöÇΓöÇΓöÇΓöÇΓöÇΓöÇΓöÇ

  163) [chromium] ΓÇ║ e2e\responsive.spec.mjs:19:5 ΓÇ║ admin routes x viewports ΓÇ║ /admin/shipping/pickup-addresses 

    Error: /admin/shipping/pickup-addresses
    @1600px:
      - navigation failed: page.goto: net::ERR_CONNECTION_REFUSED at http://localhost:3058/admin/shipping/pickup-addresses
    @1200px:
      - navigation failed: page.goto: net::ERR_CONNECTION_REFUSED at http://localhost:3058/admin/shipping/pickup-addresses
    @768px:
      - navigation failed: page.goto: net::ERR_CONNECTION_REFUSED at http://localhost:3058/admin/shipping/pickup-addresses
    @480px:
      - navigation failed: page.goto: net::ERR_CONNECTION_REFUSED at http://localhost:3058/admin/shipping/pickup-addresses
    @375px:
      - navigation failed: page.goto: net::ERR_CONNECTION_REFUSED at http://localhost:3058/admin/shipping/pickup-addresses

    expect(received).toEqual(expected) // deep equality

    - Expected  -  1
    + Received  + 12

    - Array []
    + Array [
    +   "@1600px:
    +   - navigation failed: page.goto: net::ERR_CONNECTION_REFUSED at http://localhost:3058/admin/shipping/pickup-addresses",
    +   "@1200px:
    +   - navigation failed: page.goto: net::ERR_CONNECTION_REFUSED at http://localhost:3058/admin/shipping/pickup-addresses",
    +   "@768px:
    +   - navigation failed: page.goto: net::ERR_CONNECTION_REFUSED at http://localhost:3058/admin/shipping/pickup-addresses",
    +   "@480px:
    +   - navigation failed: page.goto: net::ERR_CONNECTION_REFUSED at http://localhost:3058/admin/shipping/pickup-addresses",
    +   "@375px:
    +   - navigation failed: page.goto: net::ERR_CONNECTION_REFUSED at http://localhost:3058/admin/shipping/pickup-addresses",
    + ]

      12 |   await testInfo.attach("matrix", { body: JSON.stringify({ route, url, results }), contentType: "application/json" });
      13 |   const failed = results.filter((r) => r.issues.length).map((r) => `@${r.viewport}px:\n  - ${r.issues.join("\n  - ")}`);
    > 14 |   expect(failed, `${url}\n${failed.join("\n")}`).toEqual([]);
         |                                                  ^
      15 | }
      16 |
      17 | test.describe("admin routes x viewports", () => {
        at runMatrix (C:\Users\priyank\Desktop\Development\BharatAgrolink-admin\e2e\responsive.spec.mjs:14:50)
        at C:\Users\priyank\Desktop\Development\BharatAgrolink-admin\e2e\responsive.spec.mjs:20:7

    attachment #7: screenshot (image/png) ΓöÇΓöÇΓöÇΓöÇΓöÇΓöÇΓöÇΓöÇΓöÇΓöÇΓöÇΓöÇΓöÇΓöÇΓöÇΓöÇΓöÇΓöÇΓöÇΓöÇΓöÇΓöÇΓöÇΓöÇΓöÇΓöÇΓöÇΓöÇΓöÇΓöÇΓöÇΓöÇΓöÇΓöÇΓöÇΓöÇΓöÇΓöÇΓöÇΓöÇΓöÇΓöÇΓöÇΓöÇΓöÇΓöÇΓöÇΓöÇΓöÇΓöÇΓöÇΓöÇΓöÇΓöÇΓöÇΓöÇΓöÇΓöÇ
    test-results\responsive-admin-routes-x--0bb9c-n-shipping-pickup-addresses-chromium\test-failed-1.png
    ΓöÇΓöÇΓöÇΓöÇΓöÇΓöÇΓöÇΓöÇΓöÇΓöÇΓöÇΓöÇΓöÇΓöÇΓöÇΓöÇΓöÇΓöÇΓöÇΓöÇΓöÇΓöÇΓöÇΓöÇΓöÇΓöÇΓöÇΓöÇΓöÇΓöÇΓöÇΓöÇΓöÇΓöÇΓöÇΓöÇΓöÇΓöÇΓöÇΓöÇΓöÇΓöÇΓöÇΓöÇΓöÇΓöÇΓöÇΓöÇΓöÇΓöÇΓöÇΓöÇΓöÇΓöÇΓöÇΓöÇΓöÇΓöÇΓöÇΓöÇΓöÇΓöÇΓöÇΓöÇΓöÇΓöÇΓöÇΓöÇΓöÇΓöÇΓöÇΓöÇΓöÇΓöÇΓöÇΓöÇΓöÇΓöÇΓöÇΓöÇΓöÇΓöÇΓöÇΓöÇΓöÇΓöÇΓöÇΓöÇΓöÇΓöÇΓöÇΓöÇΓöÇΓöÇΓöÇΓöÇ

    Error Context: test-results\responsive-admin-routes-x--0bb9c-n-shipping-pickup-addresses-chromium\error-context.md

    attachment #9: trace (application/zip) ΓöÇΓöÇΓöÇΓöÇΓöÇΓöÇΓöÇΓöÇΓöÇΓöÇΓöÇΓöÇΓöÇΓöÇΓöÇΓöÇΓöÇΓöÇΓöÇΓöÇΓöÇΓöÇΓöÇΓöÇΓöÇΓöÇΓöÇΓöÇΓöÇΓöÇΓöÇΓöÇΓöÇΓöÇΓöÇΓöÇΓöÇΓöÇΓöÇΓöÇΓöÇΓöÇΓöÇΓöÇΓöÇΓöÇΓöÇΓöÇΓöÇΓöÇΓöÇΓöÇΓöÇΓöÇΓöÇΓöÇΓöÇ
    test-results\responsive-admin-routes-x--0bb9c-n-shipping-pickup-addresses-chromium\trace.zip
    Usage:

        npx playwright show-trace test-results\responsive-admin-routes-x--0bb9c-n-shipping-pickup-addresses-chromium\trace.zip

    ΓöÇΓöÇΓöÇΓöÇΓöÇΓöÇΓöÇΓöÇΓöÇΓöÇΓöÇΓöÇΓöÇΓöÇΓöÇΓöÇΓöÇΓöÇΓöÇΓöÇΓöÇΓöÇΓöÇΓöÇΓöÇΓöÇΓöÇΓöÇΓöÇΓöÇΓöÇΓöÇΓöÇΓöÇΓöÇΓöÇΓöÇΓöÇΓöÇΓöÇΓöÇΓöÇΓöÇΓöÇΓöÇΓöÇΓöÇΓöÇΓöÇΓöÇΓöÇΓöÇΓöÇΓöÇΓöÇΓöÇΓöÇΓöÇΓöÇΓöÇΓöÇΓöÇΓöÇΓöÇΓöÇΓöÇΓöÇΓöÇΓöÇΓöÇΓöÇΓöÇΓöÇΓöÇΓöÇΓöÇΓöÇΓöÇΓöÇΓöÇΓöÇΓöÇΓöÇΓöÇΓöÇΓöÇΓöÇΓöÇΓöÇΓöÇΓöÇΓöÇΓöÇΓöÇΓöÇΓöÇ

  164) [chromium] ΓÇ║ e2e\responsive.spec.mjs:19:5 ΓÇ║ admin routes x viewports ΓÇ║ /admin/shipping/pickup-requests 

    Error: /admin/shipping/pickup-requests
    @1600px:
      - navigation failed: page.goto: net::ERR_CONNECTION_REFUSED at http://localhost:3058/admin/shipping/pickup-requests
    @1200px:
      - navigation failed: page.goto: net::ERR_CONNECTION_REFUSED at http://localhost:3058/admin/shipping/pickup-requests
    @768px:
      - navigation failed: page.goto: net::ERR_CONNECTION_REFUSED at http://localhost:3058/admin/shipping/pickup-requests
    @480px:
      - navigation failed: page.goto: net::ERR_CONNECTION_REFUSED at http://localhost:3058/admin/shipping/pickup-requests
    @375px:
      - navigation failed: page.goto: net::ERR_CONNECTION_REFUSED at http://localhost:3058/admin/shipping/pickup-requests

    expect(received).toEqual(expected) // deep equality

    - Expected  -  1
    + Received  + 12

    - Array []
    + Array [
    +   "@1600px:
    +   - navigation failed: page.goto: net::ERR_CONNECTION_REFUSED at http://localhost:3058/admin/shipping/pickup-requests",
    +   "@1200px:
    +   - navigation failed: page.goto: net::ERR_CONNECTION_REFUSED at http://localhost:3058/admin/shipping/pickup-requests",
    +   "@768px:
    +   - navigation failed: page.goto: net::ERR_CONNECTION_REFUSED at http://localhost:3058/admin/shipping/pickup-requests",
    +   "@480px:
    +   - navigation failed: page.goto: net::ERR_CONNECTION_REFUSED at http://localhost:3058/admin/shipping/pickup-requests",
    +   "@375px:
    +   - navigation failed: page.goto: net::ERR_CONNECTION_REFUSED at http://localhost:3058/admin/shipping/pickup-requests",
    + ]

      12 |   await testInfo.attach("matrix", { body: JSON.stringify({ route, url, results }), contentType: "application/json" });
      13 |   const failed = results.filter((r) => r.issues.length).map((r) => `@${r.viewport}px:\n  - ${r.issues.join("\n  - ")}`);
    > 14 |   expect(failed, `${url}\n${failed.join("\n")}`).toEqual([]);
         |                                                  ^
      15 | }
      16 |
      17 | test.describe("admin routes x viewports", () => {
        at runMatrix (C:\Users\priyank\Desktop\Development\BharatAgrolink-admin\e2e\responsive.spec.mjs:14:50)
        at C:\Users\priyank\Desktop\Development\BharatAgrolink-admin\e2e\responsive.spec.mjs:20:7

    attachment #7: screenshot (image/png) ΓöÇΓöÇΓöÇΓöÇΓöÇΓöÇΓöÇΓöÇΓöÇΓöÇΓöÇΓöÇΓöÇΓöÇΓöÇΓöÇΓöÇΓöÇΓöÇΓöÇΓöÇΓöÇΓöÇΓöÇΓöÇΓöÇΓöÇΓöÇΓöÇΓöÇΓöÇΓöÇΓöÇΓöÇΓöÇΓöÇΓöÇΓöÇΓöÇΓöÇΓöÇΓöÇΓöÇΓöÇΓöÇΓöÇΓöÇΓöÇΓöÇΓöÇΓöÇΓöÇΓöÇΓöÇΓöÇΓöÇΓöÇΓöÇ
    test-results\responsive-admin-routes-x--2cab7-in-shipping-pickup-requests-chromium\test-failed-1.png
    ΓöÇΓöÇΓöÇΓöÇΓöÇΓöÇΓöÇΓöÇΓöÇΓöÇΓöÇΓöÇΓöÇΓöÇΓöÇΓöÇΓöÇΓöÇΓöÇΓöÇΓöÇΓöÇΓöÇΓöÇΓöÇΓöÇΓöÇΓöÇΓöÇΓöÇΓöÇΓöÇΓöÇΓöÇΓöÇΓöÇΓöÇΓöÇΓöÇΓöÇΓöÇΓöÇΓöÇΓöÇΓöÇΓöÇΓöÇΓöÇΓöÇΓöÇΓöÇΓöÇΓöÇΓöÇΓöÇΓöÇΓöÇΓöÇΓöÇΓöÇΓöÇΓöÇΓöÇΓöÇΓöÇΓöÇΓöÇΓöÇΓöÇΓöÇΓöÇΓöÇΓöÇΓöÇΓöÇΓöÇΓöÇΓöÇΓöÇΓöÇΓöÇΓöÇΓöÇΓöÇΓöÇΓöÇΓöÇΓöÇΓöÇΓöÇΓöÇΓöÇΓöÇΓöÇΓöÇΓöÇ

    Error Context: test-results\responsive-admin-routes-x--2cab7-in-shipping-pickup-requests-chromium\error-context.md

    attachment #9: trace (application/zip) ΓöÇΓöÇΓöÇΓöÇΓöÇΓöÇΓöÇΓöÇΓöÇΓöÇΓöÇΓöÇΓöÇΓöÇΓöÇΓöÇΓöÇΓöÇΓöÇΓöÇΓöÇΓöÇΓöÇΓöÇΓöÇΓöÇΓöÇΓöÇΓöÇΓöÇΓöÇΓöÇΓöÇΓöÇΓöÇΓöÇΓöÇΓöÇΓöÇΓöÇΓöÇΓöÇΓöÇΓöÇΓöÇΓöÇΓöÇΓöÇΓöÇΓöÇΓöÇΓöÇΓöÇΓöÇΓöÇΓöÇΓöÇ
    test-results\responsive-admin-routes-x--2cab7-in-shipping-pickup-requests-chromium\trace.zip
    Usage:

        npx playwright show-trace test-results\responsive-admin-routes-x--2cab7-in-shipping-pickup-requests-chromium\trace.zip

    ΓöÇΓöÇΓöÇΓöÇΓöÇΓöÇΓöÇΓöÇΓöÇΓöÇΓöÇΓöÇΓöÇΓöÇΓöÇΓöÇΓöÇΓöÇΓöÇΓöÇΓöÇΓöÇΓöÇΓöÇΓöÇΓöÇΓöÇΓöÇΓöÇΓöÇΓöÇΓöÇΓöÇΓöÇΓöÇΓöÇΓöÇΓöÇΓöÇΓöÇΓöÇΓöÇΓöÇΓöÇΓöÇΓöÇΓöÇΓöÇΓöÇΓöÇΓöÇΓöÇΓöÇΓöÇΓöÇΓöÇΓöÇΓöÇΓöÇΓöÇΓöÇΓöÇΓöÇΓöÇΓöÇΓöÇΓöÇΓöÇΓöÇΓöÇΓöÇΓöÇΓöÇΓöÇΓöÇΓöÇΓöÇΓöÇΓöÇΓöÇΓöÇΓöÇΓöÇΓöÇΓöÇΓöÇΓöÇΓöÇΓöÇΓöÇΓöÇΓöÇΓöÇΓöÇΓöÇΓöÇ

  165) [chromium] ΓÇ║ e2e\responsive.spec.mjs:19:5 ΓÇ║ admin routes x viewports ΓÇ║ /admin/shipping/pincodes 

    Error: /admin/shipping/pincodes
    @1600px:
      - navigation failed: page.goto: net::ERR_CONNECTION_REFUSED at http://localhost:3058/admin/shipping/pincodes
    @1200px:
      - navigation failed: page.goto: net::ERR_CONNECTION_REFUSED at http://localhost:3058/admin/shipping/pincodes
    @768px:
      - navigation failed: page.goto: net::ERR_CONNECTION_REFUSED at http://localhost:3058/admin/shipping/pincodes
    @480px:
      - navigation failed: page.goto: net::ERR_CONNECTION_REFUSED at http://localhost:3058/admin/shipping/pincodes
    @375px:
      - navigation failed: page.goto: net::ERR_CONNECTION_REFUSED at http://localhost:3058/admin/shipping/pincodes

    expect(received).toEqual(expected) // deep equality

    - Expected  -  1
    + Received  + 12

    - Array []
    + Array [
    +   "@1600px:
    +   - navigation failed: page.goto: net::ERR_CONNECTION_REFUSED at http://localhost:3058/admin/shipping/pincodes",
    +   "@1200px:
    +   - navigation failed: page.goto: net::ERR_CONNECTION_REFUSED at http://localhost:3058/admin/shipping/pincodes",
    +   "@768px:
    +   - navigation failed: page.goto: net::ERR_CONNECTION_REFUSED at http://localhost:3058/admin/shipping/pincodes",
    +   "@480px:
    +   - navigation failed: page.goto: net::ERR_CONNECTION_REFUSED at http://localhost:3058/admin/shipping/pincodes",
    +   "@375px:
    +   - navigation failed: page.goto: net::ERR_CONNECTION_REFUSED at http://localhost:3058/admin/shipping/pincodes",
    + ]

      12 |   await testInfo.attach("matrix", { body: JSON.stringify({ route, url, results }), contentType: "application/json" });
      13 |   const failed = results.filter((r) => r.issues.length).map((r) => `@${r.viewport}px:\n  - ${r.issues.join("\n  - ")}`);
    > 14 |   expect(failed, `${url}\n${failed.join("\n")}`).toEqual([]);
         |                                                  ^
      15 | }
      16 |
      17 | test.describe("admin routes x viewports", () => {
        at runMatrix (C:\Users\priyank\Desktop\Development\BharatAgrolink-admin\e2e\responsive.spec.mjs:14:50)
        at C:\Users\priyank\Desktop\Development\BharatAgrolink-admin\e2e\responsive.spec.mjs:20:7

    attachment #7: screenshot (image/png) ΓöÇΓöÇΓöÇΓöÇΓöÇΓöÇΓöÇΓöÇΓöÇΓöÇΓöÇΓöÇΓöÇΓöÇΓöÇΓöÇΓöÇΓöÇΓöÇΓöÇΓöÇΓöÇΓöÇΓöÇΓöÇΓöÇΓöÇΓöÇΓöÇΓöÇΓöÇΓöÇΓöÇΓöÇΓöÇΓöÇΓöÇΓöÇΓöÇΓöÇΓöÇΓöÇΓöÇΓöÇΓöÇΓöÇΓöÇΓöÇΓöÇΓöÇΓöÇΓöÇΓöÇΓöÇΓöÇΓöÇΓöÇΓöÇ
    test-results\responsive-admin-routes-x-viewports-admin-shipping-pincodes-chromium\test-failed-1.png
    ΓöÇΓöÇΓöÇΓöÇΓöÇΓöÇΓöÇΓöÇΓöÇΓöÇΓöÇΓöÇΓöÇΓöÇΓöÇΓöÇΓöÇΓöÇΓöÇΓöÇΓöÇΓöÇΓöÇΓöÇΓöÇΓöÇΓöÇΓöÇΓöÇΓöÇΓöÇΓöÇΓöÇΓöÇΓöÇΓöÇΓöÇΓöÇΓöÇΓöÇΓöÇΓöÇΓöÇΓöÇΓöÇΓöÇΓöÇΓöÇΓöÇΓöÇΓöÇΓöÇΓöÇΓöÇΓöÇΓöÇΓöÇΓöÇΓöÇΓöÇΓöÇΓöÇΓöÇΓöÇΓöÇΓöÇΓöÇΓöÇΓöÇΓöÇΓöÇΓöÇΓöÇΓöÇΓöÇΓöÇΓöÇΓöÇΓöÇΓöÇΓöÇΓöÇΓöÇΓöÇΓöÇΓöÇΓöÇΓöÇΓöÇΓöÇΓöÇΓöÇΓöÇΓöÇΓöÇΓöÇ

    Error Context: test-results\responsive-admin-routes-x-viewports-admin-shipping-pincodes-chromium\error-context.md

    attachment #9: trace (application/zip) ΓöÇΓöÇΓöÇΓöÇΓöÇΓöÇΓöÇΓöÇΓöÇΓöÇΓöÇΓöÇΓöÇΓöÇΓöÇΓöÇΓöÇΓöÇΓöÇΓöÇΓöÇΓöÇΓöÇΓöÇΓöÇΓöÇΓöÇΓöÇΓöÇΓöÇΓöÇΓöÇΓöÇΓöÇΓöÇΓöÇΓöÇΓöÇΓöÇΓöÇΓöÇΓöÇΓöÇΓöÇΓöÇΓöÇΓöÇΓöÇΓöÇΓöÇΓöÇΓöÇΓöÇΓöÇΓöÇΓöÇΓöÇ
    test-results\responsive-admin-routes-x-viewports-admin-shipping-pincodes-chromium\trace.zip
    Usage:

        npx playwright show-trace test-results\responsive-admin-routes-x-viewports-admin-shipping-pincodes-chromium\trace.zip

    ΓöÇΓöÇΓöÇΓöÇΓöÇΓöÇΓöÇΓöÇΓöÇΓöÇΓöÇΓöÇΓöÇΓöÇΓöÇΓöÇΓöÇΓöÇΓöÇΓöÇΓöÇΓöÇΓöÇΓöÇΓöÇΓöÇΓöÇΓöÇΓöÇΓöÇΓöÇΓöÇΓöÇΓöÇΓöÇΓöÇΓöÇΓöÇΓöÇΓöÇΓöÇΓöÇΓöÇΓöÇΓöÇΓöÇΓöÇΓöÇΓöÇΓöÇΓöÇΓöÇΓöÇΓöÇΓöÇΓöÇΓöÇΓöÇΓöÇΓöÇΓöÇΓöÇΓöÇΓöÇΓöÇΓöÇΓöÇΓöÇΓöÇΓöÇΓöÇΓöÇΓöÇΓöÇΓöÇΓöÇΓöÇΓöÇΓöÇΓöÇΓöÇΓöÇΓöÇΓöÇΓöÇΓöÇΓöÇΓöÇΓöÇΓöÇΓöÇΓöÇΓöÇΓöÇΓöÇΓöÇ

  166) [chromium] ΓÇ║ e2e\responsive.spec.mjs:19:5 ΓÇ║ admin routes x viewports ΓÇ║ /admin/shipping/slabs 

    Error: /admin/shipping/slabs
    @1600px:
      - navigation failed: page.goto: net::ERR_CONNECTION_REFUSED at http://localhost:3058/admin/shipping/slabs
    @1200px:
      - navigation failed: page.goto: net::ERR_CONNECTION_REFUSED at http://localhost:3058/admin/shipping/slabs
    @768px:
      - navigation failed: page.goto: net::ERR_CONNECTION_REFUSED at http://localhost:3058/admin/shipping/slabs
    @480px:
      - navigation failed: page.goto: net::ERR_CONNECTION_REFUSED at http://localhost:3058/admin/shipping/slabs
    @375px:
      - navigation failed: page.goto: net::ERR_CONNECTION_REFUSED at http://localhost:3058/admin/shipping/slabs

    expect(received).toEqual(expected) // deep equality

    - Expected  -  1
    + Received  + 12

    - Array []
    + Array [
    +   "@1600px:
    +   - navigation failed: page.goto: net::ERR_CONNECTION_REFUSED at http://localhost:3058/admin/shipping/slabs",
    +   "@1200px:
    +   - navigation failed: page.goto: net::ERR_CONNECTION_REFUSED at http://localhost:3058/admin/shipping/slabs",
    +   "@768px:
    +   - navigation failed: page.goto: net::ERR_CONNECTION_REFUSED at http://localhost:3058/admin/shipping/slabs",
    +   "@480px:
    +   - navigation failed: page.goto: net::ERR_CONNECTION_REFUSED at http://localhost:3058/admin/shipping/slabs",
    +   "@375px:
    +   - navigation failed: page.goto: net::ERR_CONNECTION_REFUSED at http://localhost:3058/admin/shipping/slabs",
    + ]

      12 |   await testInfo.attach("matrix", { body: JSON.stringify({ route, url, results }), contentType: "application/json" });
      13 |   const failed = results.filter((r) => r.issues.length).map((r) => `@${r.viewport}px:\n  - ${r.issues.join("\n  - ")}`);
    > 14 |   expect(failed, `${url}\n${failed.join("\n")}`).toEqual([]);
         |                                                  ^
      15 | }
      16 |
      17 | test.describe("admin routes x viewports", () => {
        at runMatrix (C:\Users\priyank\Desktop\Development\BharatAgrolink-admin\e2e\responsive.spec.mjs:14:50)
        at C:\Users\priyank\Desktop\Development\BharatAgrolink-admin\e2e\responsive.spec.mjs:20:7

    attachment #7: screenshot (image/png) ΓöÇΓöÇΓöÇΓöÇΓöÇΓöÇΓöÇΓöÇΓöÇΓöÇΓöÇΓöÇΓöÇΓöÇΓöÇΓöÇΓöÇΓöÇΓöÇΓöÇΓöÇΓöÇΓöÇΓöÇΓöÇΓöÇΓöÇΓöÇΓöÇΓöÇΓöÇΓöÇΓöÇΓöÇΓöÇΓöÇΓöÇΓöÇΓöÇΓöÇΓöÇΓöÇΓöÇΓöÇΓöÇΓöÇΓöÇΓöÇΓöÇΓöÇΓöÇΓöÇΓöÇΓöÇΓöÇΓöÇΓöÇΓöÇ
    test-results\responsive-admin-routes-x-viewports-admin-shipping-slabs-chromium\test-failed-1.png
    ΓöÇΓöÇΓöÇΓöÇΓöÇΓöÇΓöÇΓöÇΓöÇΓöÇΓöÇΓöÇΓöÇΓöÇΓöÇΓöÇΓöÇΓöÇΓöÇΓöÇΓöÇΓöÇΓöÇΓöÇΓöÇΓöÇΓöÇΓöÇΓöÇΓöÇΓöÇΓöÇΓöÇΓöÇΓöÇΓöÇΓöÇΓöÇΓöÇΓöÇΓöÇΓöÇΓöÇΓöÇΓöÇΓöÇΓöÇΓöÇΓöÇΓöÇΓöÇΓöÇΓöÇΓöÇΓöÇΓöÇΓöÇΓöÇΓöÇΓöÇΓöÇΓöÇΓöÇΓöÇΓöÇΓöÇΓöÇΓöÇΓöÇΓöÇΓöÇΓöÇΓöÇΓöÇΓöÇΓöÇΓöÇΓöÇΓöÇΓöÇΓöÇΓöÇΓöÇΓöÇΓöÇΓöÇΓöÇΓöÇΓöÇΓöÇΓöÇΓöÇΓöÇΓöÇΓöÇΓöÇ

    Error Context: test-results\responsive-admin-routes-x-viewports-admin-shipping-slabs-chromium\error-context.md

    attachment #9: trace (application/zip) ΓöÇΓöÇΓöÇΓöÇΓöÇΓöÇΓöÇΓöÇΓöÇΓöÇΓöÇΓöÇΓöÇΓöÇΓöÇΓöÇΓöÇΓöÇΓöÇΓöÇΓöÇΓöÇΓöÇΓöÇΓöÇΓöÇΓöÇΓöÇΓöÇΓöÇΓöÇΓöÇΓöÇΓöÇΓöÇΓöÇΓöÇΓöÇΓöÇΓöÇΓöÇΓöÇΓöÇΓöÇΓöÇΓöÇΓöÇΓöÇΓöÇΓöÇΓöÇΓöÇΓöÇΓöÇΓöÇΓöÇΓöÇ
    test-results\responsive-admin-routes-x-viewports-admin-shipping-slabs-chromium\trace.zip
    Usage:

        npx playwright show-trace test-results\responsive-admin-routes-x-viewports-admin-shipping-slabs-chromium\trace.zip

    ΓöÇΓöÇΓöÇΓöÇΓöÇΓöÇΓöÇΓöÇΓöÇΓöÇΓöÇΓöÇΓöÇΓöÇΓöÇΓöÇΓöÇΓöÇΓöÇΓöÇΓöÇΓöÇΓöÇΓöÇΓöÇΓöÇΓöÇΓöÇΓöÇΓöÇΓöÇΓöÇΓöÇΓöÇΓöÇΓöÇΓöÇΓöÇΓöÇΓöÇΓöÇΓöÇΓöÇΓöÇΓöÇΓöÇΓöÇΓöÇΓöÇΓöÇΓöÇΓöÇΓöÇΓöÇΓöÇΓöÇΓöÇΓöÇΓöÇΓöÇΓöÇΓöÇΓöÇΓöÇΓöÇΓöÇΓöÇΓöÇΓöÇΓöÇΓöÇΓöÇΓöÇΓöÇΓöÇΓöÇΓöÇΓöÇΓöÇΓöÇΓöÇΓöÇΓöÇΓöÇΓöÇΓöÇΓöÇΓöÇΓöÇΓöÇΓöÇΓöÇΓöÇΓöÇΓöÇΓöÇ

  167) [chromium] ΓÇ║ e2e\responsive.spec.mjs:19:5 ΓÇ║ admin routes x viewports ΓÇ║ /admin/shipping/weight-discrepancy 

    Error: /admin/shipping/weight-discrepancy
    @1600px:
      - navigation failed: page.goto: net::ERR_CONNECTION_REFUSED at http://localhost:3058/admin/shipping/weight-discrepancy
    @1200px:
      - navigation failed: page.goto: net::ERR_CONNECTION_REFUSED at http://localhost:3058/admin/shipping/weight-discrepancy
    @768px:
      - navigation failed: page.goto: net::ERR_CONNECTION_REFUSED at http://localhost:3058/admin/shipping/weight-discrepancy
    @480px:
      - navigation failed: page.goto: net::ERR_CONNECTION_REFUSED at http://localhost:3058/admin/shipping/weight-discrepancy
    @375px:
      - navigation failed: page.goto: net::ERR_CONNECTION_REFUSED at http://localhost:3058/admin/shipping/weight-discrepancy

    expect(received).toEqual(expected) // deep equality

    - Expected  -  1
    + Received  + 12

    - Array []
    + Array [
    +   "@1600px:
    +   - navigation failed: page.goto: net::ERR_CONNECTION_REFUSED at http://localhost:3058/admin/shipping/weight-discrepancy",
    +   "@1200px:
    +   - navigation failed: page.goto: net::ERR_CONNECTION_REFUSED at http://localhost:3058/admin/shipping/weight-discrepancy",
    +   "@768px:
    +   - navigation failed: page.goto: net::ERR_CONNECTION_REFUSED at http://localhost:3058/admin/shipping/weight-discrepancy",
    +   "@480px:
    +   - navigation failed: page.goto: net::ERR_CONNECTION_REFUSED at http://localhost:3058/admin/shipping/weight-discrepancy",
    +   "@375px:
    +   - navigation failed: page.goto: net::ERR_CONNECTION_REFUSED at http://localhost:3058/admin/shipping/weight-discrepancy",
    + ]

      12 |   await testInfo.attach("matrix", { body: JSON.stringify({ route, url, results }), contentType: "application/json" });
      13 |   const failed = results.filter((r) => r.issues.length).map((r) => `@${r.viewport}px:\n  - ${r.issues.join("\n  - ")}`);
    > 14 |   expect(failed, `${url}\n${failed.join("\n")}`).toEqual([]);
         |                                                  ^
      15 | }
      16 |
      17 | test.describe("admin routes x viewports", () => {
        at runMatrix (C:\Users\priyank\Desktop\Development\BharatAgrolink-admin\e2e\responsive.spec.mjs:14:50)
        at C:\Users\priyank\Desktop\Development\BharatAgrolink-admin\e2e\responsive.spec.mjs:20:7

    attachment #7: screenshot (image/png) ΓöÇΓöÇΓöÇΓöÇΓöÇΓöÇΓöÇΓöÇΓöÇΓöÇΓöÇΓöÇΓöÇΓöÇΓöÇΓöÇΓöÇΓöÇΓöÇΓöÇΓöÇΓöÇΓöÇΓöÇΓöÇΓöÇΓöÇΓöÇΓöÇΓöÇΓöÇΓöÇΓöÇΓöÇΓöÇΓöÇΓöÇΓöÇΓöÇΓöÇΓöÇΓöÇΓöÇΓöÇΓöÇΓöÇΓöÇΓöÇΓöÇΓöÇΓöÇΓöÇΓöÇΓöÇΓöÇΓöÇΓöÇΓöÇ
    test-results\responsive-admin-routes-x--51d78-shipping-weight-discrepancy-chromium\test-failed-1.png
    ΓöÇΓöÇΓöÇΓöÇΓöÇΓöÇΓöÇΓöÇΓöÇΓöÇΓöÇΓöÇΓöÇΓöÇΓöÇΓöÇΓöÇΓöÇΓöÇΓöÇΓöÇΓöÇΓöÇΓöÇΓöÇΓöÇΓöÇΓöÇΓöÇΓöÇΓöÇΓöÇΓöÇΓöÇΓöÇΓöÇΓöÇΓöÇΓöÇΓöÇΓöÇΓöÇΓöÇΓöÇΓöÇΓöÇΓöÇΓöÇΓöÇΓöÇΓöÇΓöÇΓöÇΓöÇΓöÇΓöÇΓöÇΓöÇΓöÇΓöÇΓöÇΓöÇΓöÇΓöÇΓöÇΓöÇΓöÇΓöÇΓöÇΓöÇΓöÇΓöÇΓöÇΓöÇΓöÇΓöÇΓöÇΓöÇΓöÇΓöÇΓöÇΓöÇΓöÇΓöÇΓöÇΓöÇΓöÇΓöÇΓöÇΓöÇΓöÇΓöÇΓöÇΓöÇΓöÇΓöÇ

    Error Context: test-results\responsive-admin-routes-x--51d78-shipping-weight-discrepancy-chromium\error-context.md

    attachment #9: trace (application/zip) ΓöÇΓöÇΓöÇΓöÇΓöÇΓöÇΓöÇΓöÇΓöÇΓöÇΓöÇΓöÇΓöÇΓöÇΓöÇΓöÇΓöÇΓöÇΓöÇΓöÇΓöÇΓöÇΓöÇΓöÇΓöÇΓöÇΓöÇΓöÇΓöÇΓöÇΓöÇΓöÇΓöÇΓöÇΓöÇΓöÇΓöÇΓöÇΓöÇΓöÇΓöÇΓöÇΓöÇΓöÇΓöÇΓöÇΓöÇΓöÇΓöÇΓöÇΓöÇΓöÇΓöÇΓöÇΓöÇΓöÇΓöÇ
    test-results\responsive-admin-routes-x--51d78-shipping-weight-discrepancy-chromium\trace.zip
    Usage:

        npx playwright show-trace test-results\responsive-admin-routes-x--51d78-shipping-weight-discrepancy-chromium\trace.zip

    ΓöÇΓöÇΓöÇΓöÇΓöÇΓöÇΓöÇΓöÇΓöÇΓöÇΓöÇΓöÇΓöÇΓöÇΓöÇΓöÇΓöÇΓöÇΓöÇΓöÇΓöÇΓöÇΓöÇΓöÇΓöÇΓöÇΓöÇΓöÇΓöÇΓöÇΓöÇΓöÇΓöÇΓöÇΓöÇΓöÇΓöÇΓöÇΓöÇΓöÇΓöÇΓöÇΓöÇΓöÇΓöÇΓöÇΓöÇΓöÇΓöÇΓöÇΓöÇΓöÇΓöÇΓöÇΓöÇΓöÇΓöÇΓöÇΓöÇΓöÇΓöÇΓöÇΓöÇΓöÇΓöÇΓöÇΓöÇΓöÇΓöÇΓöÇΓöÇΓöÇΓöÇΓöÇΓöÇΓöÇΓöÇΓöÇΓöÇΓöÇΓöÇΓöÇΓöÇΓöÇΓöÇΓöÇΓöÇΓöÇΓöÇΓöÇΓöÇΓöÇΓöÇΓöÇΓöÇΓöÇ

  168) [chromium] ΓÇ║ e2e\responsive.spec.mjs:19:5 ΓÇ║ admin routes x viewports ΓÇ║ /admin/support ΓöÇΓöÇΓöÇΓöÇΓöÇΓöÇΓöÇ

    Error: /admin/support
    @1600px:
      - navigation failed: page.goto: net::ERR_CONNECTION_REFUSED at http://localhost:3058/admin/support
    @1200px:
      - navigation failed: page.goto: net::ERR_CONNECTION_REFUSED at http://localhost:3058/admin/support
    @768px:
      - navigation failed: page.goto: net::ERR_CONNECTION_REFUSED at http://localhost:3058/admin/support
    @480px:
      - navigation failed: page.goto: net::ERR_CONNECTION_REFUSED at http://localhost:3058/admin/support
    @375px:
      - navigation failed: page.goto: net::ERR_CONNECTION_REFUSED at http://localhost:3058/admin/support

    expect(received).toEqual(expected) // deep equality

    - Expected  -  1
    + Received  + 12

    - Array []
    + Array [
    +   "@1600px:
    +   - navigation failed: page.goto: net::ERR_CONNECTION_REFUSED at http://localhost:3058/admin/support",
    +   "@1200px:
    +   - navigation failed: page.goto: net::ERR_CONNECTION_REFUSED at http://localhost:3058/admin/support",
    +   "@768px:
    +   - navigation failed: page.goto: net::ERR_CONNECTION_REFUSED at http://localhost:3058/admin/support",
    +   "@480px:
    +   - navigation failed: page.goto: net::ERR_CONNECTION_REFUSED at http://localhost:3058/admin/support",
    +   "@375px:
    +   - navigation failed: page.goto: net::ERR_CONNECTION_REFUSED at http://localhost:3058/admin/support",
    + ]

      12 |   await testInfo.attach("matrix", { body: JSON.stringify({ route, url, results }), contentType: "application/json" });
      13 |   const failed = results.filter((r) => r.issues.length).map((r) => `@${r.viewport}px:\n  - ${r.issues.join("\n  - ")}`);
    > 14 |   expect(failed, `${url}\n${failed.join("\n")}`).toEqual([]);
         |                                                  ^
      15 | }
      16 |
      17 | test.describe("admin routes x viewports", () => {
        at runMatrix (C:\Users\priyank\Desktop\Development\BharatAgrolink-admin\e2e\responsive.spec.mjs:14:50)
        at C:\Users\priyank\Desktop\Development\BharatAgrolink-admin\e2e\responsive.spec.mjs:20:7

    attachment #7: screenshot (image/png) ΓöÇΓöÇΓöÇΓöÇΓöÇΓöÇΓöÇΓöÇΓöÇΓöÇΓöÇΓöÇΓöÇΓöÇΓöÇΓöÇΓöÇΓöÇΓöÇΓöÇΓöÇΓöÇΓöÇΓöÇΓöÇΓöÇΓöÇΓöÇΓöÇΓöÇΓöÇΓöÇΓöÇΓöÇΓöÇΓöÇΓöÇΓöÇΓöÇΓöÇΓöÇΓöÇΓöÇΓöÇΓöÇΓöÇΓöÇΓöÇΓöÇΓöÇΓöÇΓöÇΓöÇΓöÇΓöÇΓöÇΓöÇΓöÇ
    test-results\responsive-admin-routes-x-viewports-admin-support-chromium\test-failed-1.png
    ΓöÇΓöÇΓöÇΓöÇΓöÇΓöÇΓöÇΓöÇΓöÇΓöÇΓöÇΓöÇΓöÇΓöÇΓöÇΓöÇΓöÇΓöÇΓöÇΓöÇΓöÇΓöÇΓöÇΓöÇΓöÇΓöÇΓöÇΓöÇΓöÇΓöÇΓöÇΓöÇΓöÇΓöÇΓöÇΓöÇΓöÇΓöÇΓöÇΓöÇΓöÇΓöÇΓöÇΓöÇΓöÇΓöÇΓöÇΓöÇΓöÇΓöÇΓöÇΓöÇΓöÇΓöÇΓöÇΓöÇΓöÇΓöÇΓöÇΓöÇΓöÇΓöÇΓöÇΓöÇΓöÇΓöÇΓöÇΓöÇΓöÇΓöÇΓöÇΓöÇΓöÇΓöÇΓöÇΓöÇΓöÇΓöÇΓöÇΓöÇΓöÇΓöÇΓöÇΓöÇΓöÇΓöÇΓöÇΓöÇΓöÇΓöÇΓöÇΓöÇΓöÇΓöÇΓöÇΓöÇ

    Error Context: test-results\responsive-admin-routes-x-viewports-admin-support-chromium\error-context.md

    attachment #9: trace (application/zip) ΓöÇΓöÇΓöÇΓöÇΓöÇΓöÇΓöÇΓöÇΓöÇΓöÇΓöÇΓöÇΓöÇΓöÇΓöÇΓöÇΓöÇΓöÇΓöÇΓöÇΓöÇΓöÇΓöÇΓöÇΓöÇΓöÇΓöÇΓöÇΓöÇΓöÇΓöÇΓöÇΓöÇΓöÇΓöÇΓöÇΓöÇΓöÇΓöÇΓöÇΓöÇΓöÇΓöÇΓöÇΓöÇΓöÇΓöÇΓöÇΓöÇΓöÇΓöÇΓöÇΓöÇΓöÇΓöÇΓöÇΓöÇ
    test-results\responsive-admin-routes-x-viewports-admin-support-chromium\trace.zip
    Usage:

        npx playwright show-trace test-results\responsive-admin-routes-x-viewports-admin-support-chromium\trace.zip

    ΓöÇΓöÇΓöÇΓöÇΓöÇΓöÇΓöÇΓöÇΓöÇΓöÇΓöÇΓöÇΓöÇΓöÇΓöÇΓöÇΓöÇΓöÇΓöÇΓöÇΓöÇΓöÇΓöÇΓöÇΓöÇΓöÇΓöÇΓöÇΓöÇΓöÇΓöÇΓöÇΓöÇΓöÇΓöÇΓöÇΓöÇΓöÇΓöÇΓöÇΓöÇΓöÇΓöÇΓöÇΓöÇΓöÇΓöÇΓöÇΓöÇΓöÇΓöÇΓöÇΓöÇΓöÇΓöÇΓöÇΓöÇΓöÇΓöÇΓöÇΓöÇΓöÇΓöÇΓöÇΓöÇΓöÇΓöÇΓöÇΓöÇΓöÇΓöÇΓöÇΓöÇΓöÇΓöÇΓöÇΓöÇΓöÇΓöÇΓöÇΓöÇΓöÇΓöÇΓöÇΓöÇΓöÇΓöÇΓöÇΓöÇΓöÇΓöÇΓöÇΓöÇΓöÇΓöÇΓöÇ

  169) [chromium] ΓÇ║ e2e\responsive.spec.mjs:19:5 ΓÇ║ admin routes x viewports ΓÇ║ /admin/support/chat-logs 

    Error: /admin/support/chat-logs
    @1600px:
      - navigation failed: page.goto: net::ERR_CONNECTION_REFUSED at http://localhost:3058/admin/support/chat-logs
    @1200px:
      - navigation failed: page.goto: net::ERR_CONNECTION_REFUSED at http://localhost:3058/admin/support/chat-logs
    @768px:
      - navigation failed: page.goto: net::ERR_CONNECTION_REFUSED at http://localhost:3058/admin/support/chat-logs
    @480px:
      - navigation failed: page.goto: net::ERR_CONNECTION_REFUSED at http://localhost:3058/admin/support/chat-logs
    @375px:
      - navigation failed: page.goto: net::ERR_CONNECTION_REFUSED at http://localhost:3058/admin/support/chat-logs

    expect(received).toEqual(expected) // deep equality

    - Expected  -  1
    + Received  + 12

    - Array []
    + Array [
    +   "@1600px:
    +   - navigation failed: page.goto: net::ERR_CONNECTION_REFUSED at http://localhost:3058/admin/support/chat-logs",
    +   "@1200px:
    +   - navigation failed: page.goto: net::ERR_CONNECTION_REFUSED at http://localhost:3058/admin/support/chat-logs",
    +   "@768px:
    +   - navigation failed: page.goto: net::ERR_CONNECTION_REFUSED at http://localhost:3058/admin/support/chat-logs",
    +   "@480px:
    +   - navigation failed: page.goto: net::ERR_CONNECTION_REFUSED at http://localhost:3058/admin/support/chat-logs",
    +   "@375px:
    +   - navigation failed: page.goto: net::ERR_CONNECTION_REFUSED at http://localhost:3058/admin/support/chat-logs",
    + ]

      12 |   await testInfo.attach("matrix", { body: JSON.stringify({ route, url, results }), contentType: "application/json" });
      13 |   const failed = results.filter((r) => r.issues.length).map((r) => `@${r.viewport}px:\n  - ${r.issues.join("\n  - ")}`);
    > 14 |   expect(failed, `${url}\n${failed.join("\n")}`).toEqual([]);
         |                                                  ^
      15 | }
      16 |
      17 | test.describe("admin routes x viewports", () => {
        at runMatrix (C:\Users\priyank\Desktop\Development\BharatAgrolink-admin\e2e\responsive.spec.mjs:14:50)
        at C:\Users\priyank\Desktop\Development\BharatAgrolink-admin\e2e\responsive.spec.mjs:20:7

    attachment #7: screenshot (image/png) ΓöÇΓöÇΓöÇΓöÇΓöÇΓöÇΓöÇΓöÇΓöÇΓöÇΓöÇΓöÇΓöÇΓöÇΓöÇΓöÇΓöÇΓöÇΓöÇΓöÇΓöÇΓöÇΓöÇΓöÇΓöÇΓöÇΓöÇΓöÇΓöÇΓöÇΓöÇΓöÇΓöÇΓöÇΓöÇΓöÇΓöÇΓöÇΓöÇΓöÇΓöÇΓöÇΓöÇΓöÇΓöÇΓöÇΓöÇΓöÇΓöÇΓöÇΓöÇΓöÇΓöÇΓöÇΓöÇΓöÇΓöÇΓöÇ
    test-results\responsive-admin-routes-x-viewports-admin-support-chat-logs-chromium\test-failed-1.png
    ΓöÇΓöÇΓöÇΓöÇΓöÇΓöÇΓöÇΓöÇΓöÇΓöÇΓöÇΓöÇΓöÇΓöÇΓöÇΓöÇΓöÇΓöÇΓöÇΓöÇΓöÇΓöÇΓöÇΓöÇΓöÇΓöÇΓöÇΓöÇΓöÇΓöÇΓöÇΓöÇΓöÇΓöÇΓöÇΓöÇΓöÇΓöÇΓöÇΓöÇΓöÇΓöÇΓöÇΓöÇΓöÇΓöÇΓöÇΓöÇΓöÇΓöÇΓöÇΓöÇΓöÇΓöÇΓöÇΓöÇΓöÇΓöÇΓöÇΓöÇΓöÇΓöÇΓöÇΓöÇΓöÇΓöÇΓöÇΓöÇΓöÇΓöÇΓöÇΓöÇΓöÇΓöÇΓöÇΓöÇΓöÇΓöÇΓöÇΓöÇΓöÇΓöÇΓöÇΓöÇΓöÇΓöÇΓöÇΓöÇΓöÇΓöÇΓöÇΓöÇΓöÇΓöÇΓöÇΓöÇ

    Error Context: test-results\responsive-admin-routes-x-viewports-admin-support-chat-logs-chromium\error-context.md

    attachment #9: trace (application/zip) ΓöÇΓöÇΓöÇΓöÇΓöÇΓöÇΓöÇΓöÇΓöÇΓöÇΓöÇΓöÇΓöÇΓöÇΓöÇΓöÇΓöÇΓöÇΓöÇΓöÇΓöÇΓöÇΓöÇΓöÇΓöÇΓöÇΓöÇΓöÇΓöÇΓöÇΓöÇΓöÇΓöÇΓöÇΓöÇΓöÇΓöÇΓöÇΓöÇΓöÇΓöÇΓöÇΓöÇΓöÇΓöÇΓöÇΓöÇΓöÇΓöÇΓöÇΓöÇΓöÇΓöÇΓöÇΓöÇΓöÇΓöÇ
    test-results\responsive-admin-routes-x-viewports-admin-support-chat-logs-chromium\trace.zip
    Usage:

        npx playwright show-trace test-results\responsive-admin-routes-x-viewports-admin-support-chat-logs-chromium\trace.zip

    ΓöÇΓöÇΓöÇΓöÇΓöÇΓöÇΓöÇΓöÇΓöÇΓöÇΓöÇΓöÇΓöÇΓöÇΓöÇΓöÇΓöÇΓöÇΓöÇΓöÇΓöÇΓöÇΓöÇΓöÇΓöÇΓöÇΓöÇΓöÇΓöÇΓöÇΓöÇΓöÇΓöÇΓöÇΓöÇΓöÇΓöÇΓöÇΓöÇΓöÇΓöÇΓöÇΓöÇΓöÇΓöÇΓöÇΓöÇΓöÇΓöÇΓöÇΓöÇΓöÇΓöÇΓöÇΓöÇΓöÇΓöÇΓöÇΓöÇΓöÇΓöÇΓöÇΓöÇΓöÇΓöÇΓöÇΓöÇΓöÇΓöÇΓöÇΓöÇΓöÇΓöÇΓöÇΓöÇΓöÇΓöÇΓöÇΓöÇΓöÇΓöÇΓöÇΓöÇΓöÇΓöÇΓöÇΓöÇΓöÇΓöÇΓöÇΓöÇΓöÇΓöÇΓöÇΓöÇΓöÇ

  170) [chromium] ΓÇ║ e2e\responsive.spec.mjs:19:5 ΓÇ║ admin routes x viewports ΓÇ║ /admin/support/requirements 

    Error: /admin/support/requirements
    @1600px:
      - navigation failed: page.goto: net::ERR_CONNECTION_REFUSED at http://localhost:3058/admin/support/requirements
    @1200px:
      - navigation failed: page.goto: net::ERR_CONNECTION_REFUSED at http://localhost:3058/admin/support/requirements
    @768px:
      - navigation failed: page.goto: net::ERR_CONNECTION_REFUSED at http://localhost:3058/admin/support/requirements
    @480px:
      - navigation failed: page.goto: net::ERR_CONNECTION_REFUSED at http://localhost:3058/admin/support/requirements
    @375px:
      - navigation failed: page.goto: net::ERR_CONNECTION_REFUSED at http://localhost:3058/admin/support/requirements

    expect(received).toEqual(expected) // deep equality

    - Expected  -  1
    + Received  + 12

    - Array []
    + Array [
    +   "@1600px:
    +   - navigation failed: page.goto: net::ERR_CONNECTION_REFUSED at http://localhost:3058/admin/support/requirements",
    +   "@1200px:
    +   - navigation failed: page.goto: net::ERR_CONNECTION_REFUSED at http://localhost:3058/admin/support/requirements",
    +   "@768px:
    +   - navigation failed: page.goto: net::ERR_CONNECTION_REFUSED at http://localhost:3058/admin/support/requirements",
    +   "@480px:
    +   - navigation failed: page.goto: net::ERR_CONNECTION_REFUSED at http://localhost:3058/admin/support/requirements",
    +   "@375px:
    +   - navigation failed: page.goto: net::ERR_CONNECTION_REFUSED at http://localhost:3058/admin/support/requirements",
    + ]

      12 |   await testInfo.attach("matrix", { body: JSON.stringify({ route, url, results }), contentType: "application/json" });
      13 |   const failed = results.filter((r) => r.issues.length).map((r) => `@${r.viewport}px:\n  - ${r.issues.join("\n  - ")}`);
    > 14 |   expect(failed, `${url}\n${failed.join("\n")}`).toEqual([]);
         |                                                  ^
      15 | }
      16 |
      17 | test.describe("admin routes x viewports", () => {
        at runMatrix (C:\Users\priyank\Desktop\Development\BharatAgrolink-admin\e2e\responsive.spec.mjs:14:50)
        at C:\Users\priyank\Desktop\Development\BharatAgrolink-admin\e2e\responsive.spec.mjs:20:7

    attachment #7: screenshot (image/png) ΓöÇΓöÇΓöÇΓöÇΓöÇΓöÇΓöÇΓöÇΓöÇΓöÇΓöÇΓöÇΓöÇΓöÇΓöÇΓöÇΓöÇΓöÇΓöÇΓöÇΓöÇΓöÇΓöÇΓöÇΓöÇΓöÇΓöÇΓöÇΓöÇΓöÇΓöÇΓöÇΓöÇΓöÇΓöÇΓöÇΓöÇΓöÇΓöÇΓöÇΓöÇΓöÇΓöÇΓöÇΓöÇΓöÇΓöÇΓöÇΓöÇΓöÇΓöÇΓöÇΓöÇΓöÇΓöÇΓöÇΓöÇΓöÇ
    test-results\responsive-admin-routes-x--7733e--admin-support-requirements-chromium\test-failed-1.png
    ΓöÇΓöÇΓöÇΓöÇΓöÇΓöÇΓöÇΓöÇΓöÇΓöÇΓöÇΓöÇΓöÇΓöÇΓöÇΓöÇΓöÇΓöÇΓöÇΓöÇΓöÇΓöÇΓöÇΓöÇΓöÇΓöÇΓöÇΓöÇΓöÇΓöÇΓöÇΓöÇΓöÇΓöÇΓöÇΓöÇΓöÇΓöÇΓöÇΓöÇΓöÇΓöÇΓöÇΓöÇΓöÇΓöÇΓöÇΓöÇΓöÇΓöÇΓöÇΓöÇΓöÇΓöÇΓöÇΓöÇΓöÇΓöÇΓöÇΓöÇΓöÇΓöÇΓöÇΓöÇΓöÇΓöÇΓöÇΓöÇΓöÇΓöÇΓöÇΓöÇΓöÇΓöÇΓöÇΓöÇΓöÇΓöÇΓöÇΓöÇΓöÇΓöÇΓöÇΓöÇΓöÇΓöÇΓöÇΓöÇΓöÇΓöÇΓöÇΓöÇΓöÇΓöÇΓöÇΓöÇ

    Error Context: test-results\responsive-admin-routes-x--7733e--admin-support-requirements-chromium\error-context.md

    attachment #9: trace (application/zip) ΓöÇΓöÇΓöÇΓöÇΓöÇΓöÇΓöÇΓöÇΓöÇΓöÇΓöÇΓöÇΓöÇΓöÇΓöÇΓöÇΓöÇΓöÇΓöÇΓöÇΓöÇΓöÇΓöÇΓöÇΓöÇΓöÇΓöÇΓöÇΓöÇΓöÇΓöÇΓöÇΓöÇΓöÇΓöÇΓöÇΓöÇΓöÇΓöÇΓöÇΓöÇΓöÇΓöÇΓöÇΓöÇΓöÇΓöÇΓöÇΓöÇΓöÇΓöÇΓöÇΓöÇΓöÇΓöÇΓöÇΓöÇ
    test-results\responsive-admin-routes-x--7733e--admin-support-requirements-chromium\trace.zip
    Usage:

        npx playwright show-trace test-results\responsive-admin-routes-x--7733e--admin-support-requirements-chromium\trace.zip

    ΓöÇΓöÇΓöÇΓöÇΓöÇΓöÇΓöÇΓöÇΓöÇΓöÇΓöÇΓöÇΓöÇΓöÇΓöÇΓöÇΓöÇΓöÇΓöÇΓöÇΓöÇΓöÇΓöÇΓöÇΓöÇΓöÇΓöÇΓöÇΓöÇΓöÇΓöÇΓöÇΓöÇΓöÇΓöÇΓöÇΓöÇΓöÇΓöÇΓöÇΓöÇΓöÇΓöÇΓöÇΓöÇΓöÇΓöÇΓöÇΓöÇΓöÇΓöÇΓöÇΓöÇΓöÇΓöÇΓöÇΓöÇΓöÇΓöÇΓöÇΓöÇΓöÇΓöÇΓöÇΓöÇΓöÇΓöÇΓöÇΓöÇΓöÇΓöÇΓöÇΓöÇΓöÇΓöÇΓöÇΓöÇΓöÇΓöÇΓöÇΓöÇΓöÇΓöÇΓöÇΓöÇΓöÇΓöÇΓöÇΓöÇΓöÇΓöÇΓöÇΓöÇΓöÇΓöÇΓöÇ

  171) [chromium] ΓÇ║ e2e\responsive.spec.mjs:19:5 ΓÇ║ admin routes x viewports ΓÇ║ /admin/support/sla ΓöÇΓöÇΓöÇ

    Error: /admin/support/sla
    @1600px:
      - navigation failed: page.goto: net::ERR_CONNECTION_REFUSED at http://localhost:3058/admin/support/sla
    @1200px:
      - navigation failed: page.goto: net::ERR_CONNECTION_REFUSED at http://localhost:3058/admin/support/sla
    @768px:
      - navigation failed: page.goto: net::ERR_CONNECTION_REFUSED at http://localhost:3058/admin/support/sla
    @480px:
      - navigation failed: page.goto: net::ERR_CONNECTION_REFUSED at http://localhost:3058/admin/support/sla
    @375px:
      - navigation failed: page.goto: net::ERR_CONNECTION_REFUSED at http://localhost:3058/admin/support/sla

    expect(received).toEqual(expected) // deep equality

    - Expected  -  1
    + Received  + 12

    - Array []
    + Array [
    +   "@1600px:
    +   - navigation failed: page.goto: net::ERR_CONNECTION_REFUSED at http://localhost:3058/admin/support/sla",
    +   "@1200px:
    +   - navigation failed: page.goto: net::ERR_CONNECTION_REFUSED at http://localhost:3058/admin/support/sla",
    +   "@768px:
    +   - navigation failed: page.goto: net::ERR_CONNECTION_REFUSED at http://localhost:3058/admin/support/sla",
    +   "@480px:
    +   - navigation failed: page.goto: net::ERR_CONNECTION_REFUSED at http://localhost:3058/admin/support/sla",
    +   "@375px:
    +   - navigation failed: page.goto: net::ERR_CONNECTION_REFUSED at http://localhost:3058/admin/support/sla",
    + ]

      12 |   await testInfo.attach("matrix", { body: JSON.stringify({ route, url, results }), contentType: "application/json" });
      13 |   const failed = results.filter((r) => r.issues.length).map((r) => `@${r.viewport}px:\n  - ${r.issues.join("\n  - ")}`);
    > 14 |   expect(failed, `${url}\n${failed.join("\n")}`).toEqual([]);
         |                                                  ^
      15 | }
      16 |
      17 | test.describe("admin routes x viewports", () => {
        at runMatrix (C:\Users\priyank\Desktop\Development\BharatAgrolink-admin\e2e\responsive.spec.mjs:14:50)
        at C:\Users\priyank\Desktop\Development\BharatAgrolink-admin\e2e\responsive.spec.mjs:20:7

    attachment #7: screenshot (image/png) ΓöÇΓöÇΓöÇΓöÇΓöÇΓöÇΓöÇΓöÇΓöÇΓöÇΓöÇΓöÇΓöÇΓöÇΓöÇΓöÇΓöÇΓöÇΓöÇΓöÇΓöÇΓöÇΓöÇΓöÇΓöÇΓöÇΓöÇΓöÇΓöÇΓöÇΓöÇΓöÇΓöÇΓöÇΓöÇΓöÇΓöÇΓöÇΓöÇΓöÇΓöÇΓöÇΓöÇΓöÇΓöÇΓöÇΓöÇΓöÇΓöÇΓöÇΓöÇΓöÇΓöÇΓöÇΓöÇΓöÇΓöÇΓöÇ
    test-results\responsive-admin-routes-x-viewports-admin-support-sla-chromium\test-failed-1.png
    ΓöÇΓöÇΓöÇΓöÇΓöÇΓöÇΓöÇΓöÇΓöÇΓöÇΓöÇΓöÇΓöÇΓöÇΓöÇΓöÇΓöÇΓöÇΓöÇΓöÇΓöÇΓöÇΓöÇΓöÇΓöÇΓöÇΓöÇΓöÇΓöÇΓöÇΓöÇΓöÇΓöÇΓöÇΓöÇΓöÇΓöÇΓöÇΓöÇΓöÇΓöÇΓöÇΓöÇΓöÇΓöÇΓöÇΓöÇΓöÇΓöÇΓöÇΓöÇΓöÇΓöÇΓöÇΓöÇΓöÇΓöÇΓöÇΓöÇΓöÇΓöÇΓöÇΓöÇΓöÇΓöÇΓöÇΓöÇΓöÇΓöÇΓöÇΓöÇΓöÇΓöÇΓöÇΓöÇΓöÇΓöÇΓöÇΓöÇΓöÇΓöÇΓöÇΓöÇΓöÇΓöÇΓöÇΓöÇΓöÇΓöÇΓöÇΓöÇΓöÇΓöÇΓöÇΓöÇΓöÇ

    Error Context: test-results\responsive-admin-routes-x-viewports-admin-support-sla-chromium\error-context.md

    attachment #9: trace (application/zip) ΓöÇΓöÇΓöÇΓöÇΓöÇΓöÇΓöÇΓöÇΓöÇΓöÇΓöÇΓöÇΓöÇΓöÇΓöÇΓöÇΓöÇΓöÇΓöÇΓöÇΓöÇΓöÇΓöÇΓöÇΓöÇΓöÇΓöÇΓöÇΓöÇΓöÇΓöÇΓöÇΓöÇΓöÇΓöÇΓöÇΓöÇΓöÇΓöÇΓöÇΓöÇΓöÇΓöÇΓöÇΓöÇΓöÇΓöÇΓöÇΓöÇΓöÇΓöÇΓöÇΓöÇΓöÇΓöÇΓöÇΓöÇ
    test-results\responsive-admin-routes-x-viewports-admin-support-sla-chromium\trace.zip
    Usage:

        npx playwright show-trace test-results\responsive-admin-routes-x-viewports-admin-support-sla-chromium\trace.zip

    ΓöÇΓöÇΓöÇΓöÇΓöÇΓöÇΓöÇΓöÇΓöÇΓöÇΓöÇΓöÇΓöÇΓöÇΓöÇΓöÇΓöÇΓöÇΓöÇΓöÇΓöÇΓöÇΓöÇΓöÇΓöÇΓöÇΓöÇΓöÇΓöÇΓöÇΓöÇΓöÇΓöÇΓöÇΓöÇΓöÇΓöÇΓöÇΓöÇΓöÇΓöÇΓöÇΓöÇΓöÇΓöÇΓöÇΓöÇΓöÇΓöÇΓöÇΓöÇΓöÇΓöÇΓöÇΓöÇΓöÇΓöÇΓöÇΓöÇΓöÇΓöÇΓöÇΓöÇΓöÇΓöÇΓöÇΓöÇΓöÇΓöÇΓöÇΓöÇΓöÇΓöÇΓöÇΓöÇΓöÇΓöÇΓöÇΓöÇΓöÇΓöÇΓöÇΓöÇΓöÇΓöÇΓöÇΓöÇΓöÇΓöÇΓöÇΓöÇΓöÇΓöÇΓöÇΓöÇΓöÇ

  172) [chromium] ΓÇ║ e2e\responsive.spec.mjs:19:5 ΓÇ║ admin routes x viewports ΓÇ║ /admin/users ΓöÇΓöÇΓöÇΓöÇΓöÇΓöÇΓöÇΓöÇΓöÇ

    Error: /admin/users
    @1600px:
      - navigation failed: page.goto: net::ERR_CONNECTION_REFUSED at http://localhost:3058/admin/users
    @1200px:
      - navigation failed: page.goto: net::ERR_CONNECTION_REFUSED at http://localhost:3058/admin/users
    @768px:
      - navigation failed: page.goto: net::ERR_CONNECTION_REFUSED at http://localhost:3058/admin/users
    @480px:
      - navigation failed: page.goto: net::ERR_CONNECTION_REFUSED at http://localhost:3058/admin/users
    @375px:
      - navigation failed: page.goto: net::ERR_CONNECTION_REFUSED at http://localhost:3058/admin/users

    expect(received).toEqual(expected) // deep equality

    - Expected  -  1
    + Received  + 12

    - Array []
    + Array [
    +   "@1600px:
    +   - navigation failed: page.goto: net::ERR_CONNECTION_REFUSED at http://localhost:3058/admin/users",
    +   "@1200px:
    +   - navigation failed: page.goto: net::ERR_CONNECTION_REFUSED at http://localhost:3058/admin/users",
    +   "@768px:
    +   - navigation failed: page.goto: net::ERR_CONNECTION_REFUSED at http://localhost:3058/admin/users",
    +   "@480px:
    +   - navigation failed: page.goto: net::ERR_CONNECTION_REFUSED at http://localhost:3058/admin/users",
    +   "@375px:
    +   - navigation failed: page.goto: net::ERR_CONNECTION_REFUSED at http://localhost:3058/admin/users",
    + ]

      12 |   await testInfo.attach("matrix", { body: JSON.stringify({ route, url, results }), contentType: "application/json" });
      13 |   const failed = results.filter((r) => r.issues.length).map((r) => `@${r.viewport}px:\n  - ${r.issues.join("\n  - ")}`);
    > 14 |   expect(failed, `${url}\n${failed.join("\n")}`).toEqual([]);
         |                                                  ^
      15 | }
      16 |
      17 | test.describe("admin routes x viewports", () => {
        at runMatrix (C:\Users\priyank\Desktop\Development\BharatAgrolink-admin\e2e\responsive.spec.mjs:14:50)
        at C:\Users\priyank\Desktop\Development\BharatAgrolink-admin\e2e\responsive.spec.mjs:20:7

    attachment #7: screenshot (image/png) ΓöÇΓöÇΓöÇΓöÇΓöÇΓöÇΓöÇΓöÇΓöÇΓöÇΓöÇΓöÇΓöÇΓöÇΓöÇΓöÇΓöÇΓöÇΓöÇΓöÇΓöÇΓöÇΓöÇΓöÇΓöÇΓöÇΓöÇΓöÇΓöÇΓöÇΓöÇΓöÇΓöÇΓöÇΓöÇΓöÇΓöÇΓöÇΓöÇΓöÇΓöÇΓöÇΓöÇΓöÇΓöÇΓöÇΓöÇΓöÇΓöÇΓöÇΓöÇΓöÇΓöÇΓöÇΓöÇΓöÇΓöÇΓöÇ
    test-results\responsive-admin-routes-x-viewports-admin-users-chromium\test-failed-1.png
    ΓöÇΓöÇΓöÇΓöÇΓöÇΓöÇΓöÇΓöÇΓöÇΓöÇΓöÇΓöÇΓöÇΓöÇΓöÇΓöÇΓöÇΓöÇΓöÇΓöÇΓöÇΓöÇΓöÇΓöÇΓöÇΓöÇΓöÇΓöÇΓöÇΓöÇΓöÇΓöÇΓöÇΓöÇΓöÇΓöÇΓöÇΓöÇΓöÇΓöÇΓöÇΓöÇΓöÇΓöÇΓöÇΓöÇΓöÇΓöÇΓöÇΓöÇΓöÇΓöÇΓöÇΓöÇΓöÇΓöÇΓöÇΓöÇΓöÇΓöÇΓöÇΓöÇΓöÇΓöÇΓöÇΓöÇΓöÇΓöÇΓöÇΓöÇΓöÇΓöÇΓöÇΓöÇΓöÇΓöÇΓöÇΓöÇΓöÇΓöÇΓöÇΓöÇΓöÇΓöÇΓöÇΓöÇΓöÇΓöÇΓöÇΓöÇΓöÇΓöÇΓöÇΓöÇΓöÇΓöÇ

    Error Context: test-results\responsive-admin-routes-x-viewports-admin-users-chromium\error-context.md

    attachment #9: trace (application/zip) ΓöÇΓöÇΓöÇΓöÇΓöÇΓöÇΓöÇΓöÇΓöÇΓöÇΓöÇΓöÇΓöÇΓöÇΓöÇΓöÇΓöÇΓöÇΓöÇΓöÇΓöÇΓöÇΓöÇΓöÇΓöÇΓöÇΓöÇΓöÇΓöÇΓöÇΓöÇΓöÇΓöÇΓöÇΓöÇΓöÇΓöÇΓöÇΓöÇΓöÇΓöÇΓöÇΓöÇΓöÇΓöÇΓöÇΓöÇΓöÇΓöÇΓöÇΓöÇΓöÇΓöÇΓöÇΓöÇΓöÇΓöÇ
    test-results\responsive-admin-routes-x-viewports-admin-users-chromium\trace.zip
    Usage:

        npx playwright show-trace test-results\responsive-admin-routes-x-viewports-admin-users-chromium\trace.zip

    ΓöÇΓöÇΓöÇΓöÇΓöÇΓöÇΓöÇΓöÇΓöÇΓöÇΓöÇΓöÇΓöÇΓöÇΓöÇΓöÇΓöÇΓöÇΓöÇΓöÇΓöÇΓöÇΓöÇΓöÇΓöÇΓöÇΓöÇΓöÇΓöÇΓöÇΓöÇΓöÇΓöÇΓöÇΓöÇΓöÇΓöÇΓöÇΓöÇΓöÇΓöÇΓöÇΓöÇΓöÇΓöÇΓöÇΓöÇΓöÇΓöÇΓöÇΓöÇΓöÇΓöÇΓöÇΓöÇΓöÇΓöÇΓöÇΓöÇΓöÇΓöÇΓöÇΓöÇΓöÇΓöÇΓöÇΓöÇΓöÇΓöÇΓöÇΓöÇΓöÇΓöÇΓöÇΓöÇΓöÇΓöÇΓöÇΓöÇΓöÇΓöÇΓöÇΓöÇΓöÇΓöÇΓöÇΓöÇΓöÇΓöÇΓöÇΓöÇΓöÇΓöÇΓöÇΓöÇΓöÇ

  173) [chromium] ΓÇ║ e2e\responsive.spec.mjs:19:5 ΓÇ║ admin routes x viewports ΓÇ║ /admin/users/new ΓöÇΓöÇΓöÇΓöÇΓöÇ

    Error: /admin/users/new
    @1600px:
      - navigation failed: page.goto: net::ERR_CONNECTION_REFUSED at http://localhost:3058/admin/users/new
    @1200px:
      - navigation failed: page.goto: net::ERR_CONNECTION_REFUSED at http://localhost:3058/admin/users/new
    @768px:
      - navigation failed: page.goto: net::ERR_CONNECTION_REFUSED at http://localhost:3058/admin/users/new
    @480px:
      - navigation failed: page.goto: net::ERR_CONNECTION_REFUSED at http://localhost:3058/admin/users/new
    @375px:
      - navigation failed: page.goto: net::ERR_CONNECTION_REFUSED at http://localhost:3058/admin/users/new

    expect(received).toEqual(expected) // deep equality

    - Expected  -  1
    + Received  + 12

    - Array []
    + Array [
    +   "@1600px:
    +   - navigation failed: page.goto: net::ERR_CONNECTION_REFUSED at http://localhost:3058/admin/users/new",
    +   "@1200px:
    +   - navigation failed: page.goto: net::ERR_CONNECTION_REFUSED at http://localhost:3058/admin/users/new",
    +   "@768px:
    +   - navigation failed: page.goto: net::ERR_CONNECTION_REFUSED at http://localhost:3058/admin/users/new",
    +   "@480px:
    +   - navigation failed: page.goto: net::ERR_CONNECTION_REFUSED at http://localhost:3058/admin/users/new",
    +   "@375px:
    +   - navigation failed: page.goto: net::ERR_CONNECTION_REFUSED at http://localhost:3058/admin/users/new",
    + ]

      12 |   await testInfo.attach("matrix", { body: JSON.stringify({ route, url, results }), contentType: "application/json" });
      13 |   const failed = results.filter((r) => r.issues.length).map((r) => `@${r.viewport}px:\n  - ${r.issues.join("\n  - ")}`);
    > 14 |   expect(failed, `${url}\n${failed.join("\n")}`).toEqual([]);
         |                                                  ^
      15 | }
      16 |
      17 | test.describe("admin routes x viewports", () => {
        at runMatrix (C:\Users\priyank\Desktop\Development\BharatAgrolink-admin\e2e\responsive.spec.mjs:14:50)
        at C:\Users\priyank\Desktop\Development\BharatAgrolink-admin\e2e\responsive.spec.mjs:20:7

    attachment #7: screenshot (image/png) ΓöÇΓöÇΓöÇΓöÇΓöÇΓöÇΓöÇΓöÇΓöÇΓöÇΓöÇΓöÇΓöÇΓöÇΓöÇΓöÇΓöÇΓöÇΓöÇΓöÇΓöÇΓöÇΓöÇΓöÇΓöÇΓöÇΓöÇΓöÇΓöÇΓöÇΓöÇΓöÇΓöÇΓöÇΓöÇΓöÇΓöÇΓöÇΓöÇΓöÇΓöÇΓöÇΓöÇΓöÇΓöÇΓöÇΓöÇΓöÇΓöÇΓöÇΓöÇΓöÇΓöÇΓöÇΓöÇΓöÇΓöÇΓöÇ
    test-results\responsive-admin-routes-x-viewports-admin-users-new-chromium\test-failed-1.png
    ΓöÇΓöÇΓöÇΓöÇΓöÇΓöÇΓöÇΓöÇΓöÇΓöÇΓöÇΓöÇΓöÇΓöÇΓöÇΓöÇΓöÇΓöÇΓöÇΓöÇΓöÇΓöÇΓöÇΓöÇΓöÇΓöÇΓöÇΓöÇΓöÇΓöÇΓöÇΓöÇΓöÇΓöÇΓöÇΓöÇΓöÇΓöÇΓöÇΓöÇΓöÇΓöÇΓöÇΓöÇΓöÇΓöÇΓöÇΓöÇΓöÇΓöÇΓöÇΓöÇΓöÇΓöÇΓöÇΓöÇΓöÇΓöÇΓöÇΓöÇΓöÇΓöÇΓöÇΓöÇΓöÇΓöÇΓöÇΓöÇΓöÇΓöÇΓöÇΓöÇΓöÇΓöÇΓöÇΓöÇΓöÇΓöÇΓöÇΓöÇΓöÇΓöÇΓöÇΓöÇΓöÇΓöÇΓöÇΓöÇΓöÇΓöÇΓöÇΓöÇΓöÇΓöÇΓöÇΓöÇ

    Error Context: test-results\responsive-admin-routes-x-viewports-admin-users-new-chromium\error-context.md

    attachment #9: trace (application/zip) ΓöÇΓöÇΓöÇΓöÇΓöÇΓöÇΓöÇΓöÇΓöÇΓöÇΓöÇΓöÇΓöÇΓöÇΓöÇΓöÇΓöÇΓöÇΓöÇΓöÇΓöÇΓöÇΓöÇΓöÇΓöÇΓöÇΓöÇΓöÇΓöÇΓöÇΓöÇΓöÇΓöÇΓöÇΓöÇΓöÇΓöÇΓöÇΓöÇΓöÇΓöÇΓöÇΓöÇΓöÇΓöÇΓöÇΓöÇΓöÇΓöÇΓöÇΓöÇΓöÇΓöÇΓöÇΓöÇΓöÇΓöÇ
    test-results\responsive-admin-routes-x-viewports-admin-users-new-chromium\trace.zip
    Usage:

        npx playwright show-trace test-results\responsive-admin-routes-x-viewports-admin-users-new-chromium\trace.zip

    ΓöÇΓöÇΓöÇΓöÇΓöÇΓöÇΓöÇΓöÇΓöÇΓöÇΓöÇΓöÇΓöÇΓöÇΓöÇΓöÇΓöÇΓöÇΓöÇΓöÇΓöÇΓöÇΓöÇΓöÇΓöÇΓöÇΓöÇΓöÇΓöÇΓöÇΓöÇΓöÇΓöÇΓöÇΓöÇΓöÇΓöÇΓöÇΓöÇΓöÇΓöÇΓöÇΓöÇΓöÇΓöÇΓöÇΓöÇΓöÇΓöÇΓöÇΓöÇΓöÇΓöÇΓöÇΓöÇΓöÇΓöÇΓöÇΓöÇΓöÇΓöÇΓöÇΓöÇΓöÇΓöÇΓöÇΓöÇΓöÇΓöÇΓöÇΓöÇΓöÇΓöÇΓöÇΓöÇΓöÇΓöÇΓöÇΓöÇΓöÇΓöÇΓöÇΓöÇΓöÇΓöÇΓöÇΓöÇΓöÇΓöÇΓöÇΓöÇΓöÇΓöÇΓöÇΓöÇΓöÇ

  174) [chromium] ΓÇ║ e2e\responsive.spec.mjs:19:5 ΓÇ║ admin routes x viewports ΓÇ║ /admin/vendors ΓöÇΓöÇΓöÇΓöÇΓöÇΓöÇΓöÇ

    Error: /admin/vendors
    @1600px:
      - navigation failed: page.goto: net::ERR_CONNECTION_REFUSED at http://localhost:3058/admin/vendors
    @1200px:
      - navigation failed: page.goto: net::ERR_CONNECTION_REFUSED at http://localhost:3058/admin/vendors
    @768px:
      - navigation failed: page.goto: net::ERR_CONNECTION_REFUSED at http://localhost:3058/admin/vendors
    @480px:
      - navigation failed: page.goto: net::ERR_CONNECTION_REFUSED at http://localhost:3058/admin/vendors
    @375px:
      - navigation failed: page.goto: net::ERR_CONNECTION_REFUSED at http://localhost:3058/admin/vendors

    expect(received).toEqual(expected) // deep equality

    - Expected  -  1
    + Received  + 12

    - Array []
    + Array [
    +   "@1600px:
    +   - navigation failed: page.goto: net::ERR_CONNECTION_REFUSED at http://localhost:3058/admin/vendors",
    +   "@1200px:
    +   - navigation failed: page.goto: net::ERR_CONNECTION_REFUSED at http://localhost:3058/admin/vendors",
    +   "@768px:
    +   - navigation failed: page.goto: net::ERR_CONNECTION_REFUSED at http://localhost:3058/admin/vendors",
    +   "@480px:
    +   - navigation failed: page.goto: net::ERR_CONNECTION_REFUSED at http://localhost:3058/admin/vendors",
    +   "@375px:
    +   - navigation failed: page.goto: net::ERR_CONNECTION_REFUSED at http://localhost:3058/admin/vendors",
    + ]

      12 |   await testInfo.attach("matrix", { body: JSON.stringify({ route, url, results }), contentType: "application/json" });
      13 |   const failed = results.filter((r) => r.issues.length).map((r) => `@${r.viewport}px:\n  - ${r.issues.join("\n  - ")}`);
    > 14 |   expect(failed, `${url}\n${failed.join("\n")}`).toEqual([]);
         |                                                  ^
      15 | }
      16 |
      17 | test.describe("admin routes x viewports", () => {
        at runMatrix (C:\Users\priyank\Desktop\Development\BharatAgrolink-admin\e2e\responsive.spec.mjs:14:50)
        at C:\Users\priyank\Desktop\Development\BharatAgrolink-admin\e2e\responsive.spec.mjs:20:7

    attachment #7: screenshot (image/png) ΓöÇΓöÇΓöÇΓöÇΓöÇΓöÇΓöÇΓöÇΓöÇΓöÇΓöÇΓöÇΓöÇΓöÇΓöÇΓöÇΓöÇΓöÇΓöÇΓöÇΓöÇΓöÇΓöÇΓöÇΓöÇΓöÇΓöÇΓöÇΓöÇΓöÇΓöÇΓöÇΓöÇΓöÇΓöÇΓöÇΓöÇΓöÇΓöÇΓöÇΓöÇΓöÇΓöÇΓöÇΓöÇΓöÇΓöÇΓöÇΓöÇΓöÇΓöÇΓöÇΓöÇΓöÇΓöÇΓöÇΓöÇΓöÇ
    test-results\responsive-admin-routes-x-viewports-admin-vendors-chromium\test-failed-1.png
    ΓöÇΓöÇΓöÇΓöÇΓöÇΓöÇΓöÇΓöÇΓöÇΓöÇΓöÇΓöÇΓöÇΓöÇΓöÇΓöÇΓöÇΓöÇΓöÇΓöÇΓöÇΓöÇΓöÇΓöÇΓöÇΓöÇΓöÇΓöÇΓöÇΓöÇΓöÇΓöÇΓöÇΓöÇΓöÇΓöÇΓöÇΓöÇΓöÇΓöÇΓöÇΓöÇΓöÇΓöÇΓöÇΓöÇΓöÇΓöÇΓöÇΓöÇΓöÇΓöÇΓöÇΓöÇΓöÇΓöÇΓöÇΓöÇΓöÇΓöÇΓöÇΓöÇΓöÇΓöÇΓöÇΓöÇΓöÇΓöÇΓöÇΓöÇΓöÇΓöÇΓöÇΓöÇΓöÇΓöÇΓöÇΓöÇΓöÇΓöÇΓöÇΓöÇΓöÇΓöÇΓöÇΓöÇΓöÇΓöÇΓöÇΓöÇΓöÇΓöÇΓöÇΓöÇΓöÇΓöÇ

    Error Context: test-results\responsive-admin-routes-x-viewports-admin-vendors-chromium\error-context.md

    attachment #9: trace (application/zip) ΓöÇΓöÇΓöÇΓöÇΓöÇΓöÇΓöÇΓöÇΓöÇΓöÇΓöÇΓöÇΓöÇΓöÇΓöÇΓöÇΓöÇΓöÇΓöÇΓöÇΓöÇΓöÇΓöÇΓöÇΓöÇΓöÇΓöÇΓöÇΓöÇΓöÇΓöÇΓöÇΓöÇΓöÇΓöÇΓöÇΓöÇΓöÇΓöÇΓöÇΓöÇΓöÇΓöÇΓöÇΓöÇΓöÇΓöÇΓöÇΓöÇΓöÇΓöÇΓöÇΓöÇΓöÇΓöÇΓöÇΓöÇ
    test-results\responsive-admin-routes-x-viewports-admin-vendors-chromium\trace.zip
    Usage:

        npx playwright show-trace test-results\responsive-admin-routes-x-viewports-admin-vendors-chromium\trace.zip

    ΓöÇΓöÇΓöÇΓöÇΓöÇΓöÇΓöÇΓöÇΓöÇΓöÇΓöÇΓöÇΓöÇΓöÇΓöÇΓöÇΓöÇΓöÇΓöÇΓöÇΓöÇΓöÇΓöÇΓöÇΓöÇΓöÇΓöÇΓöÇΓöÇΓöÇΓöÇΓöÇΓöÇΓöÇΓöÇΓöÇΓöÇΓöÇΓöÇΓöÇΓöÇΓöÇΓöÇΓöÇΓöÇΓöÇΓöÇΓöÇΓöÇΓöÇΓöÇΓöÇΓöÇΓöÇΓöÇΓöÇΓöÇΓöÇΓöÇΓöÇΓöÇΓöÇΓöÇΓöÇΓöÇΓöÇΓöÇΓöÇΓöÇΓöÇΓöÇΓöÇΓöÇΓöÇΓöÇΓöÇΓöÇΓöÇΓöÇΓöÇΓöÇΓöÇΓöÇΓöÇΓöÇΓöÇΓöÇΓöÇΓöÇΓöÇΓöÇΓöÇΓöÇΓöÇΓöÇΓöÇ

  175) [chromium] ΓÇ║ e2e\responsive.spec.mjs:19:5 ΓÇ║ admin routes x viewports ΓÇ║ /admin/vendors/new ΓöÇΓöÇΓöÇ

    Error: /admin/vendors/new
    @1600px:
      - navigation failed: page.goto: net::ERR_CONNECTION_REFUSED at http://localhost:3058/admin/vendors/new
    @1200px:
      - navigation failed: page.goto: net::ERR_CONNECTION_REFUSED at http://localhost:3058/admin/vendors/new
    @768px:
      - navigation failed: page.goto: net::ERR_CONNECTION_REFUSED at http://localhost:3058/admin/vendors/new
    @480px:
      - navigation failed: page.goto: net::ERR_CONNECTION_REFUSED at http://localhost:3058/admin/vendors/new
    @375px:
      - navigation failed: page.goto: net::ERR_CONNECTION_REFUSED at http://localhost:3058/admin/vendors/new

    expect(received).toEqual(expected) // deep equality

    - Expected  -  1
    + Received  + 12

    - Array []
    + Array [
    +   "@1600px:
    +   - navigation failed: page.goto: net::ERR_CONNECTION_REFUSED at http://localhost:3058/admin/vendors/new",
    +   "@1200px:
    +   - navigation failed: page.goto: net::ERR_CONNECTION_REFUSED at http://localhost:3058/admin/vendors/new",
    +   "@768px:
    +   - navigation failed: page.goto: net::ERR_CONNECTION_REFUSED at http://localhost:3058/admin/vendors/new",
    +   "@480px:
    +   - navigation failed: page.goto: net::ERR_CONNECTION_REFUSED at http://localhost:3058/admin/vendors/new",
    +   "@375px:
    +   - navigation failed: page.goto: net::ERR_CONNECTION_REFUSED at http://localhost:3058/admin/vendors/new",
    + ]

      12 |   await testInfo.attach("matrix", { body: JSON.stringify({ route, url, results }), contentType: "application/json" });
      13 |   const failed = results.filter((r) => r.issues.length).map((r) => `@${r.viewport}px:\n  - ${r.issues.join("\n  - ")}`);
    > 14 |   expect(failed, `${url}\n${failed.join("\n")}`).toEqual([]);
         |                                                  ^
      15 | }
      16 |
      17 | test.describe("admin routes x viewports", () => {
        at runMatrix (C:\Users\priyank\Desktop\Development\BharatAgrolink-admin\e2e\responsive.spec.mjs:14:50)
        at C:\Users\priyank\Desktop\Development\BharatAgrolink-admin\e2e\responsive.spec.mjs:20:7

    attachment #7: screenshot (image/png) ΓöÇΓöÇΓöÇΓöÇΓöÇΓöÇΓöÇΓöÇΓöÇΓöÇΓöÇΓöÇΓöÇΓöÇΓöÇΓöÇΓöÇΓöÇΓöÇΓöÇΓöÇΓöÇΓöÇΓöÇΓöÇΓöÇΓöÇΓöÇΓöÇΓöÇΓöÇΓöÇΓöÇΓöÇΓöÇΓöÇΓöÇΓöÇΓöÇΓöÇΓöÇΓöÇΓöÇΓöÇΓöÇΓöÇΓöÇΓöÇΓöÇΓöÇΓöÇΓöÇΓöÇΓöÇΓöÇΓöÇΓöÇΓöÇ
    test-results\responsive-admin-routes-x-viewports-admin-vendors-new-chromium\test-failed-1.png
    ΓöÇΓöÇΓöÇΓöÇΓöÇΓöÇΓöÇΓöÇΓöÇΓöÇΓöÇΓöÇΓöÇΓöÇΓöÇΓöÇΓöÇΓöÇΓöÇΓöÇΓöÇΓöÇΓöÇΓöÇΓöÇΓöÇΓöÇΓöÇΓöÇΓöÇΓöÇΓöÇΓöÇΓöÇΓöÇΓöÇΓöÇΓöÇΓöÇΓöÇΓöÇΓöÇΓöÇΓöÇΓöÇΓöÇΓöÇΓöÇΓöÇΓöÇΓöÇΓöÇΓöÇΓöÇΓöÇΓöÇΓöÇΓöÇΓöÇΓöÇΓöÇΓöÇΓöÇΓöÇΓöÇΓöÇΓöÇΓöÇΓöÇΓöÇΓöÇΓöÇΓöÇΓöÇΓöÇΓöÇΓöÇΓöÇΓöÇΓöÇΓöÇΓöÇΓöÇΓöÇΓöÇΓöÇΓöÇΓöÇΓöÇΓöÇΓöÇΓöÇΓöÇΓöÇΓöÇΓöÇ

    Error Context: test-results\responsive-admin-routes-x-viewports-admin-vendors-new-chromium\error-context.md

    attachment #9: trace (application/zip) ΓöÇΓöÇΓöÇΓöÇΓöÇΓöÇΓöÇΓöÇΓöÇΓöÇΓöÇΓöÇΓöÇΓöÇΓöÇΓöÇΓöÇΓöÇΓöÇΓöÇΓöÇΓöÇΓöÇΓöÇΓöÇΓöÇΓöÇΓöÇΓöÇΓöÇΓöÇΓöÇΓöÇΓöÇΓöÇΓöÇΓöÇΓöÇΓöÇΓöÇΓöÇΓöÇΓöÇΓöÇΓöÇΓöÇΓöÇΓöÇΓöÇΓöÇΓöÇΓöÇΓöÇΓöÇΓöÇΓöÇΓöÇ
    test-results\responsive-admin-routes-x-viewports-admin-vendors-new-chromium\trace.zip
    Usage:

        npx playwright show-trace test-results\responsive-admin-routes-x-viewports-admin-vendors-new-chromium\trace.zip

    ΓöÇΓöÇΓöÇΓöÇΓöÇΓöÇΓöÇΓöÇΓöÇΓöÇΓöÇΓöÇΓöÇΓöÇΓöÇΓöÇΓöÇΓöÇΓöÇΓöÇΓöÇΓöÇΓöÇΓöÇΓöÇΓöÇΓöÇΓöÇΓöÇΓöÇΓöÇΓöÇΓöÇΓöÇΓöÇΓöÇΓöÇΓöÇΓöÇΓöÇΓöÇΓöÇΓöÇΓöÇΓöÇΓöÇΓöÇΓöÇΓöÇΓöÇΓöÇΓöÇΓöÇΓöÇΓöÇΓöÇΓöÇΓöÇΓöÇΓöÇΓöÇΓöÇΓöÇΓöÇΓöÇΓöÇΓöÇΓöÇΓöÇΓöÇΓöÇΓöÇΓöÇΓöÇΓöÇΓöÇΓöÇΓöÇΓöÇΓöÇΓöÇΓöÇΓöÇΓöÇΓöÇΓöÇΓöÇΓöÇΓöÇΓöÇΓöÇΓöÇΓöÇΓöÇΓöÇΓöÇ

  176) [chromium] ΓÇ║ e2e\responsive.spec.mjs:19:5 ΓÇ║ admin routes x viewports ΓÇ║ /admin/vendors/reports 

    Error: /admin/vendors/reports
    @1600px:
      - navigation failed: page.goto: net::ERR_CONNECTION_REFUSED at http://localhost:3058/admin/vendors/reports
    @1200px:
      - navigation failed: page.goto: net::ERR_CONNECTION_REFUSED at http://localhost:3058/admin/vendors/reports
    @768px:
      - navigation failed: page.goto: net::ERR_CONNECTION_REFUSED at http://localhost:3058/admin/vendors/reports
    @480px:
      - navigation failed: page.goto: net::ERR_CONNECTION_REFUSED at http://localhost:3058/admin/vendors/reports
    @375px:
      - navigation failed: page.goto: net::ERR_CONNECTION_REFUSED at http://localhost:3058/admin/vendors/reports

    expect(received).toEqual(expected) // deep equality

    - Expected  -  1
    + Received  + 12

    - Array []
    + Array [
    +   "@1600px:
    +   - navigation failed: page.goto: net::ERR_CONNECTION_REFUSED at http://localhost:3058/admin/vendors/reports",
    +   "@1200px:
    +   - navigation failed: page.goto: net::ERR_CONNECTION_REFUSED at http://localhost:3058/admin/vendors/reports",
    +   "@768px:
    +   - navigation failed: page.goto: net::ERR_CONNECTION_REFUSED at http://localhost:3058/admin/vendors/reports",
    +   "@480px:
    +   - navigation failed: page.goto: net::ERR_CONNECTION_REFUSED at http://localhost:3058/admin/vendors/reports",
    +   "@375px:
    +   - navigation failed: page.goto: net::ERR_CONNECTION_REFUSED at http://localhost:3058/admin/vendors/reports",
    + ]

      12 |   await testInfo.attach("matrix", { body: JSON.stringify({ route, url, results }), contentType: "application/json" });
      13 |   const failed = results.filter((r) => r.issues.length).map((r) => `@${r.viewport}px:\n  - ${r.issues.join("\n  - ")}`);
    > 14 |   expect(failed, `${url}\n${failed.join("\n")}`).toEqual([]);
         |                                                  ^
      15 | }
      16 |
      17 | test.describe("admin routes x viewports", () => {
        at runMatrix (C:\Users\priyank\Desktop\Development\BharatAgrolink-admin\e2e\responsive.spec.mjs:14:50)
        at C:\Users\priyank\Desktop\Development\BharatAgrolink-admin\e2e\responsive.spec.mjs:20:7

    attachment #7: screenshot (image/png) ΓöÇΓöÇΓöÇΓöÇΓöÇΓöÇΓöÇΓöÇΓöÇΓöÇΓöÇΓöÇΓöÇΓöÇΓöÇΓöÇΓöÇΓöÇΓöÇΓöÇΓöÇΓöÇΓöÇΓöÇΓöÇΓöÇΓöÇΓöÇΓöÇΓöÇΓöÇΓöÇΓöÇΓöÇΓöÇΓöÇΓöÇΓöÇΓöÇΓöÇΓöÇΓöÇΓöÇΓöÇΓöÇΓöÇΓöÇΓöÇΓöÇΓöÇΓöÇΓöÇΓöÇΓöÇΓöÇΓöÇΓöÇΓöÇ
    test-results\responsive-admin-routes-x-viewports-admin-vendors-reports-chromium\test-failed-1.png
    ΓöÇΓöÇΓöÇΓöÇΓöÇΓöÇΓöÇΓöÇΓöÇΓöÇΓöÇΓöÇΓöÇΓöÇΓöÇΓöÇΓöÇΓöÇΓöÇΓöÇΓöÇΓöÇΓöÇΓöÇΓöÇΓöÇΓöÇΓöÇΓöÇΓöÇΓöÇΓöÇΓöÇΓöÇΓöÇΓöÇΓöÇΓöÇΓöÇΓöÇΓöÇΓöÇΓöÇΓöÇΓöÇΓöÇΓöÇΓöÇΓöÇΓöÇΓöÇΓöÇΓöÇΓöÇΓöÇΓöÇΓöÇΓöÇΓöÇΓöÇΓöÇΓöÇΓöÇΓöÇΓöÇΓöÇΓöÇΓöÇΓöÇΓöÇΓöÇΓöÇΓöÇΓöÇΓöÇΓöÇΓöÇΓöÇΓöÇΓöÇΓöÇΓöÇΓöÇΓöÇΓöÇΓöÇΓöÇΓöÇΓöÇΓöÇΓöÇΓöÇΓöÇΓöÇΓöÇΓöÇ

    Error Context: test-results\responsive-admin-routes-x-viewports-admin-vendors-reports-chromium\error-context.md

    attachment #9: trace (application/zip) ΓöÇΓöÇΓöÇΓöÇΓöÇΓöÇΓöÇΓöÇΓöÇΓöÇΓöÇΓöÇΓöÇΓöÇΓöÇΓöÇΓöÇΓöÇΓöÇΓöÇΓöÇΓöÇΓöÇΓöÇΓöÇΓöÇΓöÇΓöÇΓöÇΓöÇΓöÇΓöÇΓöÇΓöÇΓöÇΓöÇΓöÇΓöÇΓöÇΓöÇΓöÇΓöÇΓöÇΓöÇΓöÇΓöÇΓöÇΓöÇΓöÇΓöÇΓöÇΓöÇΓöÇΓöÇΓöÇΓöÇΓöÇ
    test-results\responsive-admin-routes-x-viewports-admin-vendors-reports-chromium\trace.zip
    Usage:

        npx playwright show-trace test-results\responsive-admin-routes-x-viewports-admin-vendors-reports-chromium\trace.zip

    ΓöÇΓöÇΓöÇΓöÇΓöÇΓöÇΓöÇΓöÇΓöÇΓöÇΓöÇΓöÇΓöÇΓöÇΓöÇΓöÇΓöÇΓöÇΓöÇΓöÇΓöÇΓöÇΓöÇΓöÇΓöÇΓöÇΓöÇΓöÇΓöÇΓöÇΓöÇΓöÇΓöÇΓöÇΓöÇΓöÇΓöÇΓöÇΓöÇΓöÇΓöÇΓöÇΓöÇΓöÇΓöÇΓöÇΓöÇΓöÇΓöÇΓöÇΓöÇΓöÇΓöÇΓöÇΓöÇΓöÇΓöÇΓöÇΓöÇΓöÇΓöÇΓöÇΓöÇΓöÇΓöÇΓöÇΓöÇΓöÇΓöÇΓöÇΓöÇΓöÇΓöÇΓöÇΓöÇΓöÇΓöÇΓöÇΓöÇΓöÇΓöÇΓöÇΓöÇΓöÇΓöÇΓöÇΓöÇΓöÇΓöÇΓöÇΓöÇΓöÇΓöÇΓöÇΓöÇΓöÇ

  177) [chromium] ΓÇ║ e2e\responsive.spec.mjs:19:5 ΓÇ║ admin routes x viewports ΓÇ║ /admin/vendors/scores 

    Error: /admin/vendors/scores
    @1600px:
      - navigation failed: page.goto: net::ERR_CONNECTION_REFUSED at http://localhost:3058/admin/vendors/scores
    @1200px:
      - navigation failed: page.goto: net::ERR_CONNECTION_REFUSED at http://localhost:3058/admin/vendors/scores
    @768px:
      - navigation failed: page.goto: net::ERR_CONNECTION_REFUSED at http://localhost:3058/admin/vendors/scores
    @480px:
      - navigation failed: page.goto: net::ERR_CONNECTION_REFUSED at http://localhost:3058/admin/vendors/scores
    @375px:
      - navigation failed: page.goto: net::ERR_CONNECTION_REFUSED at http://localhost:3058/admin/vendors/scores

    expect(received).toEqual(expected) // deep equality

    - Expected  -  1
    + Received  + 12

    - Array []
    + Array [
    +   "@1600px:
    +   - navigation failed: page.goto: net::ERR_CONNECTION_REFUSED at http://localhost:3058/admin/vendors/scores",
    +   "@1200px:
    +   - navigation failed: page.goto: net::ERR_CONNECTION_REFUSED at http://localhost:3058/admin/vendors/scores",
    +   "@768px:
    +   - navigation failed: page.goto: net::ERR_CONNECTION_REFUSED at http://localhost:3058/admin/vendors/scores",
    +   "@480px:
    +   - navigation failed: page.goto: net::ERR_CONNECTION_REFUSED at http://localhost:3058/admin/vendors/scores",
    +   "@375px:
    +   - navigation failed: page.goto: net::ERR_CONNECTION_REFUSED at http://localhost:3058/admin/vendors/scores",
    + ]

      12 |   await testInfo.attach("matrix", { body: JSON.stringify({ route, url, results }), contentType: "application/json" });
      13 |   const failed = results.filter((r) => r.issues.length).map((r) => `@${r.viewport}px:\n  - ${r.issues.join("\n  - ")}`);
    > 14 |   expect(failed, `${url}\n${failed.join("\n")}`).toEqual([]);
         |                                                  ^
      15 | }
      16 |
      17 | test.describe("admin routes x viewports", () => {
        at runMatrix (C:\Users\priyank\Desktop\Development\BharatAgrolink-admin\e2e\responsive.spec.mjs:14:50)
        at C:\Users\priyank\Desktop\Development\BharatAgrolink-admin\e2e\responsive.spec.mjs:20:7

    attachment #7: screenshot (image/png) ΓöÇΓöÇΓöÇΓöÇΓöÇΓöÇΓöÇΓöÇΓöÇΓöÇΓöÇΓöÇΓöÇΓöÇΓöÇΓöÇΓöÇΓöÇΓöÇΓöÇΓöÇΓöÇΓöÇΓöÇΓöÇΓöÇΓöÇΓöÇΓöÇΓöÇΓöÇΓöÇΓöÇΓöÇΓöÇΓöÇΓöÇΓöÇΓöÇΓöÇΓöÇΓöÇΓöÇΓöÇΓöÇΓöÇΓöÇΓöÇΓöÇΓöÇΓöÇΓöÇΓöÇΓöÇΓöÇΓöÇΓöÇΓöÇ
    test-results\responsive-admin-routes-x-viewports-admin-vendors-scores-chromium\test-failed-1.png
    ΓöÇΓöÇΓöÇΓöÇΓöÇΓöÇΓöÇΓöÇΓöÇΓöÇΓöÇΓöÇΓöÇΓöÇΓöÇΓöÇΓöÇΓöÇΓöÇΓöÇΓöÇΓöÇΓöÇΓöÇΓöÇΓöÇΓöÇΓöÇΓöÇΓöÇΓöÇΓöÇΓöÇΓöÇΓöÇΓöÇΓöÇΓöÇΓöÇΓöÇΓöÇΓöÇΓöÇΓöÇΓöÇΓöÇΓöÇΓöÇΓöÇΓöÇΓöÇΓöÇΓöÇΓöÇΓöÇΓöÇΓöÇΓöÇΓöÇΓöÇΓöÇΓöÇΓöÇΓöÇΓöÇΓöÇΓöÇΓöÇΓöÇΓöÇΓöÇΓöÇΓöÇΓöÇΓöÇΓöÇΓöÇΓöÇΓöÇΓöÇΓöÇΓöÇΓöÇΓöÇΓöÇΓöÇΓöÇΓöÇΓöÇΓöÇΓöÇΓöÇΓöÇΓöÇΓöÇΓöÇ

    Error Context: test-results\responsive-admin-routes-x-viewports-admin-vendors-scores-chromium\error-context.md

    attachment #9: trace (application/zip) ΓöÇΓöÇΓöÇΓöÇΓöÇΓöÇΓöÇΓöÇΓöÇΓöÇΓöÇΓöÇΓöÇΓöÇΓöÇΓöÇΓöÇΓöÇΓöÇΓöÇΓöÇΓöÇΓöÇΓöÇΓöÇΓöÇΓöÇΓöÇΓöÇΓöÇΓöÇΓöÇΓöÇΓöÇΓöÇΓöÇΓöÇΓöÇΓöÇΓöÇΓöÇΓöÇΓöÇΓöÇΓöÇΓöÇΓöÇΓöÇΓöÇΓöÇΓöÇΓöÇΓöÇΓöÇΓöÇΓöÇΓöÇ
    test-results\responsive-admin-routes-x-viewports-admin-vendors-scores-chromium\trace.zip
    Usage:

        npx playwright show-trace test-results\responsive-admin-routes-x-viewports-admin-vendors-scores-chromium\trace.zip

    ΓöÇΓöÇΓöÇΓöÇΓöÇΓöÇΓöÇΓöÇΓöÇΓöÇΓöÇΓöÇΓöÇΓöÇΓöÇΓöÇΓöÇΓöÇΓöÇΓöÇΓöÇΓöÇΓöÇΓöÇΓöÇΓöÇΓöÇΓöÇΓöÇΓöÇΓöÇΓöÇΓöÇΓöÇΓöÇΓöÇΓöÇΓöÇΓöÇΓöÇΓöÇΓöÇΓöÇΓöÇΓöÇΓöÇΓöÇΓöÇΓöÇΓöÇΓöÇΓöÇΓöÇΓöÇΓöÇΓöÇΓöÇΓöÇΓöÇΓöÇΓöÇΓöÇΓöÇΓöÇΓöÇΓöÇΓöÇΓöÇΓöÇΓöÇΓöÇΓöÇΓöÇΓöÇΓöÇΓöÇΓöÇΓöÇΓöÇΓöÇΓöÇΓöÇΓöÇΓöÇΓöÇΓöÇΓöÇΓöÇΓöÇΓöÇΓöÇΓöÇΓöÇΓöÇΓöÇΓöÇ

  178) [chromium] ΓÇ║ e2e\responsive.spec.mjs:19:5 ΓÇ║ admin routes x viewports ΓÇ║ /admin/vendors/verification 

    Error: /admin/vendors/verification
    @1600px:
      - navigation failed: page.goto: net::ERR_CONNECTION_REFUSED at http://localhost:3058/admin/vendors/verification
    @1200px:
      - navigation failed: page.goto: net::ERR_CONNECTION_REFUSED at http://localhost:3058/admin/vendors/verification
    @768px:
      - navigation failed: page.goto: net::ERR_CONNECTION_REFUSED at http://localhost:3058/admin/vendors/verification
    @480px:
      - navigation failed: page.goto: net::ERR_CONNECTION_REFUSED at http://localhost:3058/admin/vendors/verification
    @375px:
      - navigation failed: page.goto: net::ERR_CONNECTION_REFUSED at http://localhost:3058/admin/vendors/verification

    expect(received).toEqual(expected) // deep equality

    - Expected  -  1
    + Received  + 12

    - Array []
    + Array [
    +   "@1600px:
    +   - navigation failed: page.goto: net::ERR_CONNECTION_REFUSED at http://localhost:3058/admin/vendors/verification",
    +   "@1200px:
    +   - navigation failed: page.goto: net::ERR_CONNECTION_REFUSED at http://localhost:3058/admin/vendors/verification",
    +   "@768px:
    +   - navigation failed: page.goto: net::ERR_CONNECTION_REFUSED at http://localhost:3058/admin/vendors/verification",
    +   "@480px:
    +   - navigation failed: page.goto: net::ERR_CONNECTION_REFUSED at http://localhost:3058/admin/vendors/verification",
    +   "@375px:
    +   - navigation failed: page.goto: net::ERR_CONNECTION_REFUSED at http://localhost:3058/admin/vendors/verification",
    + ]

      12 |   await testInfo.attach("matrix", { body: JSON.stringify({ route, url, results }), contentType: "application/json" });
      13 |   const failed = results.filter((r) => r.issues.length).map((r) => `@${r.viewport}px:\n  - ${r.issues.join("\n  - ")}`);
    > 14 |   expect(failed, `${url}\n${failed.join("\n")}`).toEqual([]);
         |                                                  ^
      15 | }
      16 |
      17 | test.describe("admin routes x viewports", () => {
        at runMatrix (C:\Users\priyank\Desktop\Development\BharatAgrolink-admin\e2e\responsive.spec.mjs:14:50)
        at C:\Users\priyank\Desktop\Development\BharatAgrolink-admin\e2e\responsive.spec.mjs:20:7

    attachment #7: screenshot (image/png) ΓöÇΓöÇΓöÇΓöÇΓöÇΓöÇΓöÇΓöÇΓöÇΓöÇΓöÇΓöÇΓöÇΓöÇΓöÇΓöÇΓöÇΓöÇΓöÇΓöÇΓöÇΓöÇΓöÇΓöÇΓöÇΓöÇΓöÇΓöÇΓöÇΓöÇΓöÇΓöÇΓöÇΓöÇΓöÇΓöÇΓöÇΓöÇΓöÇΓöÇΓöÇΓöÇΓöÇΓöÇΓöÇΓöÇΓöÇΓöÇΓöÇΓöÇΓöÇΓöÇΓöÇΓöÇΓöÇΓöÇΓöÇΓöÇ
    test-results\responsive-admin-routes-x--432cd--admin-vendors-verification-chromium\test-failed-1.png
    ΓöÇΓöÇΓöÇΓöÇΓöÇΓöÇΓöÇΓöÇΓöÇΓöÇΓöÇΓöÇΓöÇΓöÇΓöÇΓöÇΓöÇΓöÇΓöÇΓöÇΓöÇΓöÇΓöÇΓöÇΓöÇΓöÇΓöÇΓöÇΓöÇΓöÇΓöÇΓöÇΓöÇΓöÇΓöÇΓöÇΓöÇΓöÇΓöÇΓöÇΓöÇΓöÇΓöÇΓöÇΓöÇΓöÇΓöÇΓöÇΓöÇΓöÇΓöÇΓöÇΓöÇΓöÇΓöÇΓöÇΓöÇΓöÇΓöÇΓöÇΓöÇΓöÇΓöÇΓöÇΓöÇΓöÇΓöÇΓöÇΓöÇΓöÇΓöÇΓöÇΓöÇΓöÇΓöÇΓöÇΓöÇΓöÇΓöÇΓöÇΓöÇΓöÇΓöÇΓöÇΓöÇΓöÇΓöÇΓöÇΓöÇΓöÇΓöÇΓöÇΓöÇΓöÇΓöÇΓöÇ

    Error Context: test-results\responsive-admin-routes-x--432cd--admin-vendors-verification-chromium\error-context.md

    attachment #9: trace (application/zip) ΓöÇΓöÇΓöÇΓöÇΓöÇΓöÇΓöÇΓöÇΓöÇΓöÇΓöÇΓöÇΓöÇΓöÇΓöÇΓöÇΓöÇΓöÇΓöÇΓöÇΓöÇΓöÇΓöÇΓöÇΓöÇΓöÇΓöÇΓöÇΓöÇΓöÇΓöÇΓöÇΓöÇΓöÇΓöÇΓöÇΓöÇΓöÇΓöÇΓöÇΓöÇΓöÇΓöÇΓöÇΓöÇΓöÇΓöÇΓöÇΓöÇΓöÇΓöÇΓöÇΓöÇΓöÇΓöÇΓöÇΓöÇ
    test-results\responsive-admin-routes-x--432cd--admin-vendors-verification-chromium\trace.zip
    Usage:

        npx playwright show-trace test-results\responsive-admin-routes-x--432cd--admin-vendors-verification-chromium\trace.zip

    ΓöÇΓöÇΓöÇΓöÇΓöÇΓöÇΓöÇΓöÇΓöÇΓöÇΓöÇΓöÇΓöÇΓöÇΓöÇΓöÇΓöÇΓöÇΓöÇΓöÇΓöÇΓöÇΓöÇΓöÇΓöÇΓöÇΓöÇΓöÇΓöÇΓöÇΓöÇΓöÇΓöÇΓöÇΓöÇΓöÇΓöÇΓöÇΓöÇΓöÇΓöÇΓöÇΓöÇΓöÇΓöÇΓöÇΓöÇΓöÇΓöÇΓöÇΓöÇΓöÇΓöÇΓöÇΓöÇΓöÇΓöÇΓöÇΓöÇΓöÇΓöÇΓöÇΓöÇΓöÇΓöÇΓöÇΓöÇΓöÇΓöÇΓöÇΓöÇΓöÇΓöÇΓöÇΓöÇΓöÇΓöÇΓöÇΓöÇΓöÇΓöÇΓöÇΓöÇΓöÇΓöÇΓöÇΓöÇΓöÇΓöÇΓöÇΓöÇΓöÇΓöÇΓöÇΓöÇΓöÇ

  179) [chromium] ΓÇ║ e2e\responsive.spec.mjs:25:5 ΓÇ║ admin routes x viewports ΓÇ║ /admin/orders/[id] ΓöÇΓöÇΓöÇ

    Error: /admin/orders/BAO-6494-2627-AA2775
    @1600px:
      - navigation failed: page.goto: net::ERR_CONNECTION_REFUSED at http://localhost:3058/admin/orders/BAO-6494-2627-AA2775
    @1200px:
      - navigation failed: page.goto: net::ERR_CONNECTION_REFUSED at http://localhost:3058/admin/orders/BAO-6494-2627-AA2775
    @768px:
      - navigation failed: page.goto: net::ERR_CONNECTION_REFUSED at http://localhost:3058/admin/orders/BAO-6494-2627-AA2775
    @480px:
      - navigation failed: page.goto: net::ERR_CONNECTION_REFUSED at http://localhost:3058/admin/orders/BAO-6494-2627-AA2775
    @375px:
      - navigation failed: page.goto: net::ERR_CONNECTION_REFUSED at http://localhost:3058/admin/orders/BAO-6494-2627-AA2775

    expect(received).toEqual(expected) // deep equality

    - Expected  -  1
    + Received  + 12

    - Array []
    + Array [
    +   "@1600px:
    +   - navigation failed: page.goto: net::ERR_CONNECTION_REFUSED at http://localhost:3058/admin/orders/BAO-6494-2627-AA2775",
    +   "@1200px:
    +   - navigation failed: page.goto: net::ERR_CONNECTION_REFUSED at http://localhost:3058/admin/orders/BAO-6494-2627-AA2775",
    +   "@768px:
    +   - navigation failed: page.goto: net::ERR_CONNECTION_REFUSED at http://localhost:3058/admin/orders/BAO-6494-2627-AA2775",
    +   "@480px:
    +   - navigation failed: page.goto: net::ERR_CONNECTION_REFUSED at http://localhost:3058/admin/orders/BAO-6494-2627-AA2775",
    +   "@375px:
    +   - navigation failed: page.goto: net::ERR_CONNECTION_REFUSED at http://localhost:3058/admin/orders/BAO-6494-2627-AA2775",
    + ]

      12 |   await testInfo.attach("matrix", { body: JSON.stringify({ route, url, results }), contentType: "application/json" });
      13 |   const failed = results.filter((r) => r.issues.length).map((r) => `@${r.viewport}px:\n  - ${r.issues.join("\n  - ")}`);
    > 14 |   expect(failed, `${url}\n${failed.join("\n")}`).toEqual([]);
         |                                                  ^
      15 | }
      16 |
      17 | test.describe("admin routes x viewports", () => {
        at runMatrix (C:\Users\priyank\Desktop\Development\BharatAgrolink-admin\e2e\responsive.spec.mjs:14:50)
        at C:\Users\priyank\Desktop\Development\BharatAgrolink-admin\e2e\responsive.spec.mjs:30:7

    attachment #7: screenshot (image/png) ΓöÇΓöÇΓöÇΓöÇΓöÇΓöÇΓöÇΓöÇΓöÇΓöÇΓöÇΓöÇΓöÇΓöÇΓöÇΓöÇΓöÇΓöÇΓöÇΓöÇΓöÇΓöÇΓöÇΓöÇΓöÇΓöÇΓöÇΓöÇΓöÇΓöÇΓöÇΓöÇΓöÇΓöÇΓöÇΓöÇΓöÇΓöÇΓöÇΓöÇΓöÇΓöÇΓöÇΓöÇΓöÇΓöÇΓöÇΓöÇΓöÇΓöÇΓöÇΓöÇΓöÇΓöÇΓöÇΓöÇΓöÇΓöÇ
    test-results\responsive-admin-routes-x-viewports-admin-orders-id--chromium\test-failed-1.png
    ΓöÇΓöÇΓöÇΓöÇΓöÇΓöÇΓöÇΓöÇΓöÇΓöÇΓöÇΓöÇΓöÇΓöÇΓöÇΓöÇΓöÇΓöÇΓöÇΓöÇΓöÇΓöÇΓöÇΓöÇΓöÇΓöÇΓöÇΓöÇΓöÇΓöÇΓöÇΓöÇΓöÇΓöÇΓöÇΓöÇΓöÇΓöÇΓöÇΓöÇΓöÇΓöÇΓöÇΓöÇΓöÇΓöÇΓöÇΓöÇΓöÇΓöÇΓöÇΓöÇΓöÇΓöÇΓöÇΓöÇΓöÇΓöÇΓöÇΓöÇΓöÇΓöÇΓöÇΓöÇΓöÇΓöÇΓöÇΓöÇΓöÇΓöÇΓöÇΓöÇΓöÇΓöÇΓöÇΓöÇΓöÇΓöÇΓöÇΓöÇΓöÇΓöÇΓöÇΓöÇΓöÇΓöÇΓöÇΓöÇΓöÇΓöÇΓöÇΓöÇΓöÇΓöÇΓöÇΓöÇ

    Error Context: test-results\responsive-admin-routes-x-viewports-admin-orders-id--chromium\error-context.md

    attachment #9: trace (application/zip) ΓöÇΓöÇΓöÇΓöÇΓöÇΓöÇΓöÇΓöÇΓöÇΓöÇΓöÇΓöÇΓöÇΓöÇΓöÇΓöÇΓöÇΓöÇΓöÇΓöÇΓöÇΓöÇΓöÇΓöÇΓöÇΓöÇΓöÇΓöÇΓöÇΓöÇΓöÇΓöÇΓöÇΓöÇΓöÇΓöÇΓöÇΓöÇΓöÇΓöÇΓöÇΓöÇΓöÇΓöÇΓöÇΓöÇΓöÇΓöÇΓöÇΓöÇΓöÇΓöÇΓöÇΓöÇΓöÇΓöÇΓöÇ
    test-results\responsive-admin-routes-x-viewports-admin-orders-id--chromium\trace.zip
    Usage:

        npx playwright show-trace test-results\responsive-admin-routes-x-viewports-admin-orders-id--chromium\trace.zip

    ΓöÇΓöÇΓöÇΓöÇΓöÇΓöÇΓöÇΓöÇΓöÇΓöÇΓöÇΓöÇΓöÇΓöÇΓöÇΓöÇΓöÇΓöÇΓöÇΓöÇΓöÇΓöÇΓöÇΓöÇΓöÇΓöÇΓöÇΓöÇΓöÇΓöÇΓöÇΓöÇΓöÇΓöÇΓöÇΓöÇΓöÇΓöÇΓöÇΓöÇΓöÇΓöÇΓöÇΓöÇΓöÇΓöÇΓöÇΓöÇΓöÇΓöÇΓöÇΓöÇΓöÇΓöÇΓöÇΓöÇΓöÇΓöÇΓöÇΓöÇΓöÇΓöÇΓöÇΓöÇΓöÇΓöÇΓöÇΓöÇΓöÇΓöÇΓöÇΓöÇΓöÇΓöÇΓöÇΓöÇΓöÇΓöÇΓöÇΓöÇΓöÇΓöÇΓöÇΓöÇΓöÇΓöÇΓöÇΓöÇΓöÇΓöÇΓöÇΓöÇΓöÇΓöÇΓöÇΓöÇ

  180) [chromium] ΓÇ║ e2e\responsive.spec.mjs:25:5 ΓÇ║ admin routes x viewports ΓÇ║ /admin/products/[id] ΓöÇ

    Error: /admin/products/Pd9sZBl0a7V
    @1600px:
      - navigation failed: page.goto: net::ERR_CONNECTION_REFUSED at http://localhost:3058/admin/products/Pd9sZBl0a7V
    @1200px:
      - navigation failed: page.goto: net::ERR_CONNECTION_REFUSED at http://localhost:3058/admin/products/Pd9sZBl0a7V
    @768px:
      - navigation failed: page.goto: net::ERR_CONNECTION_REFUSED at http://localhost:3058/admin/products/Pd9sZBl0a7V
    @480px:
      - navigation failed: page.goto: net::ERR_CONNECTION_REFUSED at http://localhost:3058/admin/products/Pd9sZBl0a7V
    @375px:
      - navigation failed: page.goto: net::ERR_CONNECTION_REFUSED at http://localhost:3058/admin/products/Pd9sZBl0a7V

    expect(received).toEqual(expected) // deep equality

    - Expected  -  1
    + Received  + 12

    - Array []
    + Array [
    +   "@1600px:
    +   - navigation failed: page.goto: net::ERR_CONNECTION_REFUSED at http://localhost:3058/admin/products/Pd9sZBl0a7V",
    +   "@1200px:
    +   - navigation failed: page.goto: net::ERR_CONNECTION_REFUSED at http://localhost:3058/admin/products/Pd9sZBl0a7V",
    +   "@768px:
    +   - navigation failed: page.goto: net::ERR_CONNECTION_REFUSED at http://localhost:3058/admin/products/Pd9sZBl0a7V",
    +   "@480px:
    +   - navigation failed: page.goto: net::ERR_CONNECTION_REFUSED at http://localhost:3058/admin/products/Pd9sZBl0a7V",
    +   "@375px:
    +   - navigation failed: page.goto: net::ERR_CONNECTION_REFUSED at http://localhost:3058/admin/products/Pd9sZBl0a7V",
    + ]

      12 |   await testInfo.attach("matrix", { body: JSON.stringify({ route, url, results }), contentType: "application/json" });
      13 |   const failed = results.filter((r) => r.issues.length).map((r) => `@${r.viewport}px:\n  - ${r.issues.join("\n  - ")}`);
    > 14 |   expect(failed, `${url}\n${failed.join("\n")}`).toEqual([]);
         |                                                  ^
      15 | }
      16 |
      17 | test.describe("admin routes x viewports", () => {
        at runMatrix (C:\Users\priyank\Desktop\Development\BharatAgrolink-admin\e2e\responsive.spec.mjs:14:50)
        at C:\Users\priyank\Desktop\Development\BharatAgrolink-admin\e2e\responsive.spec.mjs:30:7

    attachment #7: screenshot (image/png) ΓöÇΓöÇΓöÇΓöÇΓöÇΓöÇΓöÇΓöÇΓöÇΓöÇΓöÇΓöÇΓöÇΓöÇΓöÇΓöÇΓöÇΓöÇΓöÇΓöÇΓöÇΓöÇΓöÇΓöÇΓöÇΓöÇΓöÇΓöÇΓöÇΓöÇΓöÇΓöÇΓöÇΓöÇΓöÇΓöÇΓöÇΓöÇΓöÇΓöÇΓöÇΓöÇΓöÇΓöÇΓöÇΓöÇΓöÇΓöÇΓöÇΓöÇΓöÇΓöÇΓöÇΓöÇΓöÇΓöÇΓöÇΓöÇ
    test-results\responsive-admin-routes-x-viewports-admin-products-id--chromium\test-failed-1.png
    ΓöÇΓöÇΓöÇΓöÇΓöÇΓöÇΓöÇΓöÇΓöÇΓöÇΓöÇΓöÇΓöÇΓöÇΓöÇΓöÇΓöÇΓöÇΓöÇΓöÇΓöÇΓöÇΓöÇΓöÇΓöÇΓöÇΓöÇΓöÇΓöÇΓöÇΓöÇΓöÇΓöÇΓöÇΓöÇΓöÇΓöÇΓöÇΓöÇΓöÇΓöÇΓöÇΓöÇΓöÇΓöÇΓöÇΓöÇΓöÇΓöÇΓöÇΓöÇΓöÇΓöÇΓöÇΓöÇΓöÇΓöÇΓöÇΓöÇΓöÇΓöÇΓöÇΓöÇΓöÇΓöÇΓöÇΓöÇΓöÇΓöÇΓöÇΓöÇΓöÇΓöÇΓöÇΓöÇΓöÇΓöÇΓöÇΓöÇΓöÇΓöÇΓöÇΓöÇΓöÇΓöÇΓöÇΓöÇΓöÇΓöÇΓöÇΓöÇΓöÇΓöÇΓöÇΓöÇΓöÇ

    Error Context: test-results\responsive-admin-routes-x-viewports-admin-products-id--chromium\error-context.md

    attachment #9: trace (application/zip) ΓöÇΓöÇΓöÇΓöÇΓöÇΓöÇΓöÇΓöÇΓöÇΓöÇΓöÇΓöÇΓöÇΓöÇΓöÇΓöÇΓöÇΓöÇΓöÇΓöÇΓöÇΓöÇΓöÇΓöÇΓöÇΓöÇΓöÇΓöÇΓöÇΓöÇΓöÇΓöÇΓöÇΓöÇΓöÇΓöÇΓöÇΓöÇΓöÇΓöÇΓöÇΓöÇΓöÇΓöÇΓöÇΓöÇΓöÇΓöÇΓöÇΓöÇΓöÇΓöÇΓöÇΓöÇΓöÇΓöÇΓöÇ
    test-results\responsive-admin-routes-x-viewports-admin-products-id--chromium\trace.zip
    Usage:

        npx playwright show-trace test-results\responsive-admin-routes-x-viewports-admin-products-id--chromium\trace.zip

    ΓöÇΓöÇΓöÇΓöÇΓöÇΓöÇΓöÇΓöÇΓöÇΓöÇΓöÇΓöÇΓöÇΓöÇΓöÇΓöÇΓöÇΓöÇΓöÇΓöÇΓöÇΓöÇΓöÇΓöÇΓöÇΓöÇΓöÇΓöÇΓöÇΓöÇΓöÇΓöÇΓöÇΓöÇΓöÇΓöÇΓöÇΓöÇΓöÇΓöÇΓöÇΓöÇΓöÇΓöÇΓöÇΓöÇΓöÇΓöÇΓöÇΓöÇΓöÇΓöÇΓöÇΓöÇΓöÇΓöÇΓöÇΓöÇΓöÇΓöÇΓöÇΓöÇΓöÇΓöÇΓöÇΓöÇΓöÇΓöÇΓöÇΓöÇΓöÇΓöÇΓöÇΓöÇΓöÇΓöÇΓöÇΓöÇΓöÇΓöÇΓöÇΓöÇΓöÇΓöÇΓöÇΓöÇΓöÇΓöÇΓöÇΓöÇΓöÇΓöÇΓöÇΓöÇΓöÇΓöÇ

  181) [chromium] ΓÇ║ e2e\responsive.spec.mjs:25:5 ΓÇ║ admin routes x viewports ΓÇ║ /admin/vendors/[id] ΓöÇΓöÇ

    Error: /admin/vendors/125
    @1600px:
      - navigation failed: page.goto: net::ERR_CONNECTION_REFUSED at http://localhost:3058/admin/vendors/125
    @1200px:
      - navigation failed: page.goto: net::ERR_CONNECTION_REFUSED at http://localhost:3058/admin/vendors/125
    @768px:
      - navigation failed: page.goto: net::ERR_CONNECTION_REFUSED at http://localhost:3058/admin/vendors/125
    @480px:
      - navigation failed: page.goto: net::ERR_CONNECTION_REFUSED at http://localhost:3058/admin/vendors/125
    @375px:
      - navigation failed: page.goto: net::ERR_CONNECTION_REFUSED at http://localhost:3058/admin/vendors/125

    expect(received).toEqual(expected) // deep equality

    - Expected  -  1
    + Received  + 12

    - Array []
    + Array [
    +   "@1600px:
    +   - navigation failed: page.goto: net::ERR_CONNECTION_REFUSED at http://localhost:3058/admin/vendors/125",
    +   "@1200px:
    +   - navigation failed: page.goto: net::ERR_CONNECTION_REFUSED at http://localhost:3058/admin/vendors/125",
    +   "@768px:
    +   - navigation failed: page.goto: net::ERR_CONNECTION_REFUSED at http://localhost:3058/admin/vendors/125",
    +   "@480px:
    +   - navigation failed: page.goto: net::ERR_CONNECTION_REFUSED at http://localhost:3058/admin/vendors/125",
    +   "@375px:
    +   - navigation failed: page.goto: net::ERR_CONNECTION_REFUSED at http://localhost:3058/admin/vendors/125",
    + ]

      12 |   await testInfo.attach("matrix", { body: JSON.stringify({ route, url, results }), contentType: "application/json" });
      13 |   const failed = results.filter((r) => r.issues.length).map((r) => `@${r.viewport}px:\n  - ${r.issues.join("\n  - ")}`);
    > 14 |   expect(failed, `${url}\n${failed.join("\n")}`).toEqual([]);
         |                                                  ^
      15 | }
      16 |
      17 | test.describe("admin routes x viewports", () => {
        at runMatrix (C:\Users\priyank\Desktop\Development\BharatAgrolink-admin\e2e\responsive.spec.mjs:14:50)
        at C:\Users\priyank\Desktop\Development\BharatAgrolink-admin\e2e\responsive.spec.mjs:30:7

    attachment #7: screenshot (image/png) ΓöÇΓöÇΓöÇΓöÇΓöÇΓöÇΓöÇΓöÇΓöÇΓöÇΓöÇΓöÇΓöÇΓöÇΓöÇΓöÇΓöÇΓöÇΓöÇΓöÇΓöÇΓöÇΓöÇΓöÇΓöÇΓöÇΓöÇΓöÇΓöÇΓöÇΓöÇΓöÇΓöÇΓöÇΓöÇΓöÇΓöÇΓöÇΓöÇΓöÇΓöÇΓöÇΓöÇΓöÇΓöÇΓöÇΓöÇΓöÇΓöÇΓöÇΓöÇΓöÇΓöÇΓöÇΓöÇΓöÇΓöÇΓöÇ
    test-results\responsive-admin-routes-x-viewports-admin-vendors-id--chromium\test-failed-1.png
    ΓöÇΓöÇΓöÇΓöÇΓöÇΓöÇΓöÇΓöÇΓöÇΓöÇΓöÇΓöÇΓöÇΓöÇΓöÇΓöÇΓöÇΓöÇΓöÇΓöÇΓöÇΓöÇΓöÇΓöÇΓöÇΓöÇΓöÇΓöÇΓöÇΓöÇΓöÇΓöÇΓöÇΓöÇΓöÇΓöÇΓöÇΓöÇΓöÇΓöÇΓöÇΓöÇΓöÇΓöÇΓöÇΓöÇΓöÇΓöÇΓöÇΓöÇΓöÇΓöÇΓöÇΓöÇΓöÇΓöÇΓöÇΓöÇΓöÇΓöÇΓöÇΓöÇΓöÇΓöÇΓöÇΓöÇΓöÇΓöÇΓöÇΓöÇΓöÇΓöÇΓöÇΓöÇΓöÇΓöÇΓöÇΓöÇΓöÇΓöÇΓöÇΓöÇΓöÇΓöÇΓöÇΓöÇΓöÇΓöÇΓöÇΓöÇΓöÇΓöÇΓöÇΓöÇΓöÇΓöÇ

    Error Context: test-results\responsive-admin-routes-x-viewports-admin-vendors-id--chromium\error-context.md

    attachment #9: trace (application/zip) ΓöÇΓöÇΓöÇΓöÇΓöÇΓöÇΓöÇΓöÇΓöÇΓöÇΓöÇΓöÇΓöÇΓöÇΓöÇΓöÇΓöÇΓöÇΓöÇΓöÇΓöÇΓöÇΓöÇΓöÇΓöÇΓöÇΓöÇΓöÇΓöÇΓöÇΓöÇΓöÇΓöÇΓöÇΓöÇΓöÇΓöÇΓöÇΓöÇΓöÇΓöÇΓöÇΓöÇΓöÇΓöÇΓöÇΓöÇΓöÇΓöÇΓöÇΓöÇΓöÇΓöÇΓöÇΓöÇΓöÇΓöÇ
    test-results\responsive-admin-routes-x-viewports-admin-vendors-id--chromium\trace.zip
    Usage:

        npx playwright show-trace test-results\responsive-admin-routes-x-viewports-admin-vendors-id--chromium\trace.zip

    ΓöÇΓöÇΓöÇΓöÇΓöÇΓöÇΓöÇΓöÇΓöÇΓöÇΓöÇΓöÇΓöÇΓöÇΓöÇΓöÇΓöÇΓöÇΓöÇΓöÇΓöÇΓöÇΓöÇΓöÇΓöÇΓöÇΓöÇΓöÇΓöÇΓöÇΓöÇΓöÇΓöÇΓöÇΓöÇΓöÇΓöÇΓöÇΓöÇΓöÇΓöÇΓöÇΓöÇΓöÇΓöÇΓöÇΓöÇΓöÇΓöÇΓöÇΓöÇΓöÇΓöÇΓöÇΓöÇΓöÇΓöÇΓöÇΓöÇΓöÇΓöÇΓöÇΓöÇΓöÇΓöÇΓöÇΓöÇΓöÇΓöÇΓöÇΓöÇΓöÇΓöÇΓöÇΓöÇΓöÇΓöÇΓöÇΓöÇΓöÇΓöÇΓöÇΓöÇΓöÇΓöÇΓöÇΓöÇΓöÇΓöÇΓöÇΓöÇΓöÇΓöÇΓöÇΓöÇΓöÇ

  182) [chromium] ΓÇ║ e2e\responsive.spec.mjs:25:5 ΓÇ║ admin routes x viewports ΓÇ║ /admin/vendors/[id]/bank 

    Error: /admin/vendors/125/bank
    @1600px:
      - navigation failed: page.goto: net::ERR_CONNECTION_REFUSED at http://localhost:3058/admin/vendors/125/bank
    @1200px:
      - navigation failed: page.goto: net::ERR_CONNECTION_REFUSED at http://localhost:3058/admin/vendors/125/bank
    @768px:
      - navigation failed: page.goto: net::ERR_CONNECTION_REFUSED at http://localhost:3058/admin/vendors/125/bank
    @480px:
      - navigation failed: page.goto: net::ERR_CONNECTION_REFUSED at http://localhost:3058/admin/vendors/125/bank
    @375px:
      - navigation failed: page.goto: net::ERR_CONNECTION_REFUSED at http://localhost:3058/admin/vendors/125/bank

    expect(received).toEqual(expected) // deep equality

    - Expected  -  1
    + Received  + 12

    - Array []
    + Array [
    +   "@1600px:
    +   - navigation failed: page.goto: net::ERR_CONNECTION_REFUSED at http://localhost:3058/admin/vendors/125/bank",
    +   "@1200px:
    +   - navigation failed: page.goto: net::ERR_CONNECTION_REFUSED at http://localhost:3058/admin/vendors/125/bank",
    +   "@768px:
    +   - navigation failed: page.goto: net::ERR_CONNECTION_REFUSED at http://localhost:3058/admin/vendors/125/bank",
    +   "@480px:
    +   - navigation failed: page.goto: net::ERR_CONNECTION_REFUSED at http://localhost:3058/admin/vendors/125/bank",
    +   "@375px:
    +   - navigation failed: page.goto: net::ERR_CONNECTION_REFUSED at http://localhost:3058/admin/vendors/125/bank",
    + ]

      12 |   await testInfo.attach("matrix", { body: JSON.stringify({ route, url, results }), contentType: "application/json" });
      13 |   const failed = results.filter((r) => r.issues.length).map((r) => `@${r.viewport}px:\n  - ${r.issues.join("\n  - ")}`);
    > 14 |   expect(failed, `${url}\n${failed.join("\n")}`).toEqual([]);
         |                                                  ^
      15 | }
      16 |
      17 | test.describe("admin routes x viewports", () => {
        at runMatrix (C:\Users\priyank\Desktop\Development\BharatAgrolink-admin\e2e\responsive.spec.mjs:14:50)
        at C:\Users\priyank\Desktop\Development\BharatAgrolink-admin\e2e\responsive.spec.mjs:30:7

    attachment #7: screenshot (image/png) ΓöÇΓöÇΓöÇΓöÇΓöÇΓöÇΓöÇΓöÇΓöÇΓöÇΓöÇΓöÇΓöÇΓöÇΓöÇΓöÇΓöÇΓöÇΓöÇΓöÇΓöÇΓöÇΓöÇΓöÇΓöÇΓöÇΓöÇΓöÇΓöÇΓöÇΓöÇΓöÇΓöÇΓöÇΓöÇΓöÇΓöÇΓöÇΓöÇΓöÇΓöÇΓöÇΓöÇΓöÇΓöÇΓöÇΓöÇΓöÇΓöÇΓöÇΓöÇΓöÇΓöÇΓöÇΓöÇΓöÇΓöÇΓöÇ
    test-results\responsive-admin-routes-x-viewports-admin-vendors-id-bank-chromium\test-failed-1.png
    ΓöÇΓöÇΓöÇΓöÇΓöÇΓöÇΓöÇΓöÇΓöÇΓöÇΓöÇΓöÇΓöÇΓöÇΓöÇΓöÇΓöÇΓöÇΓöÇΓöÇΓöÇΓöÇΓöÇΓöÇΓöÇΓöÇΓöÇΓöÇΓöÇΓöÇΓöÇΓöÇΓöÇΓöÇΓöÇΓöÇΓöÇΓöÇΓöÇΓöÇΓöÇΓöÇΓöÇΓöÇΓöÇΓöÇΓöÇΓöÇΓöÇΓöÇΓöÇΓöÇΓöÇΓöÇΓöÇΓöÇΓöÇΓöÇΓöÇΓöÇΓöÇΓöÇΓöÇΓöÇΓöÇΓöÇΓöÇΓöÇΓöÇΓöÇΓöÇΓöÇΓöÇΓöÇΓöÇΓöÇΓöÇΓöÇΓöÇΓöÇΓöÇΓöÇΓöÇΓöÇΓöÇΓöÇΓöÇΓöÇΓöÇΓöÇΓöÇΓöÇΓöÇΓöÇΓöÇΓöÇ

    Error Context: test-results\responsive-admin-routes-x-viewports-admin-vendors-id-bank-chromium\error-context.md

    attachment #9: trace (application/zip) ΓöÇΓöÇΓöÇΓöÇΓöÇΓöÇΓöÇΓöÇΓöÇΓöÇΓöÇΓöÇΓöÇΓöÇΓöÇΓöÇΓöÇΓöÇΓöÇΓöÇΓöÇΓöÇΓöÇΓöÇΓöÇΓöÇΓöÇΓöÇΓöÇΓöÇΓöÇΓöÇΓöÇΓöÇΓöÇΓöÇΓöÇΓöÇΓöÇΓöÇΓöÇΓöÇΓöÇΓöÇΓöÇΓöÇΓöÇΓöÇΓöÇΓöÇΓöÇΓöÇΓöÇΓöÇΓöÇΓöÇΓöÇ
    test-results\responsive-admin-routes-x-viewports-admin-vendors-id-bank-chromium\trace.zip
    Usage:

        npx playwright show-trace test-results\responsive-admin-routes-x-viewports-admin-vendors-id-bank-chromium\trace.zip

    ΓöÇΓöÇΓöÇΓöÇΓöÇΓöÇΓöÇΓöÇΓöÇΓöÇΓöÇΓöÇΓöÇΓöÇΓöÇΓöÇΓöÇΓöÇΓöÇΓöÇΓöÇΓöÇΓöÇΓöÇΓöÇΓöÇΓöÇΓöÇΓöÇΓöÇΓöÇΓöÇΓöÇΓöÇΓöÇΓöÇΓöÇΓöÇΓöÇΓöÇΓöÇΓöÇΓöÇΓöÇΓöÇΓöÇΓöÇΓöÇΓöÇΓöÇΓöÇΓöÇΓöÇΓöÇΓöÇΓöÇΓöÇΓöÇΓöÇΓöÇΓöÇΓöÇΓöÇΓöÇΓöÇΓöÇΓöÇΓöÇΓöÇΓöÇΓöÇΓöÇΓöÇΓöÇΓöÇΓöÇΓöÇΓöÇΓöÇΓöÇΓöÇΓöÇΓöÇΓöÇΓöÇΓöÇΓöÇΓöÇΓöÇΓöÇΓöÇΓöÇΓöÇΓöÇΓöÇΓöÇ

  183) [chromium] ΓÇ║ e2e\responsive.spec.mjs:25:5 ΓÇ║ admin routes x viewports ΓÇ║ /admin/customers/[id] 

    Error: /admin/customers/10152
    @1600px:
      - navigation failed: page.goto: net::ERR_CONNECTION_REFUSED at http://localhost:3058/admin/customers/10152
    @1200px:
      - navigation failed: page.goto: net::ERR_CONNECTION_REFUSED at http://localhost:3058/admin/customers/10152
    @768px:
      - navigation failed: page.goto: net::ERR_CONNECTION_REFUSED at http://localhost:3058/admin/customers/10152
    @480px:
      - navigation failed: page.goto: net::ERR_CONNECTION_REFUSED at http://localhost:3058/admin/customers/10152
    @375px:
      - navigation failed: page.goto: net::ERR_CONNECTION_REFUSED at http://localhost:3058/admin/customers/10152

    expect(received).toEqual(expected) // deep equality

    - Expected  -  1
    + Received  + 12

    - Array []
    + Array [
    +   "@1600px:
    +   - navigation failed: page.goto: net::ERR_CONNECTION_REFUSED at http://localhost:3058/admin/customers/10152",
    +   "@1200px:
    +   - navigation failed: page.goto: net::ERR_CONNECTION_REFUSED at http://localhost:3058/admin/customers/10152",
    +   "@768px:
    +   - navigation failed: page.goto: net::ERR_CONNECTION_REFUSED at http://localhost:3058/admin/customers/10152",
    +   "@480px:
    +   - navigation failed: page.goto: net::ERR_CONNECTION_REFUSED at http://localhost:3058/admin/customers/10152",
    +   "@375px:
    +   - navigation failed: page.goto: net::ERR_CONNECTION_REFUSED at http://localhost:3058/admin/customers/10152",
    + ]

      12 |   await testInfo.attach("matrix", { body: JSON.stringify({ route, url, results }), contentType: "application/json" });
      13 |   const failed = results.filter((r) => r.issues.length).map((r) => `@${r.viewport}px:\n  - ${r.issues.join("\n  - ")}`);
    > 14 |   expect(failed, `${url}\n${failed.join("\n")}`).toEqual([]);
         |                                                  ^
      15 | }
      16 |
      17 | test.describe("admin routes x viewports", () => {
        at runMatrix (C:\Users\priyank\Desktop\Development\BharatAgrolink-admin\e2e\responsive.spec.mjs:14:50)
        at C:\Users\priyank\Desktop\Development\BharatAgrolink-admin\e2e\responsive.spec.mjs:30:7

    attachment #7: screenshot (image/png) ΓöÇΓöÇΓöÇΓöÇΓöÇΓöÇΓöÇΓöÇΓöÇΓöÇΓöÇΓöÇΓöÇΓöÇΓöÇΓöÇΓöÇΓöÇΓöÇΓöÇΓöÇΓöÇΓöÇΓöÇΓöÇΓöÇΓöÇΓöÇΓöÇΓöÇΓöÇΓöÇΓöÇΓöÇΓöÇΓöÇΓöÇΓöÇΓöÇΓöÇΓöÇΓöÇΓöÇΓöÇΓöÇΓöÇΓöÇΓöÇΓöÇΓöÇΓöÇΓöÇΓöÇΓöÇΓöÇΓöÇΓöÇΓöÇ
    test-results\responsive-admin-routes-x-viewports-admin-customers-id--chromium\test-failed-1.png
    ΓöÇΓöÇΓöÇΓöÇΓöÇΓöÇΓöÇΓöÇΓöÇΓöÇΓöÇΓöÇΓöÇΓöÇΓöÇΓöÇΓöÇΓöÇΓöÇΓöÇΓöÇΓöÇΓöÇΓöÇΓöÇΓöÇΓöÇΓöÇΓöÇΓöÇΓöÇΓöÇΓöÇΓöÇΓöÇΓöÇΓöÇΓöÇΓöÇΓöÇΓöÇΓöÇΓöÇΓöÇΓöÇΓöÇΓöÇΓöÇΓöÇΓöÇΓöÇΓöÇΓöÇΓöÇΓöÇΓöÇΓöÇΓöÇΓöÇΓöÇΓöÇΓöÇΓöÇΓöÇΓöÇΓöÇΓöÇΓöÇΓöÇΓöÇΓöÇΓöÇΓöÇΓöÇΓöÇΓöÇΓöÇΓöÇΓöÇΓöÇΓöÇΓöÇΓöÇΓöÇΓöÇΓöÇΓöÇΓöÇΓöÇΓöÇΓöÇΓöÇΓöÇΓöÇΓöÇΓöÇ

    Error Context: test-results\responsive-admin-routes-x-viewports-admin-customers-id--chromium\error-context.md

    attachment #9: trace (application/zip) ΓöÇΓöÇΓöÇΓöÇΓöÇΓöÇΓöÇΓöÇΓöÇΓöÇΓöÇΓöÇΓöÇΓöÇΓöÇΓöÇΓöÇΓöÇΓöÇΓöÇΓöÇΓöÇΓöÇΓöÇΓöÇΓöÇΓöÇΓöÇΓöÇΓöÇΓöÇΓöÇΓöÇΓöÇΓöÇΓöÇΓöÇΓöÇΓöÇΓöÇΓöÇΓöÇΓöÇΓöÇΓöÇΓöÇΓöÇΓöÇΓöÇΓöÇΓöÇΓöÇΓöÇΓöÇΓöÇΓöÇΓöÇ
    test-results\responsive-admin-routes-x-viewports-admin-customers-id--chromium\trace.zip
    Usage:

        npx playwright show-trace test-results\responsive-admin-routes-x-viewports-admin-customers-id--chromium\trace.zip

    ΓöÇΓöÇΓöÇΓöÇΓöÇΓöÇΓöÇΓöÇΓöÇΓöÇΓöÇΓöÇΓöÇΓöÇΓöÇΓöÇΓöÇΓöÇΓöÇΓöÇΓöÇΓöÇΓöÇΓöÇΓöÇΓöÇΓöÇΓöÇΓöÇΓöÇΓöÇΓöÇΓöÇΓöÇΓöÇΓöÇΓöÇΓöÇΓöÇΓöÇΓöÇΓöÇΓöÇΓöÇΓöÇΓöÇΓöÇΓöÇΓöÇΓöÇΓöÇΓöÇΓöÇΓöÇΓöÇΓöÇΓöÇΓöÇΓöÇΓöÇΓöÇΓöÇΓöÇΓöÇΓöÇΓöÇΓöÇΓöÇΓöÇΓöÇΓöÇΓöÇΓöÇΓöÇΓöÇΓöÇΓöÇΓöÇΓöÇΓöÇΓöÇΓöÇΓöÇΓöÇΓöÇΓöÇΓöÇΓöÇΓöÇΓöÇΓöÇΓöÇΓöÇΓöÇΓöÇΓöÇ

  184) [chromium] ΓÇ║ e2e\responsive.spec.mjs:25:5 ΓÇ║ admin routes x viewports ΓÇ║ /admin/returns/[id] ΓöÇΓöÇ

    Error: /admin/returns/6
    @1600px:
      - navigation failed: page.goto: net::ERR_CONNECTION_REFUSED at http://localhost:3058/admin/returns/6
    @1200px:
      - navigation failed: page.goto: net::ERR_CONNECTION_REFUSED at http://localhost:3058/admin/returns/6
    @768px:
      - navigation failed: page.goto: net::ERR_CONNECTION_REFUSED at http://localhost:3058/admin/returns/6
    @480px:
      - navigation failed: page.goto: net::ERR_CONNECTION_REFUSED at http://localhost:3058/admin/returns/6
    @375px:
      - navigation failed: page.goto: net::ERR_CONNECTION_REFUSED at http://localhost:3058/admin/returns/6

    expect(received).toEqual(expected) // deep equality

    - Expected  -  1
    + Received  + 12

    - Array []
    + Array [
    +   "@1600px:
    +   - navigation failed: page.goto: net::ERR_CONNECTION_REFUSED at http://localhost:3058/admin/returns/6",
    +   "@1200px:
    +   - navigation failed: page.goto: net::ERR_CONNECTION_REFUSED at http://localhost:3058/admin/returns/6",
    +   "@768px:
    +   - navigation failed: page.goto: net::ERR_CONNECTION_REFUSED at http://localhost:3058/admin/returns/6",
    +   "@480px:
    +   - navigation failed: page.goto: net::ERR_CONNECTION_REFUSED at http://localhost:3058/admin/returns/6",
    +   "@375px:
    +   - navigation failed: page.goto: net::ERR_CONNECTION_REFUSED at http://localhost:3058/admin/returns/6",
    + ]

      12 |   await testInfo.attach("matrix", { body: JSON.stringify({ route, url, results }), contentType: "application/json" });
      13 |   const failed = results.filter((r) => r.issues.length).map((r) => `@${r.viewport}px:\n  - ${r.issues.join("\n  - ")}`);
    > 14 |   expect(failed, `${url}\n${failed.join("\n")}`).toEqual([]);
         |                                                  ^
      15 | }
      16 |
      17 | test.describe("admin routes x viewports", () => {
        at runMatrix (C:\Users\priyank\Desktop\Development\BharatAgrolink-admin\e2e\responsive.spec.mjs:14:50)
        at C:\Users\priyank\Desktop\Development\BharatAgrolink-admin\e2e\responsive.spec.mjs:30:7

    attachment #7: screenshot (image/png) ΓöÇΓöÇΓöÇΓöÇΓöÇΓöÇΓöÇΓöÇΓöÇΓöÇΓöÇΓöÇΓöÇΓöÇΓöÇΓöÇΓöÇΓöÇΓöÇΓöÇΓöÇΓöÇΓöÇΓöÇΓöÇΓöÇΓöÇΓöÇΓöÇΓöÇΓöÇΓöÇΓöÇΓöÇΓöÇΓöÇΓöÇΓöÇΓöÇΓöÇΓöÇΓöÇΓöÇΓöÇΓöÇΓöÇΓöÇΓöÇΓöÇΓöÇΓöÇΓöÇΓöÇΓöÇΓöÇΓöÇΓöÇΓöÇ
    test-results\responsive-admin-routes-x-viewports-admin-returns-id--chromium\test-failed-1.png
    ΓöÇΓöÇΓöÇΓöÇΓöÇΓöÇΓöÇΓöÇΓöÇΓöÇΓöÇΓöÇΓöÇΓöÇΓöÇΓöÇΓöÇΓöÇΓöÇΓöÇΓöÇΓöÇΓöÇΓöÇΓöÇΓöÇΓöÇΓöÇΓöÇΓöÇΓöÇΓöÇΓöÇΓöÇΓöÇΓöÇΓöÇΓöÇΓöÇΓöÇΓöÇΓöÇΓöÇΓöÇΓöÇΓöÇΓöÇΓöÇΓöÇΓöÇΓöÇΓöÇΓöÇΓöÇΓöÇΓöÇΓöÇΓöÇΓöÇΓöÇΓöÇΓöÇΓöÇΓöÇΓöÇΓöÇΓöÇΓöÇΓöÇΓöÇΓöÇΓöÇΓöÇΓöÇΓöÇΓöÇΓöÇΓöÇΓöÇΓöÇΓöÇΓöÇΓöÇΓöÇΓöÇΓöÇΓöÇΓöÇΓöÇΓöÇΓöÇΓöÇΓöÇΓöÇΓöÇΓöÇ

    Error Context: test-results\responsive-admin-routes-x-viewports-admin-returns-id--chromium\error-context.md

    attachment #9: trace (application/zip) ΓöÇΓöÇΓöÇΓöÇΓöÇΓöÇΓöÇΓöÇΓöÇΓöÇΓöÇΓöÇΓöÇΓöÇΓöÇΓöÇΓöÇΓöÇΓöÇΓöÇΓöÇΓöÇΓöÇΓöÇΓöÇΓöÇΓöÇΓöÇΓöÇΓöÇΓöÇΓöÇΓöÇΓöÇΓöÇΓöÇΓöÇΓöÇΓöÇΓöÇΓöÇΓöÇΓöÇΓöÇΓöÇΓöÇΓöÇΓöÇΓöÇΓöÇΓöÇΓöÇΓöÇΓöÇΓöÇΓöÇΓöÇ
    test-results\responsive-admin-routes-x-viewports-admin-returns-id--chromium\trace.zip
    Usage:

        npx playwright show-trace test-results\responsive-admin-routes-x-viewports-admin-returns-id--chromium\trace.zip

    ΓöÇΓöÇΓöÇΓöÇΓöÇΓöÇΓöÇΓöÇΓöÇΓöÇΓöÇΓöÇΓöÇΓöÇΓöÇΓöÇΓöÇΓöÇΓöÇΓöÇΓöÇΓöÇΓöÇΓöÇΓöÇΓöÇΓöÇΓöÇΓöÇΓöÇΓöÇΓöÇΓöÇΓöÇΓöÇΓöÇΓöÇΓöÇΓöÇΓöÇΓöÇΓöÇΓöÇΓöÇΓöÇΓöÇΓöÇΓöÇΓöÇΓöÇΓöÇΓöÇΓöÇΓöÇΓöÇΓöÇΓöÇΓöÇΓöÇΓöÇΓöÇΓöÇΓöÇΓöÇΓöÇΓöÇΓöÇΓöÇΓöÇΓöÇΓöÇΓöÇΓöÇΓöÇΓöÇΓöÇΓöÇΓöÇΓöÇΓöÇΓöÇΓöÇΓöÇΓöÇΓöÇΓöÇΓöÇΓöÇΓöÇΓöÇΓöÇΓöÇΓöÇΓöÇΓöÇΓöÇ

  185) [chromium] ΓÇ║ e2e\responsive.spec.mjs:25:5 ΓÇ║ admin routes x viewports ΓÇ║ /admin/payouts/[id] ΓöÇΓöÇ

    Error: /admin/payouts/30
    @1600px:
      - navigation failed: page.goto: net::ERR_CONNECTION_REFUSED at http://localhost:3058/admin/payouts/30
    @1200px:
      - navigation failed: page.goto: net::ERR_CONNECTION_REFUSED at http://localhost:3058/admin/payouts/30
    @768px:
      - navigation failed: page.goto: net::ERR_CONNECTION_REFUSED at http://localhost:3058/admin/payouts/30
    @480px:
      - navigation failed: page.goto: net::ERR_CONNECTION_REFUSED at http://localhost:3058/admin/payouts/30
    @375px:
      - navigation failed: page.goto: net::ERR_CONNECTION_REFUSED at http://localhost:3058/admin/payouts/30

    expect(received).toEqual(expected) // deep equality

    - Expected  -  1
    + Received  + 12

    - Array []
    + Array [
    +   "@1600px:
    +   - navigation failed: page.goto: net::ERR_CONNECTION_REFUSED at http://localhost:3058/admin/payouts/30",
    +   "@1200px:
    +   - navigation failed: page.goto: net::ERR_CONNECTION_REFUSED at http://localhost:3058/admin/payouts/30",
    +   "@768px:
    +   - navigation failed: page.goto: net::ERR_CONNECTION_REFUSED at http://localhost:3058/admin/payouts/30",
    +   "@480px:
    +   - navigation failed: page.goto: net::ERR_CONNECTION_REFUSED at http://localhost:3058/admin/payouts/30",
    +   "@375px:
    +   - navigation failed: page.goto: net::ERR_CONNECTION_REFUSED at http://localhost:3058/admin/payouts/30",
    + ]

      12 |   await testInfo.attach("matrix", { body: JSON.stringify({ route, url, results }), contentType: "application/json" });
      13 |   const failed = results.filter((r) => r.issues.length).map((r) => `@${r.viewport}px:\n  - ${r.issues.join("\n  - ")}`);
    > 14 |   expect(failed, `${url}\n${failed.join("\n")}`).toEqual([]);
         |                                                  ^
      15 | }
      16 |
      17 | test.describe("admin routes x viewports", () => {
        at runMatrix (C:\Users\priyank\Desktop\Development\BharatAgrolink-admin\e2e\responsive.spec.mjs:14:50)
        at C:\Users\priyank\Desktop\Development\BharatAgrolink-admin\e2e\responsive.spec.mjs:30:7

    attachment #7: screenshot (image/png) ΓöÇΓöÇΓöÇΓöÇΓöÇΓöÇΓöÇΓöÇΓöÇΓöÇΓöÇΓöÇΓöÇΓöÇΓöÇΓöÇΓöÇΓöÇΓöÇΓöÇΓöÇΓöÇΓöÇΓöÇΓöÇΓöÇΓöÇΓöÇΓöÇΓöÇΓöÇΓöÇΓöÇΓöÇΓöÇΓöÇΓöÇΓöÇΓöÇΓöÇΓöÇΓöÇΓöÇΓöÇΓöÇΓöÇΓöÇΓöÇΓöÇΓöÇΓöÇΓöÇΓöÇΓöÇΓöÇΓöÇΓöÇΓöÇ
    test-results\responsive-admin-routes-x-viewports-admin-payouts-id--chromium\test-failed-1.png
    ΓöÇΓöÇΓöÇΓöÇΓöÇΓöÇΓöÇΓöÇΓöÇΓöÇΓöÇΓöÇΓöÇΓöÇΓöÇΓöÇΓöÇΓöÇΓöÇΓöÇΓöÇΓöÇΓöÇΓöÇΓöÇΓöÇΓöÇΓöÇΓöÇΓöÇΓöÇΓöÇΓöÇΓöÇΓöÇΓöÇΓöÇΓöÇΓöÇΓöÇΓöÇΓöÇΓöÇΓöÇΓöÇΓöÇΓöÇΓöÇΓöÇΓöÇΓöÇΓöÇΓöÇΓöÇΓöÇΓöÇΓöÇΓöÇΓöÇΓöÇΓöÇΓöÇΓöÇΓöÇΓöÇΓöÇΓöÇΓöÇΓöÇΓöÇΓöÇΓöÇΓöÇΓöÇΓöÇΓöÇΓöÇΓöÇΓöÇΓöÇΓöÇΓöÇΓöÇΓöÇΓöÇΓöÇΓöÇΓöÇΓöÇΓöÇΓöÇΓöÇΓöÇΓöÇΓöÇΓöÇ

    Error Context: test-results\responsive-admin-routes-x-viewports-admin-payouts-id--chromium\error-context.md

    attachment #9: trace (application/zip) ΓöÇΓöÇΓöÇΓöÇΓöÇΓöÇΓöÇΓöÇΓöÇΓöÇΓöÇΓöÇΓöÇΓöÇΓöÇΓöÇΓöÇΓöÇΓöÇΓöÇΓöÇΓöÇΓöÇΓöÇΓöÇΓöÇΓöÇΓöÇΓöÇΓöÇΓöÇΓöÇΓöÇΓöÇΓöÇΓöÇΓöÇΓöÇΓöÇΓöÇΓöÇΓöÇΓöÇΓöÇΓöÇΓöÇΓöÇΓöÇΓöÇΓöÇΓöÇΓöÇΓöÇΓöÇΓöÇΓöÇΓöÇ
    test-results\responsive-admin-routes-x-viewports-admin-payouts-id--chromium\trace.zip
    Usage:

        npx playwright show-trace test-results\responsive-admin-routes-x-viewports-admin-payouts-id--chromium\trace.zip

    ΓöÇΓöÇΓöÇΓöÇΓöÇΓöÇΓöÇΓöÇΓöÇΓöÇΓöÇΓöÇΓöÇΓöÇΓöÇΓöÇΓöÇΓöÇΓöÇΓöÇΓöÇΓöÇΓöÇΓöÇΓöÇΓöÇΓöÇΓöÇΓöÇΓöÇΓöÇΓöÇΓöÇΓöÇΓöÇΓöÇΓöÇΓöÇΓöÇΓöÇΓöÇΓöÇΓöÇΓöÇΓöÇΓöÇΓöÇΓöÇΓöÇΓöÇΓöÇΓöÇΓöÇΓöÇΓöÇΓöÇΓöÇΓöÇΓöÇΓöÇΓöÇΓöÇΓöÇΓöÇΓöÇΓöÇΓöÇΓöÇΓöÇΓöÇΓöÇΓöÇΓöÇΓöÇΓöÇΓöÇΓöÇΓöÇΓöÇΓöÇΓöÇΓöÇΓöÇΓöÇΓöÇΓöÇΓöÇΓöÇΓöÇΓöÇΓöÇΓöÇΓöÇΓöÇΓöÇΓöÇ

  186) [chromium] ΓÇ║ e2e\responsive.spec.mjs:25:5 ΓÇ║ admin routes x viewports ΓÇ║ /admin/support/[id] ΓöÇΓöÇ

    Error: /admin/support/24
    @1600px:
      - navigation failed: page.goto: net::ERR_CONNECTION_REFUSED at http://localhost:3058/admin/support/24
    @1200px:
      - navigation failed: page.goto: net::ERR_CONNECTION_REFUSED at http://localhost:3058/admin/support/24
    @768px:
      - navigation failed: page.goto: net::ERR_CONNECTION_REFUSED at http://localhost:3058/admin/support/24
    @480px:
      - navigation failed: page.goto: net::ERR_CONNECTION_REFUSED at http://localhost:3058/admin/support/24
    @375px:
      - navigation failed: page.goto: net::ERR_CONNECTION_REFUSED at http://localhost:3058/admin/support/24

    expect(received).toEqual(expected) // deep equality

    - Expected  -  1
    + Received  + 12

    - Array []
    + Array [
    +   "@1600px:
    +   - navigation failed: page.goto: net::ERR_CONNECTION_REFUSED at http://localhost:3058/admin/support/24",
    +   "@1200px:
    +   - navigation failed: page.goto: net::ERR_CONNECTION_REFUSED at http://localhost:3058/admin/support/24",
    +   "@768px:
    +   - navigation failed: page.goto: net::ERR_CONNECTION_REFUSED at http://localhost:3058/admin/support/24",
    +   "@480px:
    +   - navigation failed: page.goto: net::ERR_CONNECTION_REFUSED at http://localhost:3058/admin/support/24",
    +   "@375px:
    +   - navigation failed: page.goto: net::ERR_CONNECTION_REFUSED at http://localhost:3058/admin/support/24",
    + ]

      12 |   await testInfo.attach("matrix", { body: JSON.stringify({ route, url, results }), contentType: "application/json" });
      13 |   const failed = results.filter((r) => r.issues.length).map((r) => `@${r.viewport}px:\n  - ${r.issues.join("\n  - ")}`);
    > 14 |   expect(failed, `${url}\n${failed.join("\n")}`).toEqual([]);
         |                                                  ^
      15 | }
      16 |
      17 | test.describe("admin routes x viewports", () => {
        at runMatrix (C:\Users\priyank\Desktop\Development\BharatAgrolink-admin\e2e\responsive.spec.mjs:14:50)
        at C:\Users\priyank\Desktop\Development\BharatAgrolink-admin\e2e\responsive.spec.mjs:30:7

    attachment #7: screenshot (image/png) ΓöÇΓöÇΓöÇΓöÇΓöÇΓöÇΓöÇΓöÇΓöÇΓöÇΓöÇΓöÇΓöÇΓöÇΓöÇΓöÇΓöÇΓöÇΓöÇΓöÇΓöÇΓöÇΓöÇΓöÇΓöÇΓöÇΓöÇΓöÇΓöÇΓöÇΓöÇΓöÇΓöÇΓöÇΓöÇΓöÇΓöÇΓöÇΓöÇΓöÇΓöÇΓöÇΓöÇΓöÇΓöÇΓöÇΓöÇΓöÇΓöÇΓöÇΓöÇΓöÇΓöÇΓöÇΓöÇΓöÇΓöÇΓöÇ
    test-results\responsive-admin-routes-x-viewports-admin-support-id--chromium\test-failed-1.png
    ΓöÇΓöÇΓöÇΓöÇΓöÇΓöÇΓöÇΓöÇΓöÇΓöÇΓöÇΓöÇΓöÇΓöÇΓöÇΓöÇΓöÇΓöÇΓöÇΓöÇΓöÇΓöÇΓöÇΓöÇΓöÇΓöÇΓöÇΓöÇΓöÇΓöÇΓöÇΓöÇΓöÇΓöÇΓöÇΓöÇΓöÇΓöÇΓöÇΓöÇΓöÇΓöÇΓöÇΓöÇΓöÇΓöÇΓöÇΓöÇΓöÇΓöÇΓöÇΓöÇΓöÇΓöÇΓöÇΓöÇΓöÇΓöÇΓöÇΓöÇΓöÇΓöÇΓöÇΓöÇΓöÇΓöÇΓöÇΓöÇΓöÇΓöÇΓöÇΓöÇΓöÇΓöÇΓöÇΓöÇΓöÇΓöÇΓöÇΓöÇΓöÇΓöÇΓöÇΓöÇΓöÇΓöÇΓöÇΓöÇΓöÇΓöÇΓöÇΓöÇΓöÇΓöÇΓöÇΓöÇ

    Error Context: test-results\responsive-admin-routes-x-viewports-admin-support-id--chromium\error-context.md

    attachment #9: trace (application/zip) ΓöÇΓöÇΓöÇΓöÇΓöÇΓöÇΓöÇΓöÇΓöÇΓöÇΓöÇΓöÇΓöÇΓöÇΓöÇΓöÇΓöÇΓöÇΓöÇΓöÇΓöÇΓöÇΓöÇΓöÇΓöÇΓöÇΓöÇΓöÇΓöÇΓöÇΓöÇΓöÇΓöÇΓöÇΓöÇΓöÇΓöÇΓöÇΓöÇΓöÇΓöÇΓöÇΓöÇΓöÇΓöÇΓöÇΓöÇΓöÇΓöÇΓöÇΓöÇΓöÇΓöÇΓöÇΓöÇΓöÇΓöÇ
    test-results\responsive-admin-routes-x-viewports-admin-support-id--chromium\trace.zip
    Usage:

        npx playwright show-trace test-results\responsive-admin-routes-x-viewports-admin-support-id--chromium\trace.zip

    ΓöÇΓöÇΓöÇΓöÇΓöÇΓöÇΓöÇΓöÇΓöÇΓöÇΓöÇΓöÇΓöÇΓöÇΓöÇΓöÇΓöÇΓöÇΓöÇΓöÇΓöÇΓöÇΓöÇΓöÇΓöÇΓöÇΓöÇΓöÇΓöÇΓöÇΓöÇΓöÇΓöÇΓöÇΓöÇΓöÇΓöÇΓöÇΓöÇΓöÇΓöÇΓöÇΓöÇΓöÇΓöÇΓöÇΓöÇΓöÇΓöÇΓöÇΓöÇΓöÇΓöÇΓöÇΓöÇΓöÇΓöÇΓöÇΓöÇΓöÇΓöÇΓöÇΓöÇΓöÇΓöÇΓöÇΓöÇΓöÇΓöÇΓöÇΓöÇΓöÇΓöÇΓöÇΓöÇΓöÇΓöÇΓöÇΓöÇΓöÇΓöÇΓöÇΓöÇΓöÇΓöÇΓöÇΓöÇΓöÇΓöÇΓöÇΓöÇΓöÇΓöÇΓöÇΓöÇΓöÇ

  187) [chromium] ΓÇ║ e2e\responsive.spec.mjs:25:5 ΓÇ║ admin routes x viewports ΓÇ║ /admin/crm/leads/[id] 

    Error: /admin/crm/leads/16252
    @1600px:
      - navigation failed: page.goto: net::ERR_CONNECTION_REFUSED at http://localhost:3058/admin/crm/leads/16252
    @1200px:
      - navigation failed: page.goto: net::ERR_CONNECTION_REFUSED at http://localhost:3058/admin/crm/leads/16252
    @768px:
      - navigation failed: page.goto: net::ERR_CONNECTION_REFUSED at http://localhost:3058/admin/crm/leads/16252
    @480px:
      - navigation failed: page.goto: net::ERR_CONNECTION_REFUSED at http://localhost:3058/admin/crm/leads/16252
    @375px:
      - navigation failed: page.goto: net::ERR_CONNECTION_REFUSED at http://localhost:3058/admin/crm/leads/16252

    expect(received).toEqual(expected) // deep equality

    - Expected  -  1
    + Received  + 12

    - Array []
    + Array [
    +   "@1600px:
    +   - navigation failed: page.goto: net::ERR_CONNECTION_REFUSED at http://localhost:3058/admin/crm/leads/16252",
    +   "@1200px:
    +   - navigation failed: page.goto: net::ERR_CONNECTION_REFUSED at http://localhost:3058/admin/crm/leads/16252",
    +   "@768px:
    +   - navigation failed: page.goto: net::ERR_CONNECTION_REFUSED at http://localhost:3058/admin/crm/leads/16252",
    +   "@480px:
    +   - navigation failed: page.goto: net::ERR_CONNECTION_REFUSED at http://localhost:3058/admin/crm/leads/16252",
    +   "@375px:
    +   - navigation failed: page.goto: net::ERR_CONNECTION_REFUSED at http://localhost:3058/admin/crm/leads/16252",
    + ]

      12 |   await testInfo.attach("matrix", { body: JSON.stringify({ route, url, results }), contentType: "application/json" });
      13 |   const failed = results.filter((r) => r.issues.length).map((r) => `@${r.viewport}px:\n  - ${r.issues.join("\n  - ")}`);
    > 14 |   expect(failed, `${url}\n${failed.join("\n")}`).toEqual([]);
         |                                                  ^
      15 | }
      16 |
      17 | test.describe("admin routes x viewports", () => {
        at runMatrix (C:\Users\priyank\Desktop\Development\BharatAgrolink-admin\e2e\responsive.spec.mjs:14:50)
        at C:\Users\priyank\Desktop\Development\BharatAgrolink-admin\e2e\responsive.spec.mjs:30:7

    attachment #7: screenshot (image/png) ΓöÇΓöÇΓöÇΓöÇΓöÇΓöÇΓöÇΓöÇΓöÇΓöÇΓöÇΓöÇΓöÇΓöÇΓöÇΓöÇΓöÇΓöÇΓöÇΓöÇΓöÇΓöÇΓöÇΓöÇΓöÇΓöÇΓöÇΓöÇΓöÇΓöÇΓöÇΓöÇΓöÇΓöÇΓöÇΓöÇΓöÇΓöÇΓöÇΓöÇΓöÇΓöÇΓöÇΓöÇΓöÇΓöÇΓöÇΓöÇΓöÇΓöÇΓöÇΓöÇΓöÇΓöÇΓöÇΓöÇΓöÇΓöÇ
    test-results\responsive-admin-routes-x-viewports-admin-crm-leads-id--chromium\test-failed-1.png
    ΓöÇΓöÇΓöÇΓöÇΓöÇΓöÇΓöÇΓöÇΓöÇΓöÇΓöÇΓöÇΓöÇΓöÇΓöÇΓöÇΓöÇΓöÇΓöÇΓöÇΓöÇΓöÇΓöÇΓöÇΓöÇΓöÇΓöÇΓöÇΓöÇΓöÇΓöÇΓöÇΓöÇΓöÇΓöÇΓöÇΓöÇΓöÇΓöÇΓöÇΓöÇΓöÇΓöÇΓöÇΓöÇΓöÇΓöÇΓöÇΓöÇΓöÇΓöÇΓöÇΓöÇΓöÇΓöÇΓöÇΓöÇΓöÇΓöÇΓöÇΓöÇΓöÇΓöÇΓöÇΓöÇΓöÇΓöÇΓöÇΓöÇΓöÇΓöÇΓöÇΓöÇΓöÇΓöÇΓöÇΓöÇΓöÇΓöÇΓöÇΓöÇΓöÇΓöÇΓöÇΓöÇΓöÇΓöÇΓöÇΓöÇΓöÇΓöÇΓöÇΓöÇΓöÇΓöÇΓöÇ

    Error Context: test-results\responsive-admin-routes-x-viewports-admin-crm-leads-id--chromium\error-context.md

    attachment #9: trace (application/zip) ΓöÇΓöÇΓöÇΓöÇΓöÇΓöÇΓöÇΓöÇΓöÇΓöÇΓöÇΓöÇΓöÇΓöÇΓöÇΓöÇΓöÇΓöÇΓöÇΓöÇΓöÇΓöÇΓöÇΓöÇΓöÇΓöÇΓöÇΓöÇΓöÇΓöÇΓöÇΓöÇΓöÇΓöÇΓöÇΓöÇΓöÇΓöÇΓöÇΓöÇΓöÇΓöÇΓöÇΓöÇΓöÇΓöÇΓöÇΓöÇΓöÇΓöÇΓöÇΓöÇΓöÇΓöÇΓöÇΓöÇΓöÇ
    test-results\responsive-admin-routes-x-viewports-admin-crm-leads-id--chromium\trace.zip
    Usage:

        npx playwright show-trace test-results\responsive-admin-routes-x-viewports-admin-crm-leads-id--chromium\trace.zip

    ΓöÇΓöÇΓöÇΓöÇΓöÇΓöÇΓöÇΓöÇΓöÇΓöÇΓöÇΓöÇΓöÇΓöÇΓöÇΓöÇΓöÇΓöÇΓöÇΓöÇΓöÇΓöÇΓöÇΓöÇΓöÇΓöÇΓöÇΓöÇΓöÇΓöÇΓöÇΓöÇΓöÇΓöÇΓöÇΓöÇΓöÇΓöÇΓöÇΓöÇΓöÇΓöÇΓöÇΓöÇΓöÇΓöÇΓöÇΓöÇΓöÇΓöÇΓöÇΓöÇΓöÇΓöÇΓöÇΓöÇΓöÇΓöÇΓöÇΓöÇΓöÇΓöÇΓöÇΓöÇΓöÇΓöÇΓöÇΓöÇΓöÇΓöÇΓöÇΓöÇΓöÇΓöÇΓöÇΓöÇΓöÇΓöÇΓöÇΓöÇΓöÇΓöÇΓöÇΓöÇΓöÇΓöÇΓöÇΓöÇΓöÇΓöÇΓöÇΓöÇΓöÇΓöÇΓöÇΓöÇ

  188) [chromium] ΓÇ║ e2e\responsive.spec.mjs:25:5 ΓÇ║ admin routes x viewports ΓÇ║ /admin/b2b/buyers/[id] 

    Error: /admin/b2b/buyers/10152
    @1600px:
      - navigation failed: page.goto: net::ERR_CONNECTION_REFUSED at http://localhost:3058/admin/b2b/buyers/10152
    @1200px:
      - navigation failed: page.goto: net::ERR_CONNECTION_REFUSED at http://localhost:3058/admin/b2b/buyers/10152
    @768px:
      - navigation failed: page.goto: net::ERR_CONNECTION_REFUSED at http://localhost:3058/admin/b2b/buyers/10152
    @480px:
      - navigation failed: page.goto: net::ERR_CONNECTION_REFUSED at http://localhost:3058/admin/b2b/buyers/10152
    @375px:
      - navigation failed: page.goto: net::ERR_CONNECTION_REFUSED at http://localhost:3058/admin/b2b/buyers/10152

    expect(received).toEqual(expected) // deep equality

    - Expected  -  1
    + Received  + 12

    - Array []
    + Array [
    +   "@1600px:
    +   - navigation failed: page.goto: net::ERR_CONNECTION_REFUSED at http://localhost:3058/admin/b2b/buyers/10152",
    +   "@1200px:
    +   - navigation failed: page.goto: net::ERR_CONNECTION_REFUSED at http://localhost:3058/admin/b2b/buyers/10152",
    +   "@768px:
    +   - navigation failed: page.goto: net::ERR_CONNECTION_REFUSED at http://localhost:3058/admin/b2b/buyers/10152",
    +   "@480px:
    +   - navigation failed: page.goto: net::ERR_CONNECTION_REFUSED at http://localhost:3058/admin/b2b/buyers/10152",
    +   "@375px:
    +   - navigation failed: page.goto: net::ERR_CONNECTION_REFUSED at http://localhost:3058/admin/b2b/buyers/10152",
    + ]

      12 |   await testInfo.attach("matrix", { body: JSON.stringify({ route, url, results }), contentType: "application/json" });
      13 |   const failed = results.filter((r) => r.issues.length).map((r) => `@${r.viewport}px:\n  - ${r.issues.join("\n  - ")}`);
    > 14 |   expect(failed, `${url}\n${failed.join("\n")}`).toEqual([]);
         |                                                  ^
      15 | }
      16 |
      17 | test.describe("admin routes x viewports", () => {
        at runMatrix (C:\Users\priyank\Desktop\Development\BharatAgrolink-admin\e2e\responsive.spec.mjs:14:50)
        at C:\Users\priyank\Desktop\Development\BharatAgrolink-admin\e2e\responsive.spec.mjs:30:7

    attachment #7: screenshot (image/png) ΓöÇΓöÇΓöÇΓöÇΓöÇΓöÇΓöÇΓöÇΓöÇΓöÇΓöÇΓöÇΓöÇΓöÇΓöÇΓöÇΓöÇΓöÇΓöÇΓöÇΓöÇΓöÇΓöÇΓöÇΓöÇΓöÇΓöÇΓöÇΓöÇΓöÇΓöÇΓöÇΓöÇΓöÇΓöÇΓöÇΓöÇΓöÇΓöÇΓöÇΓöÇΓöÇΓöÇΓöÇΓöÇΓöÇΓöÇΓöÇΓöÇΓöÇΓöÇΓöÇΓöÇΓöÇΓöÇΓöÇΓöÇΓöÇ
    test-results\responsive-admin-routes-x-viewports-admin-b2b-buyers-id--chromium\test-failed-1.png
    ΓöÇΓöÇΓöÇΓöÇΓöÇΓöÇΓöÇΓöÇΓöÇΓöÇΓöÇΓöÇΓöÇΓöÇΓöÇΓöÇΓöÇΓöÇΓöÇΓöÇΓöÇΓöÇΓöÇΓöÇΓöÇΓöÇΓöÇΓöÇΓöÇΓöÇΓöÇΓöÇΓöÇΓöÇΓöÇΓöÇΓöÇΓöÇΓöÇΓöÇΓöÇΓöÇΓöÇΓöÇΓöÇΓöÇΓöÇΓöÇΓöÇΓöÇΓöÇΓöÇΓöÇΓöÇΓöÇΓöÇΓöÇΓöÇΓöÇΓöÇΓöÇΓöÇΓöÇΓöÇΓöÇΓöÇΓöÇΓöÇΓöÇΓöÇΓöÇΓöÇΓöÇΓöÇΓöÇΓöÇΓöÇΓöÇΓöÇΓöÇΓöÇΓöÇΓöÇΓöÇΓöÇΓöÇΓöÇΓöÇΓöÇΓöÇΓöÇΓöÇΓöÇΓöÇΓöÇΓöÇ

    Error Context: test-results\responsive-admin-routes-x-viewports-admin-b2b-buyers-id--chromium\error-context.md

    attachment #9: trace (application/zip) ΓöÇΓöÇΓöÇΓöÇΓöÇΓöÇΓöÇΓöÇΓöÇΓöÇΓöÇΓöÇΓöÇΓöÇΓöÇΓöÇΓöÇΓöÇΓöÇΓöÇΓöÇΓöÇΓöÇΓöÇΓöÇΓöÇΓöÇΓöÇΓöÇΓöÇΓöÇΓöÇΓöÇΓöÇΓöÇΓöÇΓöÇΓöÇΓöÇΓöÇΓöÇΓöÇΓöÇΓöÇΓöÇΓöÇΓöÇΓöÇΓöÇΓöÇΓöÇΓöÇΓöÇΓöÇΓöÇΓöÇΓöÇ
    test-results\responsive-admin-routes-x-viewports-admin-b2b-buyers-id--chromium\trace.zip
    Usage:

        npx playwright show-trace test-results\responsive-admin-routes-x-viewports-admin-b2b-buyers-id--chromium\trace.zip

    ΓöÇΓöÇΓöÇΓöÇΓöÇΓöÇΓöÇΓöÇΓöÇΓöÇΓöÇΓöÇΓöÇΓöÇΓöÇΓöÇΓöÇΓöÇΓöÇΓöÇΓöÇΓöÇΓöÇΓöÇΓöÇΓöÇΓöÇΓöÇΓöÇΓöÇΓöÇΓöÇΓöÇΓöÇΓöÇΓöÇΓöÇΓöÇΓöÇΓöÇΓöÇΓöÇΓöÇΓöÇΓöÇΓöÇΓöÇΓöÇΓöÇΓöÇΓöÇΓöÇΓöÇΓöÇΓöÇΓöÇΓöÇΓöÇΓöÇΓöÇΓöÇΓöÇΓöÇΓöÇΓöÇΓöÇΓöÇΓöÇΓöÇΓöÇΓöÇΓöÇΓöÇΓöÇΓöÇΓöÇΓöÇΓöÇΓöÇΓöÇΓöÇΓöÇΓöÇΓöÇΓöÇΓöÇΓöÇΓöÇΓöÇΓöÇΓöÇΓöÇΓöÇΓöÇΓöÇΓöÇ

  189) [chromium] ΓÇ║ e2e\responsive.spec.mjs:25:5 ΓÇ║ admin routes x viewports ΓÇ║ /admin/b2b/orders/[id] 

    Error: page.goto: net::ERR_CONNECTION_REFUSED at http://localhost:3058/admin/b2b/orders
    Call log:
      - navigating to "http://localhost:3058/admin/b2b/orders", waiting until "domcontentloaded"


       at routes.mjs:75

      73 |   const prefix = spec.route.split("/[id]")[0];
      74 |   const known = new Set(staticRoutes());
    > 75 |   await page.goto(spec.list, { waitUntil: "domcontentloaded" });
         |              ^
      76 |   await page.waitForLoadState("networkidle", { timeout: 30_000 }).catch(() => {});
      77 |   const hrefs = await page.locator(`main a[href^="${prefix}/"]`).evaluateAll((els) => els.map((a) => a.getAttribute("href")));
      78 |   const re = new RegExp(`^${prefix.replace(/[/-]/g, "\\$&")}/([^/?#]+)(?:[?#]|$)`);
        at resolveIdFromList (C:\Users\priyank\Desktop\Development\BharatAgrolink-admin\e2e\routes.mjs:75:14)
        at C:\Users\priyank\Desktop\Development\BharatAgrolink-admin\e2e\responsive.spec.mjs:27:27

    attachment #1: screenshot (image/png) ΓöÇΓöÇΓöÇΓöÇΓöÇΓöÇΓöÇΓöÇΓöÇΓöÇΓöÇΓöÇΓöÇΓöÇΓöÇΓöÇΓöÇΓöÇΓöÇΓöÇΓöÇΓöÇΓöÇΓöÇΓöÇΓöÇΓöÇΓöÇΓöÇΓöÇΓöÇΓöÇΓöÇΓöÇΓöÇΓöÇΓöÇΓöÇΓöÇΓöÇΓöÇΓöÇΓöÇΓöÇΓöÇΓöÇΓöÇΓöÇΓöÇΓöÇΓöÇΓöÇΓöÇΓöÇΓöÇΓöÇΓöÇΓöÇ
    test-results\responsive-admin-routes-x-viewports-admin-b2b-orders-id--chromium\test-failed-1.png
    ΓöÇΓöÇΓöÇΓöÇΓöÇΓöÇΓöÇΓöÇΓöÇΓöÇΓöÇΓöÇΓöÇΓöÇΓöÇΓöÇΓöÇΓöÇΓöÇΓöÇΓöÇΓöÇΓöÇΓöÇΓöÇΓöÇΓöÇΓöÇΓöÇΓöÇΓöÇΓöÇΓöÇΓöÇΓöÇΓöÇΓöÇΓöÇΓöÇΓöÇΓöÇΓöÇΓöÇΓöÇΓöÇΓöÇΓöÇΓöÇΓöÇΓöÇΓöÇΓöÇΓöÇΓöÇΓöÇΓöÇΓöÇΓöÇΓöÇΓöÇΓöÇΓöÇΓöÇΓöÇΓöÇΓöÇΓöÇΓöÇΓöÇΓöÇΓöÇΓöÇΓöÇΓöÇΓöÇΓöÇΓöÇΓöÇΓöÇΓöÇΓöÇΓöÇΓöÇΓöÇΓöÇΓöÇΓöÇΓöÇΓöÇΓöÇΓöÇΓöÇΓöÇΓöÇΓöÇΓöÇ

    Error Context: test-results\responsive-admin-routes-x-viewports-admin-b2b-orders-id--chromium\error-context.md

    attachment #3: trace (application/zip) ΓöÇΓöÇΓöÇΓöÇΓöÇΓöÇΓöÇΓöÇΓöÇΓöÇΓöÇΓöÇΓöÇΓöÇΓöÇΓöÇΓöÇΓöÇΓöÇΓöÇΓöÇΓöÇΓöÇΓöÇΓöÇΓöÇΓöÇΓöÇΓöÇΓöÇΓöÇΓöÇΓöÇΓöÇΓöÇΓöÇΓöÇΓöÇΓöÇΓöÇΓöÇΓöÇΓöÇΓöÇΓöÇΓöÇΓöÇΓöÇΓöÇΓöÇΓöÇΓöÇΓöÇΓöÇΓöÇΓöÇΓöÇ
    test-results\responsive-admin-routes-x-viewports-admin-b2b-orders-id--chromium\trace.zip
    Usage:

        npx playwright show-trace test-results\responsive-admin-routes-x-viewports-admin-b2b-orders-id--chromium\trace.zip

    ΓöÇΓöÇΓöÇΓöÇΓöÇΓöÇΓöÇΓöÇΓöÇΓöÇΓöÇΓöÇΓöÇΓöÇΓöÇΓöÇΓöÇΓöÇΓöÇΓöÇΓöÇΓöÇΓöÇΓöÇΓöÇΓöÇΓöÇΓöÇΓöÇΓöÇΓöÇΓöÇΓöÇΓöÇΓöÇΓöÇΓöÇΓöÇΓöÇΓöÇΓöÇΓöÇΓöÇΓöÇΓöÇΓöÇΓöÇΓöÇΓöÇΓöÇΓöÇΓöÇΓöÇΓöÇΓöÇΓöÇΓöÇΓöÇΓöÇΓöÇΓöÇΓöÇΓöÇΓöÇΓöÇΓöÇΓöÇΓöÇΓöÇΓöÇΓöÇΓöÇΓöÇΓöÇΓöÇΓöÇΓöÇΓöÇΓöÇΓöÇΓöÇΓöÇΓöÇΓöÇΓöÇΓöÇΓöÇΓöÇΓöÇΓöÇΓöÇΓöÇΓöÇΓöÇΓöÇΓöÇ

  190) [chromium] ΓÇ║ e2e\responsive.spec.mjs:25:5 ΓÇ║ admin routes x viewports ΓÇ║ /admin/roles/[id] ΓöÇΓöÇΓöÇΓöÇ

    Error: /admin/roles/0
    @1600px:
      - navigation failed: page.goto: net::ERR_CONNECTION_REFUSED at http://localhost:3058/admin/roles/0
    @1200px:
      - navigation failed: page.goto: net::ERR_CONNECTION_REFUSED at http://localhost:3058/admin/roles/0
    @768px:
      - navigation failed: page.goto: net::ERR_CONNECTION_REFUSED at http://localhost:3058/admin/roles/0
    @480px:
      - navigation failed: page.goto: net::ERR_CONNECTION_REFUSED at http://localhost:3058/admin/roles/0
    @375px:
      - navigation failed: page.goto: net::ERR_CONNECTION_REFUSED at http://localhost:3058/admin/roles/0

    expect(received).toEqual(expected) // deep equality

    - Expected  -  1
    + Received  + 12

    - Array []
    + Array [
    +   "@1600px:
    +   - navigation failed: page.goto: net::ERR_CONNECTION_REFUSED at http://localhost:3058/admin/roles/0",
    +   "@1200px:
    +   - navigation failed: page.goto: net::ERR_CONNECTION_REFUSED at http://localhost:3058/admin/roles/0",
    +   "@768px:
    +   - navigation failed: page.goto: net::ERR_CONNECTION_REFUSED at http://localhost:3058/admin/roles/0",
    +   "@480px:
    +   - navigation failed: page.goto: net::ERR_CONNECTION_REFUSED at http://localhost:3058/admin/roles/0",
    +   "@375px:
    +   - navigation failed: page.goto: net::ERR_CONNECTION_REFUSED at http://localhost:3058/admin/roles/0",
    + ]

      12 |   await testInfo.attach("matrix", { body: JSON.stringify({ route, url, results }), contentType: "application/json" });
      13 |   const failed = results.filter((r) => r.issues.length).map((r) => `@${r.viewport}px:\n  - ${r.issues.join("\n  - ")}`);
    > 14 |   expect(failed, `${url}\n${failed.join("\n")}`).toEqual([]);
         |                                                  ^
      15 | }
      16 |
      17 | test.describe("admin routes x viewports", () => {
        at runMatrix (C:\Users\priyank\Desktop\Development\BharatAgrolink-admin\e2e\responsive.spec.mjs:14:50)
        at C:\Users\priyank\Desktop\Development\BharatAgrolink-admin\e2e\responsive.spec.mjs:30:7

    attachment #7: screenshot (image/png) ΓöÇΓöÇΓöÇΓöÇΓöÇΓöÇΓöÇΓöÇΓöÇΓöÇΓöÇΓöÇΓöÇΓöÇΓöÇΓöÇΓöÇΓöÇΓöÇΓöÇΓöÇΓöÇΓöÇΓöÇΓöÇΓöÇΓöÇΓöÇΓöÇΓöÇΓöÇΓöÇΓöÇΓöÇΓöÇΓöÇΓöÇΓöÇΓöÇΓöÇΓöÇΓöÇΓöÇΓöÇΓöÇΓöÇΓöÇΓöÇΓöÇΓöÇΓöÇΓöÇΓöÇΓöÇΓöÇΓöÇΓöÇΓöÇ
    test-results\responsive-admin-routes-x-viewports-admin-roles-id--chromium\test-failed-1.png
    ΓöÇΓöÇΓöÇΓöÇΓöÇΓöÇΓöÇΓöÇΓöÇΓöÇΓöÇΓöÇΓöÇΓöÇΓöÇΓöÇΓöÇΓöÇΓöÇΓöÇΓöÇΓöÇΓöÇΓöÇΓöÇΓöÇΓöÇΓöÇΓöÇΓöÇΓöÇΓöÇΓöÇΓöÇΓöÇΓöÇΓöÇΓöÇΓöÇΓöÇΓöÇΓöÇΓöÇΓöÇΓöÇΓöÇΓöÇΓöÇΓöÇΓöÇΓöÇΓöÇΓöÇΓöÇΓöÇΓöÇΓöÇΓöÇΓöÇΓöÇΓöÇΓöÇΓöÇΓöÇΓöÇΓöÇΓöÇΓöÇΓöÇΓöÇΓöÇΓöÇΓöÇΓöÇΓöÇΓöÇΓöÇΓöÇΓöÇΓöÇΓöÇΓöÇΓöÇΓöÇΓöÇΓöÇΓöÇΓöÇΓöÇΓöÇΓöÇΓöÇΓöÇΓöÇΓöÇΓöÇ

    Error Context: test-results\responsive-admin-routes-x-viewports-admin-roles-id--chromium\error-context.md

    attachment #9: trace (application/zip) ΓöÇΓöÇΓöÇΓöÇΓöÇΓöÇΓöÇΓöÇΓöÇΓöÇΓöÇΓöÇΓöÇΓöÇΓöÇΓöÇΓöÇΓöÇΓöÇΓöÇΓöÇΓöÇΓöÇΓöÇΓöÇΓöÇΓöÇΓöÇΓöÇΓöÇΓöÇΓöÇΓöÇΓöÇΓöÇΓöÇΓöÇΓöÇΓöÇΓöÇΓöÇΓöÇΓöÇΓöÇΓöÇΓöÇΓöÇΓöÇΓöÇΓöÇΓöÇΓöÇΓöÇΓöÇΓöÇΓöÇΓöÇ
    test-results\responsive-admin-routes-x-viewports-admin-roles-id--chromium\trace.zip
    Usage:

        npx playwright show-trace test-results\responsive-admin-routes-x-viewports-admin-roles-id--chromium\trace.zip

    ΓöÇΓöÇΓöÇΓöÇΓöÇΓöÇΓöÇΓöÇΓöÇΓöÇΓöÇΓöÇΓöÇΓöÇΓöÇΓöÇΓöÇΓöÇΓöÇΓöÇΓöÇΓöÇΓöÇΓöÇΓöÇΓöÇΓöÇΓöÇΓöÇΓöÇΓöÇΓöÇΓöÇΓöÇΓöÇΓöÇΓöÇΓöÇΓöÇΓöÇΓöÇΓöÇΓöÇΓöÇΓöÇΓöÇΓöÇΓöÇΓöÇΓöÇΓöÇΓöÇΓöÇΓöÇΓöÇΓöÇΓöÇΓöÇΓöÇΓöÇΓöÇΓöÇΓöÇΓöÇΓöÇΓöÇΓöÇΓöÇΓöÇΓöÇΓöÇΓöÇΓöÇΓöÇΓöÇΓöÇΓöÇΓöÇΓöÇΓöÇΓöÇΓöÇΓöÇΓöÇΓöÇΓöÇΓöÇΓöÇΓöÇΓöÇΓöÇΓöÇΓöÇΓöÇΓöÇΓöÇ

  191) [chromium] ΓÇ║ e2e\responsive.spec.mjs:25:5 ΓÇ║ admin routes x viewports ΓÇ║ /admin/catalog/feature-categories/[id] 

    Error: /admin/catalog/feature-categories/9
    @1600px:
      - navigation failed: page.goto: net::ERR_CONNECTION_REFUSED at http://localhost:3058/admin/catalog/feature-categories/9
    @1200px:
      - navigation failed: page.goto: net::ERR_CONNECTION_REFUSED at http://localhost:3058/admin/catalog/feature-categories/9
    @768px:
      - navigation failed: page.goto: net::ERR_CONNECTION_REFUSED at http://localhost:3058/admin/catalog/feature-categories/9
    @480px:
      - navigation failed: page.goto: net::ERR_CONNECTION_REFUSED at http://localhost:3058/admin/catalog/feature-categories/9
    @375px:
      - navigation failed: page.goto: net::ERR_CONNECTION_REFUSED at http://localhost:3058/admin/catalog/feature-categories/9

    expect(received).toEqual(expected) // deep equality

    - Expected  -  1
    + Received  + 12

    - Array []
    + Array [
    +   "@1600px:
    +   - navigation failed: page.goto: net::ERR_CONNECTION_REFUSED at http://localhost:3058/admin/catalog/feature-categories/9",
    +   "@1200px:
    +   - navigation failed: page.goto: net::ERR_CONNECTION_REFUSED at http://localhost:3058/admin/catalog/feature-categories/9",
    +   "@768px:
    +   - navigation failed: page.goto: net::ERR_CONNECTION_REFUSED at http://localhost:3058/admin/catalog/feature-categories/9",
    +   "@480px:
    +   - navigation failed: page.goto: net::ERR_CONNECTION_REFUSED at http://localhost:3058/admin/catalog/feature-categories/9",
    +   "@375px:
    +   - navigation failed: page.goto: net::ERR_CONNECTION_REFUSED at http://localhost:3058/admin/catalog/feature-categories/9",
    + ]

      12 |   await testInfo.attach("matrix", { body: JSON.stringify({ route, url, results }), contentType: "application/json" });
      13 |   const failed = results.filter((r) => r.issues.length).map((r) => `@${r.viewport}px:\n  - ${r.issues.join("\n  - ")}`);
    > 14 |   expect(failed, `${url}\n${failed.join("\n")}`).toEqual([]);
         |                                                  ^
      15 | }
      16 |
      17 | test.describe("admin routes x viewports", () => {
        at runMatrix (C:\Users\priyank\Desktop\Development\BharatAgrolink-admin\e2e\responsive.spec.mjs:14:50)
        at C:\Users\priyank\Desktop\Development\BharatAgrolink-admin\e2e\responsive.spec.mjs:30:7

    attachment #7: screenshot (image/png) ΓöÇΓöÇΓöÇΓöÇΓöÇΓöÇΓöÇΓöÇΓöÇΓöÇΓöÇΓöÇΓöÇΓöÇΓöÇΓöÇΓöÇΓöÇΓöÇΓöÇΓöÇΓöÇΓöÇΓöÇΓöÇΓöÇΓöÇΓöÇΓöÇΓöÇΓöÇΓöÇΓöÇΓöÇΓöÇΓöÇΓöÇΓöÇΓöÇΓöÇΓöÇΓöÇΓöÇΓöÇΓöÇΓöÇΓöÇΓöÇΓöÇΓöÇΓöÇΓöÇΓöÇΓöÇΓöÇΓöÇΓöÇΓöÇ
    test-results\responsive-admin-routes-x--38e87-alog-feature-categories-id--chromium\test-failed-1.png
    ΓöÇΓöÇΓöÇΓöÇΓöÇΓöÇΓöÇΓöÇΓöÇΓöÇΓöÇΓöÇΓöÇΓöÇΓöÇΓöÇΓöÇΓöÇΓöÇΓöÇΓöÇΓöÇΓöÇΓöÇΓöÇΓöÇΓöÇΓöÇΓöÇΓöÇΓöÇΓöÇΓöÇΓöÇΓöÇΓöÇΓöÇΓöÇΓöÇΓöÇΓöÇΓöÇΓöÇΓöÇΓöÇΓöÇΓöÇΓöÇΓöÇΓöÇΓöÇΓöÇΓöÇΓöÇΓöÇΓöÇΓöÇΓöÇΓöÇΓöÇΓöÇΓöÇΓöÇΓöÇΓöÇΓöÇΓöÇΓöÇΓöÇΓöÇΓöÇΓöÇΓöÇΓöÇΓöÇΓöÇΓöÇΓöÇΓöÇΓöÇΓöÇΓöÇΓöÇΓöÇΓöÇΓöÇΓöÇΓöÇΓöÇΓöÇΓöÇΓöÇΓöÇΓöÇΓöÇΓöÇ

    Error Context: test-results\responsive-admin-routes-x--38e87-alog-feature-categories-id--chromium\error-context.md

    attachment #9: trace (application/zip) ΓöÇΓöÇΓöÇΓöÇΓöÇΓöÇΓöÇΓöÇΓöÇΓöÇΓöÇΓöÇΓöÇΓöÇΓöÇΓöÇΓöÇΓöÇΓöÇΓöÇΓöÇΓöÇΓöÇΓöÇΓöÇΓöÇΓöÇΓöÇΓöÇΓöÇΓöÇΓöÇΓöÇΓöÇΓöÇΓöÇΓöÇΓöÇΓöÇΓöÇΓöÇΓöÇΓöÇΓöÇΓöÇΓöÇΓöÇΓöÇΓöÇΓöÇΓöÇΓöÇΓöÇΓöÇΓöÇΓöÇΓöÇ
    test-results\responsive-admin-routes-x--38e87-alog-feature-categories-id--chromium\trace.zip
    Usage:

        npx playwright show-trace test-results\responsive-admin-routes-x--38e87-alog-feature-categories-id--chromium\trace.zip

    ΓöÇΓöÇΓöÇΓöÇΓöÇΓöÇΓöÇΓöÇΓöÇΓöÇΓöÇΓöÇΓöÇΓöÇΓöÇΓöÇΓöÇΓöÇΓöÇΓöÇΓöÇΓöÇΓöÇΓöÇΓöÇΓöÇΓöÇΓöÇΓöÇΓöÇΓöÇΓöÇΓöÇΓöÇΓöÇΓöÇΓöÇΓöÇΓöÇΓöÇΓöÇΓöÇΓöÇΓöÇΓöÇΓöÇΓöÇΓöÇΓöÇΓöÇΓöÇΓöÇΓöÇΓöÇΓöÇΓöÇΓöÇΓöÇΓöÇΓöÇΓöÇΓöÇΓöÇΓöÇΓöÇΓöÇΓöÇΓöÇΓöÇΓöÇΓöÇΓöÇΓöÇΓöÇΓöÇΓöÇΓöÇΓöÇΓöÇΓöÇΓöÇΓöÇΓöÇΓöÇΓöÇΓöÇΓöÇΓöÇΓöÇΓöÇΓöÇΓöÇΓöÇΓöÇΓöÇΓöÇ

  192) [chromium] ΓÇ║ e2e\shell.spec.mjs:9:3 ΓÇ║ admin shell ΓÇ║ every sidebar link is covered by the route matrix 

    Error: page.goto: net::ERR_CONNECTION_REFUSED at http://localhost:3058/admin/dashboard
    Call log:
      - navigating to "http://localhost:3058/admin/dashboard", waiting until "load"


       9 |   test("every sidebar link is covered by the route matrix", async ({ page, request }, testInfo) => {
      10 |     await page.setViewportSize({ width: 1600, height: 900 });
    > 11 |     await page.goto("/admin/dashboard");
         |                ^
      12 |     await waitForPage(page);
      13 |     const hrefs = [...new Set(await page.locator(`${SIDEBAR} a[href]`).evaluateAll((els) => els.map((a) => a.getAttribute("href"))))];
      14 |     expect(hrefs.length, "sidebar rendered no links").toBeGreaterThan(0);
        at C:\Users\priyank\Desktop\Development\BharatAgrolink-admin\e2e\shell.spec.mjs:11:16

    attachment #1: screenshot (image/png) ΓöÇΓöÇΓöÇΓöÇΓöÇΓöÇΓöÇΓöÇΓöÇΓöÇΓöÇΓöÇΓöÇΓöÇΓöÇΓöÇΓöÇΓöÇΓöÇΓöÇΓöÇΓöÇΓöÇΓöÇΓöÇΓöÇΓöÇΓöÇΓöÇΓöÇΓöÇΓöÇΓöÇΓöÇΓöÇΓöÇΓöÇΓöÇΓöÇΓöÇΓöÇΓöÇΓöÇΓöÇΓöÇΓöÇΓöÇΓöÇΓöÇΓöÇΓöÇΓöÇΓöÇΓöÇΓöÇΓöÇΓöÇΓöÇ
    test-results\shell-admin-shell-every-si-8ace3-covered-by-the-route-matrix-chromium\test-failed-1.png
    ΓöÇΓöÇΓöÇΓöÇΓöÇΓöÇΓöÇΓöÇΓöÇΓöÇΓöÇΓöÇΓöÇΓöÇΓöÇΓöÇΓöÇΓöÇΓöÇΓöÇΓöÇΓöÇΓöÇΓöÇΓöÇΓöÇΓöÇΓöÇΓöÇΓöÇΓöÇΓöÇΓöÇΓöÇΓöÇΓöÇΓöÇΓöÇΓöÇΓöÇΓöÇΓöÇΓöÇΓöÇΓöÇΓöÇΓöÇΓöÇΓöÇΓöÇΓöÇΓöÇΓöÇΓöÇΓöÇΓöÇΓöÇΓöÇΓöÇΓöÇΓöÇΓöÇΓöÇΓöÇΓöÇΓöÇΓöÇΓöÇΓöÇΓöÇΓöÇΓöÇΓöÇΓöÇΓöÇΓöÇΓöÇΓöÇΓöÇΓöÇΓöÇΓöÇΓöÇΓöÇΓöÇΓöÇΓöÇΓöÇΓöÇΓöÇΓöÇΓöÇΓöÇΓöÇΓöÇΓöÇ

    Error Context: test-results\shell-admin-shell-every-si-8ace3-covered-by-the-route-matrix-chromium\error-context.md

    attachment #3: trace (application/zip) ΓöÇΓöÇΓöÇΓöÇΓöÇΓöÇΓöÇΓöÇΓöÇΓöÇΓöÇΓöÇΓöÇΓöÇΓöÇΓöÇΓöÇΓöÇΓöÇΓöÇΓöÇΓöÇΓöÇΓöÇΓöÇΓöÇΓöÇΓöÇΓöÇΓöÇΓöÇΓöÇΓöÇΓöÇΓöÇΓöÇΓöÇΓöÇΓöÇΓöÇΓöÇΓöÇΓöÇΓöÇΓöÇΓöÇΓöÇΓöÇΓöÇΓöÇΓöÇΓöÇΓöÇΓöÇΓöÇΓöÇΓöÇ
    test-results\shell-admin-shell-every-si-8ace3-covered-by-the-route-matrix-chromium\trace.zip
    Usage:

        npx playwright show-trace test-results\shell-admin-shell-every-si-8ace3-covered-by-the-route-matrix-chromium\trace.zip

    ΓöÇΓöÇΓöÇΓöÇΓöÇΓöÇΓöÇΓöÇΓöÇΓöÇΓöÇΓöÇΓöÇΓöÇΓöÇΓöÇΓöÇΓöÇΓöÇΓöÇΓöÇΓöÇΓöÇΓöÇΓöÇΓöÇΓöÇΓöÇΓöÇΓöÇΓöÇΓöÇΓöÇΓöÇΓöÇΓöÇΓöÇΓöÇΓöÇΓöÇΓöÇΓöÇΓöÇΓöÇΓöÇΓöÇΓöÇΓöÇΓöÇΓöÇΓöÇΓöÇΓöÇΓöÇΓöÇΓöÇΓöÇΓöÇΓöÇΓöÇΓöÇΓöÇΓöÇΓöÇΓöÇΓöÇΓöÇΓöÇΓöÇΓöÇΓöÇΓöÇΓöÇΓöÇΓöÇΓöÇΓöÇΓöÇΓöÇΓöÇΓöÇΓöÇΓöÇΓöÇΓöÇΓöÇΓöÇΓöÇΓöÇΓöÇΓöÇΓöÇΓöÇΓöÇΓöÇΓöÇ

  193) [chromium] ΓÇ║ e2e\shell.spec.mjs:40:7 ΓÇ║ admin shell ΓÇ║ sidebar on /admin/dashboard @1600px ΓöÇΓöÇΓöÇΓöÇ

    Error: page.goto: net::ERR_CONNECTION_REFUSED at http://localhost:3058/admin/dashboard
    Call log:
      - navigating to "http://localhost:3058/admin/dashboard", waiting until "load"


      40 |       test(`${mobile ? "drawer" : "sidebar"} on ${route} @${viewport.name}px`, async ({ page }) => {
      41 |         await page.setViewportSize({ width: viewport.width, height: viewport.height });
    > 42 |         await page.goto(route);
         |                    ^
      43 |         await waitForPage(page);
      44 |         const sidebar = page.locator(SIDEBAR);
      45 |         const openButton = page.getByRole("button", { name: "Open menu" });
        at C:\Users\priyank\Desktop\Development\BharatAgrolink-admin\e2e\shell.spec.mjs:42:20

    attachment #1: screenshot (image/png) ΓöÇΓöÇΓöÇΓöÇΓöÇΓöÇΓöÇΓöÇΓöÇΓöÇΓöÇΓöÇΓöÇΓöÇΓöÇΓöÇΓöÇΓöÇΓöÇΓöÇΓöÇΓöÇΓöÇΓöÇΓöÇΓöÇΓöÇΓöÇΓöÇΓöÇΓöÇΓöÇΓöÇΓöÇΓöÇΓöÇΓöÇΓöÇΓöÇΓöÇΓöÇΓöÇΓöÇΓöÇΓöÇΓöÇΓöÇΓöÇΓöÇΓöÇΓöÇΓöÇΓöÇΓöÇΓöÇΓöÇΓöÇΓöÇ
    test-results\shell-admin-shell-sidebar-on-admin-dashboard-1600px-chromium\test-failed-1.png
    ΓöÇΓöÇΓöÇΓöÇΓöÇΓöÇΓöÇΓöÇΓöÇΓöÇΓöÇΓöÇΓöÇΓöÇΓöÇΓöÇΓöÇΓöÇΓöÇΓöÇΓöÇΓöÇΓöÇΓöÇΓöÇΓöÇΓöÇΓöÇΓöÇΓöÇΓöÇΓöÇΓöÇΓöÇΓöÇΓöÇΓöÇΓöÇΓöÇΓöÇΓöÇΓöÇΓöÇΓöÇΓöÇΓöÇΓöÇΓöÇΓöÇΓöÇΓöÇΓöÇΓöÇΓöÇΓöÇΓöÇΓöÇΓöÇΓöÇΓöÇΓöÇΓöÇΓöÇΓöÇΓöÇΓöÇΓöÇΓöÇΓöÇΓöÇΓöÇΓöÇΓöÇΓöÇΓöÇΓöÇΓöÇΓöÇΓöÇΓöÇΓöÇΓöÇΓöÇΓöÇΓöÇΓöÇΓöÇΓöÇΓöÇΓöÇΓöÇΓöÇΓöÇΓöÇΓöÇΓöÇ

    Error Context: test-results\shell-admin-shell-sidebar-on-admin-dashboard-1600px-chromium\error-context.md

    attachment #3: trace (application/zip) ΓöÇΓöÇΓöÇΓöÇΓöÇΓöÇΓöÇΓöÇΓöÇΓöÇΓöÇΓöÇΓöÇΓöÇΓöÇΓöÇΓöÇΓöÇΓöÇΓöÇΓöÇΓöÇΓöÇΓöÇΓöÇΓöÇΓöÇΓöÇΓöÇΓöÇΓöÇΓöÇΓöÇΓöÇΓöÇΓöÇΓöÇΓöÇΓöÇΓöÇΓöÇΓöÇΓöÇΓöÇΓöÇΓöÇΓöÇΓöÇΓöÇΓöÇΓöÇΓöÇΓöÇΓöÇΓöÇΓöÇΓöÇ
    test-results\shell-admin-shell-sidebar-on-admin-dashboard-1600px-chromium\trace.zip
    Usage:

        npx playwright show-trace test-results\shell-admin-shell-sidebar-on-admin-dashboard-1600px-chromium\trace.zip

    ΓöÇΓöÇΓöÇΓöÇΓöÇΓöÇΓöÇΓöÇΓöÇΓöÇΓöÇΓöÇΓöÇΓöÇΓöÇΓöÇΓöÇΓöÇΓöÇΓöÇΓöÇΓöÇΓöÇΓöÇΓöÇΓöÇΓöÇΓöÇΓöÇΓöÇΓöÇΓöÇΓöÇΓöÇΓöÇΓöÇΓöÇΓöÇΓöÇΓöÇΓöÇΓöÇΓöÇΓöÇΓöÇΓöÇΓöÇΓöÇΓöÇΓöÇΓöÇΓöÇΓöÇΓöÇΓöÇΓöÇΓöÇΓöÇΓöÇΓöÇΓöÇΓöÇΓöÇΓöÇΓöÇΓöÇΓöÇΓöÇΓöÇΓöÇΓöÇΓöÇΓöÇΓöÇΓöÇΓöÇΓöÇΓöÇΓöÇΓöÇΓöÇΓöÇΓöÇΓöÇΓöÇΓöÇΓöÇΓöÇΓöÇΓöÇΓöÇΓöÇΓöÇΓöÇΓöÇΓöÇ

  194) [chromium] ΓÇ║ e2e\shell.spec.mjs:40:7 ΓÇ║ admin shell ΓÇ║ sidebar on /admin/dashboard @1200px ΓöÇΓöÇΓöÇΓöÇ

    Error: page.goto: net::ERR_CONNECTION_REFUSED at http://localhost:3058/admin/dashboard
    Call log:
      - navigating to "http://localhost:3058/admin/dashboard", waiting until "load"


      40 |       test(`${mobile ? "drawer" : "sidebar"} on ${route} @${viewport.name}px`, async ({ page }) => {
      41 |         await page.setViewportSize({ width: viewport.width, height: viewport.height });
    > 42 |         await page.goto(route);
         |                    ^
      43 |         await waitForPage(page);
      44 |         const sidebar = page.locator(SIDEBAR);
      45 |         const openButton = page.getByRole("button", { name: "Open menu" });
        at C:\Users\priyank\Desktop\Development\BharatAgrolink-admin\e2e\shell.spec.mjs:42:20

    attachment #1: screenshot (image/png) ΓöÇΓöÇΓöÇΓöÇΓöÇΓöÇΓöÇΓöÇΓöÇΓöÇΓöÇΓöÇΓöÇΓöÇΓöÇΓöÇΓöÇΓöÇΓöÇΓöÇΓöÇΓöÇΓöÇΓöÇΓöÇΓöÇΓöÇΓöÇΓöÇΓöÇΓöÇΓöÇΓöÇΓöÇΓöÇΓöÇΓöÇΓöÇΓöÇΓöÇΓöÇΓöÇΓöÇΓöÇΓöÇΓöÇΓöÇΓöÇΓöÇΓöÇΓöÇΓöÇΓöÇΓöÇΓöÇΓöÇΓöÇΓöÇ
    test-results\shell-admin-shell-sidebar-on-admin-dashboard-1200px-chromium\test-failed-1.png
    ΓöÇΓöÇΓöÇΓöÇΓöÇΓöÇΓöÇΓöÇΓöÇΓöÇΓöÇΓöÇΓöÇΓöÇΓöÇΓöÇΓöÇΓöÇΓöÇΓöÇΓöÇΓöÇΓöÇΓöÇΓöÇΓöÇΓöÇΓöÇΓöÇΓöÇΓöÇΓöÇΓöÇΓöÇΓöÇΓöÇΓöÇΓöÇΓöÇΓöÇΓöÇΓöÇΓöÇΓöÇΓöÇΓöÇΓöÇΓöÇΓöÇΓöÇΓöÇΓöÇΓöÇΓöÇΓöÇΓöÇΓöÇΓöÇΓöÇΓöÇΓöÇΓöÇΓöÇΓöÇΓöÇΓöÇΓöÇΓöÇΓöÇΓöÇΓöÇΓöÇΓöÇΓöÇΓöÇΓöÇΓöÇΓöÇΓöÇΓöÇΓöÇΓöÇΓöÇΓöÇΓöÇΓöÇΓöÇΓöÇΓöÇΓöÇΓöÇΓöÇΓöÇΓöÇΓöÇΓöÇ

    Error Context: test-results\shell-admin-shell-sidebar-on-admin-dashboard-1200px-chromium\error-context.md

    attachment #3: trace (application/zip) ΓöÇΓöÇΓöÇΓöÇΓöÇΓöÇΓöÇΓöÇΓöÇΓöÇΓöÇΓöÇΓöÇΓöÇΓöÇΓöÇΓöÇΓöÇΓöÇΓöÇΓöÇΓöÇΓöÇΓöÇΓöÇΓöÇΓöÇΓöÇΓöÇΓöÇΓöÇΓöÇΓöÇΓöÇΓöÇΓöÇΓöÇΓöÇΓöÇΓöÇΓöÇΓöÇΓöÇΓöÇΓöÇΓöÇΓöÇΓöÇΓöÇΓöÇΓöÇΓöÇΓöÇΓöÇΓöÇΓöÇΓöÇ
    test-results\shell-admin-shell-sidebar-on-admin-dashboard-1200px-chromium\trace.zip
    Usage:

        npx playwright show-trace test-results\shell-admin-shell-sidebar-on-admin-dashboard-1200px-chromium\trace.zip

    ΓöÇΓöÇΓöÇΓöÇΓöÇΓöÇΓöÇΓöÇΓöÇΓöÇΓöÇΓöÇΓöÇΓöÇΓöÇΓöÇΓöÇΓöÇΓöÇΓöÇΓöÇΓöÇΓöÇΓöÇΓöÇΓöÇΓöÇΓöÇΓöÇΓöÇΓöÇΓöÇΓöÇΓöÇΓöÇΓöÇΓöÇΓöÇΓöÇΓöÇΓöÇΓöÇΓöÇΓöÇΓöÇΓöÇΓöÇΓöÇΓöÇΓöÇΓöÇΓöÇΓöÇΓöÇΓöÇΓöÇΓöÇΓöÇΓöÇΓöÇΓöÇΓöÇΓöÇΓöÇΓöÇΓöÇΓöÇΓöÇΓöÇΓöÇΓöÇΓöÇΓöÇΓöÇΓöÇΓöÇΓöÇΓöÇΓöÇΓöÇΓöÇΓöÇΓöÇΓöÇΓöÇΓöÇΓöÇΓöÇΓöÇΓöÇΓöÇΓöÇΓöÇΓöÇΓöÇΓöÇ

  195) [chromium] ΓÇ║ e2e\shell.spec.mjs:40:7 ΓÇ║ admin shell ΓÇ║ sidebar on /admin/dashboard @768px ΓöÇΓöÇΓöÇΓöÇΓöÇ

    Error: page.goto: net::ERR_CONNECTION_REFUSED at http://localhost:3058/admin/dashboard
    Call log:
      - navigating to "http://localhost:3058/admin/dashboard", waiting until "load"


      40 |       test(`${mobile ? "drawer" : "sidebar"} on ${route} @${viewport.name}px`, async ({ page }) => {
      41 |         await page.setViewportSize({ width: viewport.width, height: viewport.height });
    > 42 |         await page.goto(route);
         |                    ^
      43 |         await waitForPage(page);
      44 |         const sidebar = page.locator(SIDEBAR);
      45 |         const openButton = page.getByRole("button", { name: "Open menu" });
        at C:\Users\priyank\Desktop\Development\BharatAgrolink-admin\e2e\shell.spec.mjs:42:20

    attachment #1: screenshot (image/png) ΓöÇΓöÇΓöÇΓöÇΓöÇΓöÇΓöÇΓöÇΓöÇΓöÇΓöÇΓöÇΓöÇΓöÇΓöÇΓöÇΓöÇΓöÇΓöÇΓöÇΓöÇΓöÇΓöÇΓöÇΓöÇΓöÇΓöÇΓöÇΓöÇΓöÇΓöÇΓöÇΓöÇΓöÇΓöÇΓöÇΓöÇΓöÇΓöÇΓöÇΓöÇΓöÇΓöÇΓöÇΓöÇΓöÇΓöÇΓöÇΓöÇΓöÇΓöÇΓöÇΓöÇΓöÇΓöÇΓöÇΓöÇΓöÇ
    test-results\shell-admin-shell-sidebar-on-admin-dashboard-768px-chromium\test-failed-1.png
    ΓöÇΓöÇΓöÇΓöÇΓöÇΓöÇΓöÇΓöÇΓöÇΓöÇΓöÇΓöÇΓöÇΓöÇΓöÇΓöÇΓöÇΓöÇΓöÇΓöÇΓöÇΓöÇΓöÇΓöÇΓöÇΓöÇΓöÇΓöÇΓöÇΓöÇΓöÇΓöÇΓöÇΓöÇΓöÇΓöÇΓöÇΓöÇΓöÇΓöÇΓöÇΓöÇΓöÇΓöÇΓöÇΓöÇΓöÇΓöÇΓöÇΓöÇΓöÇΓöÇΓöÇΓöÇΓöÇΓöÇΓöÇΓöÇΓöÇΓöÇΓöÇΓöÇΓöÇΓöÇΓöÇΓöÇΓöÇΓöÇΓöÇΓöÇΓöÇΓöÇΓöÇΓöÇΓöÇΓöÇΓöÇΓöÇΓöÇΓöÇΓöÇΓöÇΓöÇΓöÇΓöÇΓöÇΓöÇΓöÇΓöÇΓöÇΓöÇΓöÇΓöÇΓöÇΓöÇΓöÇ

    Error Context: test-results\shell-admin-shell-sidebar-on-admin-dashboard-768px-chromium\error-context.md

    attachment #3: trace (application/zip) ΓöÇΓöÇΓöÇΓöÇΓöÇΓöÇΓöÇΓöÇΓöÇΓöÇΓöÇΓöÇΓöÇΓöÇΓöÇΓöÇΓöÇΓöÇΓöÇΓöÇΓöÇΓöÇΓöÇΓöÇΓöÇΓöÇΓöÇΓöÇΓöÇΓöÇΓöÇΓöÇΓöÇΓöÇΓöÇΓöÇΓöÇΓöÇΓöÇΓöÇΓöÇΓöÇΓöÇΓöÇΓöÇΓöÇΓöÇΓöÇΓöÇΓöÇΓöÇΓöÇΓöÇΓöÇΓöÇΓöÇΓöÇ
    test-results\shell-admin-shell-sidebar-on-admin-dashboard-768px-chromium\trace.zip
    Usage:

        npx playwright show-trace test-results\shell-admin-shell-sidebar-on-admin-dashboard-768px-chromium\trace.zip

    ΓöÇΓöÇΓöÇΓöÇΓöÇΓöÇΓöÇΓöÇΓöÇΓöÇΓöÇΓöÇΓöÇΓöÇΓöÇΓöÇΓöÇΓöÇΓöÇΓöÇΓöÇΓöÇΓöÇΓöÇΓöÇΓöÇΓöÇΓöÇΓöÇΓöÇΓöÇΓöÇΓöÇΓöÇΓöÇΓöÇΓöÇΓöÇΓöÇΓöÇΓöÇΓöÇΓöÇΓöÇΓöÇΓöÇΓöÇΓöÇΓöÇΓöÇΓöÇΓöÇΓöÇΓöÇΓöÇΓöÇΓöÇΓöÇΓöÇΓöÇΓöÇΓöÇΓöÇΓöÇΓöÇΓöÇΓöÇΓöÇΓöÇΓöÇΓöÇΓöÇΓöÇΓöÇΓöÇΓöÇΓöÇΓöÇΓöÇΓöÇΓöÇΓöÇΓöÇΓöÇΓöÇΓöÇΓöÇΓöÇΓöÇΓöÇΓöÇΓöÇΓöÇΓöÇΓöÇΓöÇ

  196) [chromium] ΓÇ║ e2e\shell.spec.mjs:40:7 ΓÇ║ admin shell ΓÇ║ drawer on /admin/dashboard @480px ΓöÇΓöÇΓöÇΓöÇΓöÇΓöÇ

    Error: page.goto: net::ERR_CONNECTION_REFUSED at http://localhost:3058/admin/dashboard
    Call log:
      - navigating to "http://localhost:3058/admin/dashboard", waiting until "load"


      40 |       test(`${mobile ? "drawer" : "sidebar"} on ${route} @${viewport.name}px`, async ({ page }) => {
      41 |         await page.setViewportSize({ width: viewport.width, height: viewport.height });
    > 42 |         await page.goto(route);
         |                    ^
      43 |         await waitForPage(page);
      44 |         const sidebar = page.locator(SIDEBAR);
      45 |         const openButton = page.getByRole("button", { name: "Open menu" });
        at C:\Users\priyank\Desktop\Development\BharatAgrolink-admin\e2e\shell.spec.mjs:42:20

    attachment #1: screenshot (image/png) ΓöÇΓöÇΓöÇΓöÇΓöÇΓöÇΓöÇΓöÇΓöÇΓöÇΓöÇΓöÇΓöÇΓöÇΓöÇΓöÇΓöÇΓöÇΓöÇΓöÇΓöÇΓöÇΓöÇΓöÇΓöÇΓöÇΓöÇΓöÇΓöÇΓöÇΓöÇΓöÇΓöÇΓöÇΓöÇΓöÇΓöÇΓöÇΓöÇΓöÇΓöÇΓöÇΓöÇΓöÇΓöÇΓöÇΓöÇΓöÇΓöÇΓöÇΓöÇΓöÇΓöÇΓöÇΓöÇΓöÇΓöÇΓöÇ
    test-results\shell-admin-shell-drawer-on-admin-dashboard-480px-chromium\test-failed-1.png
    ΓöÇΓöÇΓöÇΓöÇΓöÇΓöÇΓöÇΓöÇΓöÇΓöÇΓöÇΓöÇΓöÇΓöÇΓöÇΓöÇΓöÇΓöÇΓöÇΓöÇΓöÇΓöÇΓöÇΓöÇΓöÇΓöÇΓöÇΓöÇΓöÇΓöÇΓöÇΓöÇΓöÇΓöÇΓöÇΓöÇΓöÇΓöÇΓöÇΓöÇΓöÇΓöÇΓöÇΓöÇΓöÇΓöÇΓöÇΓöÇΓöÇΓöÇΓöÇΓöÇΓöÇΓöÇΓöÇΓöÇΓöÇΓöÇΓöÇΓöÇΓöÇΓöÇΓöÇΓöÇΓöÇΓöÇΓöÇΓöÇΓöÇΓöÇΓöÇΓöÇΓöÇΓöÇΓöÇΓöÇΓöÇΓöÇΓöÇΓöÇΓöÇΓöÇΓöÇΓöÇΓöÇΓöÇΓöÇΓöÇΓöÇΓöÇΓöÇΓöÇΓöÇΓöÇΓöÇΓöÇ

    Error Context: test-results\shell-admin-shell-drawer-on-admin-dashboard-480px-chromium\error-context.md

    attachment #3: trace (application/zip) ΓöÇΓöÇΓöÇΓöÇΓöÇΓöÇΓöÇΓöÇΓöÇΓöÇΓöÇΓöÇΓöÇΓöÇΓöÇΓöÇΓöÇΓöÇΓöÇΓöÇΓöÇΓöÇΓöÇΓöÇΓöÇΓöÇΓöÇΓöÇΓöÇΓöÇΓöÇΓöÇΓöÇΓöÇΓöÇΓöÇΓöÇΓöÇΓöÇΓöÇΓöÇΓöÇΓöÇΓöÇΓöÇΓöÇΓöÇΓöÇΓöÇΓöÇΓöÇΓöÇΓöÇΓöÇΓöÇΓöÇΓöÇ
    test-results\shell-admin-shell-drawer-on-admin-dashboard-480px-chromium\trace.zip
    Usage:

        npx playwright show-trace test-results\shell-admin-shell-drawer-on-admin-dashboard-480px-chromium\trace.zip

    ΓöÇΓöÇΓöÇΓöÇΓöÇΓöÇΓöÇΓöÇΓöÇΓöÇΓöÇΓöÇΓöÇΓöÇΓöÇΓöÇΓöÇΓöÇΓöÇΓöÇΓöÇΓöÇΓöÇΓöÇΓöÇΓöÇΓöÇΓöÇΓöÇΓöÇΓöÇΓöÇΓöÇΓöÇΓöÇΓöÇΓöÇΓöÇΓöÇΓöÇΓöÇΓöÇΓöÇΓöÇΓöÇΓöÇΓöÇΓöÇΓöÇΓöÇΓöÇΓöÇΓöÇΓöÇΓöÇΓöÇΓöÇΓöÇΓöÇΓöÇΓöÇΓöÇΓöÇΓöÇΓöÇΓöÇΓöÇΓöÇΓöÇΓöÇΓöÇΓöÇΓöÇΓöÇΓöÇΓöÇΓöÇΓöÇΓöÇΓöÇΓöÇΓöÇΓöÇΓöÇΓöÇΓöÇΓöÇΓöÇΓöÇΓöÇΓöÇΓöÇΓöÇΓöÇΓöÇΓöÇ

  197) [chromium] ΓÇ║ e2e\shell.spec.mjs:40:7 ΓÇ║ admin shell ΓÇ║ drawer on /admin/dashboard @375px ΓöÇΓöÇΓöÇΓöÇΓöÇΓöÇ

    Error: page.goto: net::ERR_CONNECTION_REFUSED at http://localhost:3058/admin/dashboard
    Call log:
      - navigating to "http://localhost:3058/admin/dashboard", waiting until "load"


      40 |       test(`${mobile ? "drawer" : "sidebar"} on ${route} @${viewport.name}px`, async ({ page }) => {
      41 |         await page.setViewportSize({ width: viewport.width, height: viewport.height });
    > 42 |         await page.goto(route);
         |                    ^
      43 |         await waitForPage(page);
      44 |         const sidebar = page.locator(SIDEBAR);
      45 |         const openButton = page.getByRole("button", { name: "Open menu" });
        at C:\Users\priyank\Desktop\Development\BharatAgrolink-admin\e2e\shell.spec.mjs:42:20

    attachment #1: screenshot (image/png) ΓöÇΓöÇΓöÇΓöÇΓöÇΓöÇΓöÇΓöÇΓöÇΓöÇΓöÇΓöÇΓöÇΓöÇΓöÇΓöÇΓöÇΓöÇΓöÇΓöÇΓöÇΓöÇΓöÇΓöÇΓöÇΓöÇΓöÇΓöÇΓöÇΓöÇΓöÇΓöÇΓöÇΓöÇΓöÇΓöÇΓöÇΓöÇΓöÇΓöÇΓöÇΓöÇΓöÇΓöÇΓöÇΓöÇΓöÇΓöÇΓöÇΓöÇΓöÇΓöÇΓöÇΓöÇΓöÇΓöÇΓöÇΓöÇ
    test-results\shell-admin-shell-drawer-on-admin-dashboard-375px-chromium\test-failed-1.png
    ΓöÇΓöÇΓöÇΓöÇΓöÇΓöÇΓöÇΓöÇΓöÇΓöÇΓöÇΓöÇΓöÇΓöÇΓöÇΓöÇΓöÇΓöÇΓöÇΓöÇΓöÇΓöÇΓöÇΓöÇΓöÇΓöÇΓöÇΓöÇΓöÇΓöÇΓöÇΓöÇΓöÇΓöÇΓöÇΓöÇΓöÇΓöÇΓöÇΓöÇΓöÇΓöÇΓöÇΓöÇΓöÇΓöÇΓöÇΓöÇΓöÇΓöÇΓöÇΓöÇΓöÇΓöÇΓöÇΓöÇΓöÇΓöÇΓöÇΓöÇΓöÇΓöÇΓöÇΓöÇΓöÇΓöÇΓöÇΓöÇΓöÇΓöÇΓöÇΓöÇΓöÇΓöÇΓöÇΓöÇΓöÇΓöÇΓöÇΓöÇΓöÇΓöÇΓöÇΓöÇΓöÇΓöÇΓöÇΓöÇΓöÇΓöÇΓöÇΓöÇΓöÇΓöÇΓöÇΓöÇ

    Error Context: test-results\shell-admin-shell-drawer-on-admin-dashboard-375px-chromium\error-context.md

    attachment #3: trace (application/zip) ΓöÇΓöÇΓöÇΓöÇΓöÇΓöÇΓöÇΓöÇΓöÇΓöÇΓöÇΓöÇΓöÇΓöÇΓöÇΓöÇΓöÇΓöÇΓöÇΓöÇΓöÇΓöÇΓöÇΓöÇΓöÇΓöÇΓöÇΓöÇΓöÇΓöÇΓöÇΓöÇΓöÇΓöÇΓöÇΓöÇΓöÇΓöÇΓöÇΓöÇΓöÇΓöÇΓöÇΓöÇΓöÇΓöÇΓöÇΓöÇΓöÇΓöÇΓöÇΓöÇΓöÇΓöÇΓöÇΓöÇΓöÇ
    test-results\shell-admin-shell-drawer-on-admin-dashboard-375px-chromium\trace.zip
    Usage:

        npx playwright show-trace test-results\shell-admin-shell-drawer-on-admin-dashboard-375px-chromium\trace.zip

    ΓöÇΓöÇΓöÇΓöÇΓöÇΓöÇΓöÇΓöÇΓöÇΓöÇΓöÇΓöÇΓöÇΓöÇΓöÇΓöÇΓöÇΓöÇΓöÇΓöÇΓöÇΓöÇΓöÇΓöÇΓöÇΓöÇΓöÇΓöÇΓöÇΓöÇΓöÇΓöÇΓöÇΓöÇΓöÇΓöÇΓöÇΓöÇΓöÇΓöÇΓöÇΓöÇΓöÇΓöÇΓöÇΓöÇΓöÇΓöÇΓöÇΓöÇΓöÇΓöÇΓöÇΓöÇΓöÇΓöÇΓöÇΓöÇΓöÇΓöÇΓöÇΓöÇΓöÇΓöÇΓöÇΓöÇΓöÇΓöÇΓöÇΓöÇΓöÇΓöÇΓöÇΓöÇΓöÇΓöÇΓöÇΓöÇΓöÇΓöÇΓöÇΓöÇΓöÇΓöÇΓöÇΓöÇΓöÇΓöÇΓöÇΓöÇΓöÇΓöÇΓöÇΓöÇΓöÇΓöÇ

  198) [chromium] ΓÇ║ e2e\shell.spec.mjs:40:7 ΓÇ║ admin shell ΓÇ║ sidebar on /admin/orders @1600px ΓöÇΓöÇΓöÇΓöÇΓöÇΓöÇΓöÇ

    Error: page.goto: net::ERR_CONNECTION_REFUSED at http://localhost:3058/admin/orders
    Call log:
      - navigating to "http://localhost:3058/admin/orders", waiting until "load"


      40 |       test(`${mobile ? "drawer" : "sidebar"} on ${route} @${viewport.name}px`, async ({ page }) => {
      41 |         await page.setViewportSize({ width: viewport.width, height: viewport.height });
    > 42 |         await page.goto(route);
         |                    ^
      43 |         await waitForPage(page);
      44 |         const sidebar = page.locator(SIDEBAR);
      45 |         const openButton = page.getByRole("button", { name: "Open menu" });
        at C:\Users\priyank\Desktop\Development\BharatAgrolink-admin\e2e\shell.spec.mjs:42:20

    attachment #1: screenshot (image/png) ΓöÇΓöÇΓöÇΓöÇΓöÇΓöÇΓöÇΓöÇΓöÇΓöÇΓöÇΓöÇΓöÇΓöÇΓöÇΓöÇΓöÇΓöÇΓöÇΓöÇΓöÇΓöÇΓöÇΓöÇΓöÇΓöÇΓöÇΓöÇΓöÇΓöÇΓöÇΓöÇΓöÇΓöÇΓöÇΓöÇΓöÇΓöÇΓöÇΓöÇΓöÇΓöÇΓöÇΓöÇΓöÇΓöÇΓöÇΓöÇΓöÇΓöÇΓöÇΓöÇΓöÇΓöÇΓöÇΓöÇΓöÇΓöÇ
    test-results\shell-admin-shell-sidebar-on-admin-orders-1600px-chromium\test-failed-1.png
    ΓöÇΓöÇΓöÇΓöÇΓöÇΓöÇΓöÇΓöÇΓöÇΓöÇΓöÇΓöÇΓöÇΓöÇΓöÇΓöÇΓöÇΓöÇΓöÇΓöÇΓöÇΓöÇΓöÇΓöÇΓöÇΓöÇΓöÇΓöÇΓöÇΓöÇΓöÇΓöÇΓöÇΓöÇΓöÇΓöÇΓöÇΓöÇΓöÇΓöÇΓöÇΓöÇΓöÇΓöÇΓöÇΓöÇΓöÇΓöÇΓöÇΓöÇΓöÇΓöÇΓöÇΓöÇΓöÇΓöÇΓöÇΓöÇΓöÇΓöÇΓöÇΓöÇΓöÇΓöÇΓöÇΓöÇΓöÇΓöÇΓöÇΓöÇΓöÇΓöÇΓöÇΓöÇΓöÇΓöÇΓöÇΓöÇΓöÇΓöÇΓöÇΓöÇΓöÇΓöÇΓöÇΓöÇΓöÇΓöÇΓöÇΓöÇΓöÇΓöÇΓöÇΓöÇΓöÇΓöÇ

    Error Context: test-results\shell-admin-shell-sidebar-on-admin-orders-1600px-chromium\error-context.md

    attachment #3: trace (application/zip) ΓöÇΓöÇΓöÇΓöÇΓöÇΓöÇΓöÇΓöÇΓöÇΓöÇΓöÇΓöÇΓöÇΓöÇΓöÇΓöÇΓöÇΓöÇΓöÇΓöÇΓöÇΓöÇΓöÇΓöÇΓöÇΓöÇΓöÇΓöÇΓöÇΓöÇΓöÇΓöÇΓöÇΓöÇΓöÇΓöÇΓöÇΓöÇΓöÇΓöÇΓöÇΓöÇΓöÇΓöÇΓöÇΓöÇΓöÇΓöÇΓöÇΓöÇΓöÇΓöÇΓöÇΓöÇΓöÇΓöÇΓöÇ
    test-results\shell-admin-shell-sidebar-on-admin-orders-1600px-chromium\trace.zip
    Usage:

        npx playwright show-trace test-results\shell-admin-shell-sidebar-on-admin-orders-1600px-chromium\trace.zip

    ΓöÇΓöÇΓöÇΓöÇΓöÇΓöÇΓöÇΓöÇΓöÇΓöÇΓöÇΓöÇΓöÇΓöÇΓöÇΓöÇΓöÇΓöÇΓöÇΓöÇΓöÇΓöÇΓöÇΓöÇΓöÇΓöÇΓöÇΓöÇΓöÇΓöÇΓöÇΓöÇΓöÇΓöÇΓöÇΓöÇΓöÇΓöÇΓöÇΓöÇΓöÇΓöÇΓöÇΓöÇΓöÇΓöÇΓöÇΓöÇΓöÇΓöÇΓöÇΓöÇΓöÇΓöÇΓöÇΓöÇΓöÇΓöÇΓöÇΓöÇΓöÇΓöÇΓöÇΓöÇΓöÇΓöÇΓöÇΓöÇΓöÇΓöÇΓöÇΓöÇΓöÇΓöÇΓöÇΓöÇΓöÇΓöÇΓöÇΓöÇΓöÇΓöÇΓöÇΓöÇΓöÇΓöÇΓöÇΓöÇΓöÇΓöÇΓöÇΓöÇΓöÇΓöÇΓöÇΓöÇ

  199) [chromium] ΓÇ║ e2e\shell.spec.mjs:40:7 ΓÇ║ admin shell ΓÇ║ sidebar on /admin/orders @1200px ΓöÇΓöÇΓöÇΓöÇΓöÇΓöÇΓöÇ

    Error: page.goto: net::ERR_CONNECTION_REFUSED at http://localhost:3058/admin/orders
    Call log:
      - navigating to "http://localhost:3058/admin/orders", waiting until "load"


      40 |       test(`${mobile ? "drawer" : "sidebar"} on ${route} @${viewport.name}px`, async ({ page }) => {
      41 |         await page.setViewportSize({ width: viewport.width, height: viewport.height });
    > 42 |         await page.goto(route);
         |                    ^
      43 |         await waitForPage(page);
      44 |         const sidebar = page.locator(SIDEBAR);
      45 |         const openButton = page.getByRole("button", { name: "Open menu" });
        at C:\Users\priyank\Desktop\Development\BharatAgrolink-admin\e2e\shell.spec.mjs:42:20

    attachment #1: screenshot (image/png) ΓöÇΓöÇΓöÇΓöÇΓöÇΓöÇΓöÇΓöÇΓöÇΓöÇΓöÇΓöÇΓöÇΓöÇΓöÇΓöÇΓöÇΓöÇΓöÇΓöÇΓöÇΓöÇΓöÇΓöÇΓöÇΓöÇΓöÇΓöÇΓöÇΓöÇΓöÇΓöÇΓöÇΓöÇΓöÇΓöÇΓöÇΓöÇΓöÇΓöÇΓöÇΓöÇΓöÇΓöÇΓöÇΓöÇΓöÇΓöÇΓöÇΓöÇΓöÇΓöÇΓöÇΓöÇΓöÇΓöÇΓöÇΓöÇ
    test-results\shell-admin-shell-sidebar-on-admin-orders-1200px-chromium\test-failed-1.png
    ΓöÇΓöÇΓöÇΓöÇΓöÇΓöÇΓöÇΓöÇΓöÇΓöÇΓöÇΓöÇΓöÇΓöÇΓöÇΓöÇΓöÇΓöÇΓöÇΓöÇΓöÇΓöÇΓöÇΓöÇΓöÇΓöÇΓöÇΓöÇΓöÇΓöÇΓöÇΓöÇΓöÇΓöÇΓöÇΓöÇΓöÇΓöÇΓöÇΓöÇΓöÇΓöÇΓöÇΓöÇΓöÇΓöÇΓöÇΓöÇΓöÇΓöÇΓöÇΓöÇΓöÇΓöÇΓöÇΓöÇΓöÇΓöÇΓöÇΓöÇΓöÇΓöÇΓöÇΓöÇΓöÇΓöÇΓöÇΓöÇΓöÇΓöÇΓöÇΓöÇΓöÇΓöÇΓöÇΓöÇΓöÇΓöÇΓöÇΓöÇΓöÇΓöÇΓöÇΓöÇΓöÇΓöÇΓöÇΓöÇΓöÇΓöÇΓöÇΓöÇΓöÇΓöÇΓöÇΓöÇ

    Error Context: test-results\shell-admin-shell-sidebar-on-admin-orders-1200px-chromium\error-context.md

    attachment #3: trace (application/zip) ΓöÇΓöÇΓöÇΓöÇΓöÇΓöÇΓöÇΓöÇΓöÇΓöÇΓöÇΓöÇΓöÇΓöÇΓöÇΓöÇΓöÇΓöÇΓöÇΓöÇΓöÇΓöÇΓöÇΓöÇΓöÇΓöÇΓöÇΓöÇΓöÇΓöÇΓöÇΓöÇΓöÇΓöÇΓöÇΓöÇΓöÇΓöÇΓöÇΓöÇΓöÇΓöÇΓöÇΓöÇΓöÇΓöÇΓöÇΓöÇΓöÇΓöÇΓöÇΓöÇΓöÇΓöÇΓöÇΓöÇΓöÇ
    test-results\shell-admin-shell-sidebar-on-admin-orders-1200px-chromium\trace.zip
    Usage:

        npx playwright show-trace test-results\shell-admin-shell-sidebar-on-admin-orders-1200px-chromium\trace.zip

    ΓöÇΓöÇΓöÇΓöÇΓöÇΓöÇΓöÇΓöÇΓöÇΓöÇΓöÇΓöÇΓöÇΓöÇΓöÇΓöÇΓöÇΓöÇΓöÇΓöÇΓöÇΓöÇΓöÇΓöÇΓöÇΓöÇΓöÇΓöÇΓöÇΓöÇΓöÇΓöÇΓöÇΓöÇΓöÇΓöÇΓöÇΓöÇΓöÇΓöÇΓöÇΓöÇΓöÇΓöÇΓöÇΓöÇΓöÇΓöÇΓöÇΓöÇΓöÇΓöÇΓöÇΓöÇΓöÇΓöÇΓöÇΓöÇΓöÇΓöÇΓöÇΓöÇΓöÇΓöÇΓöÇΓöÇΓöÇΓöÇΓöÇΓöÇΓöÇΓöÇΓöÇΓöÇΓöÇΓöÇΓöÇΓöÇΓöÇΓöÇΓöÇΓöÇΓöÇΓöÇΓöÇΓöÇΓöÇΓöÇΓöÇΓöÇΓöÇΓöÇΓöÇΓöÇΓöÇΓöÇ

  200) [chromium] ΓÇ║ e2e\shell.spec.mjs:40:7 ΓÇ║ admin shell ΓÇ║ sidebar on /admin/orders @768px ΓöÇΓöÇΓöÇΓöÇΓöÇΓöÇΓöÇΓöÇ

    Error: page.goto: net::ERR_CONNECTION_REFUSED at http://localhost:3058/admin/orders
    Call log:
      - navigating to "http://localhost:3058/admin/orders", waiting until "load"


      40 |       test(`${mobile ? "drawer" : "sidebar"} on ${route} @${viewport.name}px`, async ({ page }) => {
      41 |         await page.setViewportSize({ width: viewport.width, height: viewport.height });
    > 42 |         await page.goto(route);
         |                    ^
      43 |         await waitForPage(page);
      44 |         const sidebar = page.locator(SIDEBAR);
      45 |         const openButton = page.getByRole("button", { name: "Open menu" });
        at C:\Users\priyank\Desktop\Development\BharatAgrolink-admin\e2e\shell.spec.mjs:42:20

    attachment #1: screenshot (image/png) ΓöÇΓöÇΓöÇΓöÇΓöÇΓöÇΓöÇΓöÇΓöÇΓöÇΓöÇΓöÇΓöÇΓöÇΓöÇΓöÇΓöÇΓöÇΓöÇΓöÇΓöÇΓöÇΓöÇΓöÇΓöÇΓöÇΓöÇΓöÇΓöÇΓöÇΓöÇΓöÇΓöÇΓöÇΓöÇΓöÇΓöÇΓöÇΓöÇΓöÇΓöÇΓöÇΓöÇΓöÇΓöÇΓöÇΓöÇΓöÇΓöÇΓöÇΓöÇΓöÇΓöÇΓöÇΓöÇΓöÇΓöÇΓöÇ
    test-results\shell-admin-shell-sidebar-on-admin-orders-768px-chromium\test-failed-1.png
    ΓöÇΓöÇΓöÇΓöÇΓöÇΓöÇΓöÇΓöÇΓöÇΓöÇΓöÇΓöÇΓöÇΓöÇΓöÇΓöÇΓöÇΓöÇΓöÇΓöÇΓöÇΓöÇΓöÇΓöÇΓöÇΓöÇΓöÇΓöÇΓöÇΓöÇΓöÇΓöÇΓöÇΓöÇΓöÇΓöÇΓöÇΓöÇΓöÇΓöÇΓöÇΓöÇΓöÇΓöÇΓöÇΓöÇΓöÇΓöÇΓöÇΓöÇΓöÇΓöÇΓöÇΓöÇΓöÇΓöÇΓöÇΓöÇΓöÇΓöÇΓöÇΓöÇΓöÇΓöÇΓöÇΓöÇΓöÇΓöÇΓöÇΓöÇΓöÇΓöÇΓöÇΓöÇΓöÇΓöÇΓöÇΓöÇΓöÇΓöÇΓöÇΓöÇΓöÇΓöÇΓöÇΓöÇΓöÇΓöÇΓöÇΓöÇΓöÇΓöÇΓöÇΓöÇΓöÇΓöÇ

    Error Context: test-results\shell-admin-shell-sidebar-on-admin-orders-768px-chromium\error-context.md

    attachment #3: trace (application/zip) ΓöÇΓöÇΓöÇΓöÇΓöÇΓöÇΓöÇΓöÇΓöÇΓöÇΓöÇΓöÇΓöÇΓöÇΓöÇΓöÇΓöÇΓöÇΓöÇΓöÇΓöÇΓöÇΓöÇΓöÇΓöÇΓöÇΓöÇΓöÇΓöÇΓöÇΓöÇΓöÇΓöÇΓöÇΓöÇΓöÇΓöÇΓöÇΓöÇΓöÇΓöÇΓöÇΓöÇΓöÇΓöÇΓöÇΓöÇΓöÇΓöÇΓöÇΓöÇΓöÇΓöÇΓöÇΓöÇΓöÇΓöÇ
    test-results\shell-admin-shell-sidebar-on-admin-orders-768px-chromium\trace.zip
    Usage:

        npx playwright show-trace test-results\shell-admin-shell-sidebar-on-admin-orders-768px-chromium\trace.zip

    ΓöÇΓöÇΓöÇΓöÇΓöÇΓöÇΓöÇΓöÇΓöÇΓöÇΓöÇΓöÇΓöÇΓöÇΓöÇΓöÇΓöÇΓöÇΓöÇΓöÇΓöÇΓöÇΓöÇΓöÇΓöÇΓöÇΓöÇΓöÇΓöÇΓöÇΓöÇΓöÇΓöÇΓöÇΓöÇΓöÇΓöÇΓöÇΓöÇΓöÇΓöÇΓöÇΓöÇΓöÇΓöÇΓöÇΓöÇΓöÇΓöÇΓöÇΓöÇΓöÇΓöÇΓöÇΓöÇΓöÇΓöÇΓöÇΓöÇΓöÇΓöÇΓöÇΓöÇΓöÇΓöÇΓöÇΓöÇΓöÇΓöÇΓöÇΓöÇΓöÇΓöÇΓöÇΓöÇΓöÇΓöÇΓöÇΓöÇΓöÇΓöÇΓöÇΓöÇΓöÇΓöÇΓöÇΓöÇΓöÇΓöÇΓöÇΓöÇΓöÇΓöÇΓöÇΓöÇΓöÇ

  201) [chromium] ΓÇ║ e2e\shell.spec.mjs:40:7 ΓÇ║ admin shell ΓÇ║ drawer on /admin/orders @480px ΓöÇΓöÇΓöÇΓöÇΓöÇΓöÇΓöÇΓöÇΓöÇ

    Error: page.goto: net::ERR_CONNECTION_REFUSED at http://localhost:3058/admin/orders
    Call log:
      - navigating to "http://localhost:3058/admin/orders", waiting until "load"


      40 |       test(`${mobile ? "drawer" : "sidebar"} on ${route} @${viewport.name}px`, async ({ page }) => {
      41 |         await page.setViewportSize({ width: viewport.width, height: viewport.height });
    > 42 |         await page.goto(route);
         |                    ^
      43 |         await waitForPage(page);
      44 |         const sidebar = page.locator(SIDEBAR);
      45 |         const openButton = page.getByRole("button", { name: "Open menu" });
        at C:\Users\priyank\Desktop\Development\BharatAgrolink-admin\e2e\shell.spec.mjs:42:20

    attachment #1: screenshot (image/png) ΓöÇΓöÇΓöÇΓöÇΓöÇΓöÇΓöÇΓöÇΓöÇΓöÇΓöÇΓöÇΓöÇΓöÇΓöÇΓöÇΓöÇΓöÇΓöÇΓöÇΓöÇΓöÇΓöÇΓöÇΓöÇΓöÇΓöÇΓöÇΓöÇΓöÇΓöÇΓöÇΓöÇΓöÇΓöÇΓöÇΓöÇΓöÇΓöÇΓöÇΓöÇΓöÇΓöÇΓöÇΓöÇΓöÇΓöÇΓöÇΓöÇΓöÇΓöÇΓöÇΓöÇΓöÇΓöÇΓöÇΓöÇΓöÇ
    test-results\shell-admin-shell-drawer-on-admin-orders-480px-chromium\test-failed-1.png
    ΓöÇΓöÇΓöÇΓöÇΓöÇΓöÇΓöÇΓöÇΓöÇΓöÇΓöÇΓöÇΓöÇΓöÇΓöÇΓöÇΓöÇΓöÇΓöÇΓöÇΓöÇΓöÇΓöÇΓöÇΓöÇΓöÇΓöÇΓöÇΓöÇΓöÇΓöÇΓöÇΓöÇΓöÇΓöÇΓöÇΓöÇΓöÇΓöÇΓöÇΓöÇΓöÇΓöÇΓöÇΓöÇΓöÇΓöÇΓöÇΓöÇΓöÇΓöÇΓöÇΓöÇΓöÇΓöÇΓöÇΓöÇΓöÇΓöÇΓöÇΓöÇΓöÇΓöÇΓöÇΓöÇΓöÇΓöÇΓöÇΓöÇΓöÇΓöÇΓöÇΓöÇΓöÇΓöÇΓöÇΓöÇΓöÇΓöÇΓöÇΓöÇΓöÇΓöÇΓöÇΓöÇΓöÇΓöÇΓöÇΓöÇΓöÇΓöÇΓöÇΓöÇΓöÇΓöÇΓöÇ

    Error Context: test-results\shell-admin-shell-drawer-on-admin-orders-480px-chromium\error-context.md

    attachment #3: trace (application/zip) ΓöÇΓöÇΓöÇΓöÇΓöÇΓöÇΓöÇΓöÇΓöÇΓöÇΓöÇΓöÇΓöÇΓöÇΓöÇΓöÇΓöÇΓöÇΓöÇΓöÇΓöÇΓöÇΓöÇΓöÇΓöÇΓöÇΓöÇΓöÇΓöÇΓöÇΓöÇΓöÇΓöÇΓöÇΓöÇΓöÇΓöÇΓöÇΓöÇΓöÇΓöÇΓöÇΓöÇΓöÇΓöÇΓöÇΓöÇΓöÇΓöÇΓöÇΓöÇΓöÇΓöÇΓöÇΓöÇΓöÇΓöÇ
    test-results\shell-admin-shell-drawer-on-admin-orders-480px-chromium\trace.zip
    Usage:

        npx playwright show-trace test-results\shell-admin-shell-drawer-on-admin-orders-480px-chromium\trace.zip

    ΓöÇΓöÇΓöÇΓöÇΓöÇΓöÇΓöÇΓöÇΓöÇΓöÇΓöÇΓöÇΓöÇΓöÇΓöÇΓöÇΓöÇΓöÇΓöÇΓöÇΓöÇΓöÇΓöÇΓöÇΓöÇΓöÇΓöÇΓöÇΓöÇΓöÇΓöÇΓöÇΓöÇΓöÇΓöÇΓöÇΓöÇΓöÇΓöÇΓöÇΓöÇΓöÇΓöÇΓöÇΓöÇΓöÇΓöÇΓöÇΓöÇΓöÇΓöÇΓöÇΓöÇΓöÇΓöÇΓöÇΓöÇΓöÇΓöÇΓöÇΓöÇΓöÇΓöÇΓöÇΓöÇΓöÇΓöÇΓöÇΓöÇΓöÇΓöÇΓöÇΓöÇΓöÇΓöÇΓöÇΓöÇΓöÇΓöÇΓöÇΓöÇΓöÇΓöÇΓöÇΓöÇΓöÇΓöÇΓöÇΓöÇΓöÇΓöÇΓöÇΓöÇΓöÇΓöÇΓöÇ

  202) [chromium] ΓÇ║ e2e\shell.spec.mjs:40:7 ΓÇ║ admin shell ΓÇ║ drawer on /admin/orders @375px ΓöÇΓöÇΓöÇΓöÇΓöÇΓöÇΓöÇΓöÇΓöÇ

    Error: page.goto: net::ERR_CONNECTION_REFUSED at http://localhost:3058/admin/orders
    Call log:
      - navigating to "http://localhost:3058/admin/orders", waiting until "load"


      40 |       test(`${mobile ? "drawer" : "sidebar"} on ${route} @${viewport.name}px`, async ({ page }) => {
      41 |         await page.setViewportSize({ width: viewport.width, height: viewport.height });
    > 42 |         await page.goto(route);
         |                    ^
      43 |         await waitForPage(page);
      44 |         const sidebar = page.locator(SIDEBAR);
      45 |         const openButton = page.getByRole("button", { name: "Open menu" });
        at C:\Users\priyank\Desktop\Development\BharatAgrolink-admin\e2e\shell.spec.mjs:42:20

    attachment #1: screenshot (image/png) ΓöÇΓöÇΓöÇΓöÇΓöÇΓöÇΓöÇΓöÇΓöÇΓöÇΓöÇΓöÇΓöÇΓöÇΓöÇΓöÇΓöÇΓöÇΓöÇΓöÇΓöÇΓöÇΓöÇΓöÇΓöÇΓöÇΓöÇΓöÇΓöÇΓöÇΓöÇΓöÇΓöÇΓöÇΓöÇΓöÇΓöÇΓöÇΓöÇΓöÇΓöÇΓöÇΓöÇΓöÇΓöÇΓöÇΓöÇΓöÇΓöÇΓöÇΓöÇΓöÇΓöÇΓöÇΓöÇΓöÇΓöÇΓöÇ
    test-results\shell-admin-shell-drawer-on-admin-orders-375px-chromium\test-failed-1.png
    ΓöÇΓöÇΓöÇΓöÇΓöÇΓöÇΓöÇΓöÇΓöÇΓöÇΓöÇΓöÇΓöÇΓöÇΓöÇΓöÇΓöÇΓöÇΓöÇΓöÇΓöÇΓöÇΓöÇΓöÇΓöÇΓöÇΓöÇΓöÇΓöÇΓöÇΓöÇΓöÇΓöÇΓöÇΓöÇΓöÇΓöÇΓöÇΓöÇΓöÇΓöÇΓöÇΓöÇΓöÇΓöÇΓöÇΓöÇΓöÇΓöÇΓöÇΓöÇΓöÇΓöÇΓöÇΓöÇΓöÇΓöÇΓöÇΓöÇΓöÇΓöÇΓöÇΓöÇΓöÇΓöÇΓöÇΓöÇΓöÇΓöÇΓöÇΓöÇΓöÇΓöÇΓöÇΓöÇΓöÇΓöÇΓöÇΓöÇΓöÇΓöÇΓöÇΓöÇΓöÇΓöÇΓöÇΓöÇΓöÇΓöÇΓöÇΓöÇΓöÇΓöÇΓöÇΓöÇΓöÇ

    Error Context: test-results\shell-admin-shell-drawer-on-admin-orders-375px-chromium\error-context.md

    attachment #3: trace (application/zip) ΓöÇΓöÇΓöÇΓöÇΓöÇΓöÇΓöÇΓöÇΓöÇΓöÇΓöÇΓöÇΓöÇΓöÇΓöÇΓöÇΓöÇΓöÇΓöÇΓöÇΓöÇΓöÇΓöÇΓöÇΓöÇΓöÇΓöÇΓöÇΓöÇΓöÇΓöÇΓöÇΓöÇΓöÇΓöÇΓöÇΓöÇΓöÇΓöÇΓöÇΓöÇΓöÇΓöÇΓöÇΓöÇΓöÇΓöÇΓöÇΓöÇΓöÇΓöÇΓöÇΓöÇΓöÇΓöÇΓöÇΓöÇ
    test-results\shell-admin-shell-drawer-on-admin-orders-375px-chromium\trace.zip
    Usage:

        npx playwright show-trace test-results\shell-admin-shell-drawer-on-admin-orders-375px-chromium\trace.zip

    ΓöÇΓöÇΓöÇΓöÇΓöÇΓöÇΓöÇΓöÇΓöÇΓöÇΓöÇΓöÇΓöÇΓöÇΓöÇΓöÇΓöÇΓöÇΓöÇΓöÇΓöÇΓöÇΓöÇΓöÇΓöÇΓöÇΓöÇΓöÇΓöÇΓöÇΓöÇΓöÇΓöÇΓöÇΓöÇΓöÇΓöÇΓöÇΓöÇΓöÇΓöÇΓöÇΓöÇΓöÇΓöÇΓöÇΓöÇΓöÇΓöÇΓöÇΓöÇΓöÇΓöÇΓöÇΓöÇΓöÇΓöÇΓöÇΓöÇΓöÇΓöÇΓöÇΓöÇΓöÇΓöÇΓöÇΓöÇΓöÇΓöÇΓöÇΓöÇΓöÇΓöÇΓöÇΓöÇΓöÇΓöÇΓöÇΓöÇΓöÇΓöÇΓöÇΓöÇΓöÇΓöÇΓöÇΓöÇΓöÇΓöÇΓöÇΓöÇΓöÇΓöÇΓöÇΓöÇΓöÇ

  203) [chromium] ΓÇ║ e2e\shell.spec.mjs:71:3 ΓÇ║ logged out ΓÇ║ panel redirects to login ΓöÇΓöÇΓöÇΓöÇΓöÇΓöÇΓöÇΓöÇΓöÇΓöÇΓöÇΓöÇΓöÇΓöÇΓöÇΓöÇ

    Error: page.goto: net::ERR_CONNECTION_REFUSED at http://localhost:3058/admin/dashboard
    Call log:
      - navigating to "http://localhost:3058/admin/dashboard", waiting until "load"


      70 |
      71 |   test("panel redirects to login", async ({ page }) => {
    > 72 |     await page.goto("/admin/dashboard");
         |                ^
      73 |     await expect(page).toHaveURL(/\/admin\/login/);
      74 |   });
      75 |
        at C:\Users\priyank\Desktop\Development\BharatAgrolink-admin\e2e\shell.spec.mjs:72:16

    attachment #1: screenshot (image/png) ΓöÇΓöÇΓöÇΓöÇΓöÇΓöÇΓöÇΓöÇΓöÇΓöÇΓöÇΓöÇΓöÇΓöÇΓöÇΓöÇΓöÇΓöÇΓöÇΓöÇΓöÇΓöÇΓöÇΓöÇΓöÇΓöÇΓöÇΓöÇΓöÇΓöÇΓöÇΓöÇΓöÇΓöÇΓöÇΓöÇΓöÇΓöÇΓöÇΓöÇΓöÇΓöÇΓöÇΓöÇΓöÇΓöÇΓöÇΓöÇΓöÇΓöÇΓöÇΓöÇΓöÇΓöÇΓöÇΓöÇΓöÇΓöÇ
    test-results\shell-logged-out-panel-redirects-to-login-chromium\test-failed-1.png
    ΓöÇΓöÇΓöÇΓöÇΓöÇΓöÇΓöÇΓöÇΓöÇΓöÇΓöÇΓöÇΓöÇΓöÇΓöÇΓöÇΓöÇΓöÇΓöÇΓöÇΓöÇΓöÇΓöÇΓöÇΓöÇΓöÇΓöÇΓöÇΓöÇΓöÇΓöÇΓöÇΓöÇΓöÇΓöÇΓöÇΓöÇΓöÇΓöÇΓöÇΓöÇΓöÇΓöÇΓöÇΓöÇΓöÇΓöÇΓöÇΓöÇΓöÇΓöÇΓöÇΓöÇΓöÇΓöÇΓöÇΓöÇΓöÇΓöÇΓöÇΓöÇΓöÇΓöÇΓöÇΓöÇΓöÇΓöÇΓöÇΓöÇΓöÇΓöÇΓöÇΓöÇΓöÇΓöÇΓöÇΓöÇΓöÇΓöÇΓöÇΓöÇΓöÇΓöÇΓöÇΓöÇΓöÇΓöÇΓöÇΓöÇΓöÇΓöÇΓöÇΓöÇΓöÇΓöÇΓöÇ

    Error Context: test-results\shell-logged-out-panel-redirects-to-login-chromium\error-context.md

    attachment #3: trace (application/zip) ΓöÇΓöÇΓöÇΓöÇΓöÇΓöÇΓöÇΓöÇΓöÇΓöÇΓöÇΓöÇΓöÇΓöÇΓöÇΓöÇΓöÇΓöÇΓöÇΓöÇΓöÇΓöÇΓöÇΓöÇΓöÇΓöÇΓöÇΓöÇΓöÇΓöÇΓöÇΓöÇΓöÇΓöÇΓöÇΓöÇΓöÇΓöÇΓöÇΓöÇΓöÇΓöÇΓöÇΓöÇΓöÇΓöÇΓöÇΓöÇΓöÇΓöÇΓöÇΓöÇΓöÇΓöÇΓöÇΓöÇΓöÇ
    test-results\shell-logged-out-panel-redirects-to-login-chromium\trace.zip
    Usage:

        npx playwright show-trace test-results\shell-logged-out-panel-redirects-to-login-chromium\trace.zip

    ΓöÇΓöÇΓöÇΓöÇΓöÇΓöÇΓöÇΓöÇΓöÇΓöÇΓöÇΓöÇΓöÇΓöÇΓöÇΓöÇΓöÇΓöÇΓöÇΓöÇΓöÇΓöÇΓöÇΓöÇΓöÇΓöÇΓöÇΓöÇΓöÇΓöÇΓöÇΓöÇΓöÇΓöÇΓöÇΓöÇΓöÇΓöÇΓöÇΓöÇΓöÇΓöÇΓöÇΓöÇΓöÇΓöÇΓöÇΓöÇΓöÇΓöÇΓöÇΓöÇΓöÇΓöÇΓöÇΓöÇΓöÇΓöÇΓöÇΓöÇΓöÇΓöÇΓöÇΓöÇΓöÇΓöÇΓöÇΓöÇΓöÇΓöÇΓöÇΓöÇΓöÇΓöÇΓöÇΓöÇΓöÇΓöÇΓöÇΓöÇΓöÇΓöÇΓöÇΓöÇΓöÇΓöÇΓöÇΓöÇΓöÇΓöÇΓöÇΓöÇΓöÇΓöÇΓöÇΓöÇ

  204) [chromium] ΓÇ║ e2e\shell.spec.mjs:76:3 ΓÇ║ logged out ΓÇ║ login page renders at every viewport ΓöÇΓöÇΓöÇΓöÇ

    Error: expect(locator).toBeVisible() failed

    Locator: locator('input[name="email"]')
    Expected: visible
    Timeout: 15000ms
    Error: element(s) not found

    Call log:
      - Expect "toBeVisible" locator('input[name="email"]') with timeout 15000ms
      - waiting for locator('input[name="email"]')


      76 |   test("login page renders at every viewport", async ({ page }) => {
      77 |     const results = await checkMatrix(page, "/admin/login", VIEWPORTS);
    > 78 |     await expect(page.locator('input[name="email"]')).toBeVisible();
         |                                                       ^
      79 |     const failed = results.filter((r) => r.issues.length).map((r) => `@${r.viewport}px: ${r.issues.join("; ")}`);
      80 |     expect(failed).toEqual([]);
      81 |   });
        at C:\Users\priyank\Desktop\Development\BharatAgrolink-admin\e2e\shell.spec.mjs:78:55

    attachment #1: screenshot (image/png) ΓöÇΓöÇΓöÇΓöÇΓöÇΓöÇΓöÇΓöÇΓöÇΓöÇΓöÇΓöÇΓöÇΓöÇΓöÇΓöÇΓöÇΓöÇΓöÇΓöÇΓöÇΓöÇΓöÇΓöÇΓöÇΓöÇΓöÇΓöÇΓöÇΓöÇΓöÇΓöÇΓöÇΓöÇΓöÇΓöÇΓöÇΓöÇΓöÇΓöÇΓöÇΓöÇΓöÇΓöÇΓöÇΓöÇΓöÇΓöÇΓöÇΓöÇΓöÇΓöÇΓöÇΓöÇΓöÇΓöÇΓöÇΓöÇ
    test-results\shell-logged-out-login-page-renders-at-every-viewport-chromium\test-failed-1.png
    ΓöÇΓöÇΓöÇΓöÇΓöÇΓöÇΓöÇΓöÇΓöÇΓöÇΓöÇΓöÇΓöÇΓöÇΓöÇΓöÇΓöÇΓöÇΓöÇΓöÇΓöÇΓöÇΓöÇΓöÇΓöÇΓöÇΓöÇΓöÇΓöÇΓöÇΓöÇΓöÇΓöÇΓöÇΓöÇΓöÇΓöÇΓöÇΓöÇΓöÇΓöÇΓöÇΓöÇΓöÇΓöÇΓöÇΓöÇΓöÇΓöÇΓöÇΓöÇΓöÇΓöÇΓöÇΓöÇΓöÇΓöÇΓöÇΓöÇΓöÇΓöÇΓöÇΓöÇΓöÇΓöÇΓöÇΓöÇΓöÇΓöÇΓöÇΓöÇΓöÇΓöÇΓöÇΓöÇΓöÇΓöÇΓöÇΓöÇΓöÇΓöÇΓöÇΓöÇΓöÇΓöÇΓöÇΓöÇΓöÇΓöÇΓöÇΓöÇΓöÇΓöÇΓöÇΓöÇΓöÇ

    Error Context: test-results\shell-logged-out-login-page-renders-at-every-viewport-chromium\error-context.md

    attachment #3: trace (application/zip) ΓöÇΓöÇΓöÇΓöÇΓöÇΓöÇΓöÇΓöÇΓöÇΓöÇΓöÇΓöÇΓöÇΓöÇΓöÇΓöÇΓöÇΓöÇΓöÇΓöÇΓöÇΓöÇΓöÇΓöÇΓöÇΓöÇΓöÇΓöÇΓöÇΓöÇΓöÇΓöÇΓöÇΓöÇΓöÇΓöÇΓöÇΓöÇΓöÇΓöÇΓöÇΓöÇΓöÇΓöÇΓöÇΓöÇΓöÇΓöÇΓöÇΓöÇΓöÇΓöÇΓöÇΓöÇΓöÇΓöÇΓöÇ
    test-results\shell-logged-out-login-page-renders-at-every-viewport-chromium\trace.zip
    Usage:

        npx playwright show-trace test-results\shell-logged-out-login-page-renders-at-every-viewport-chromium\trace.zip

    ΓöÇΓöÇΓöÇΓöÇΓöÇΓöÇΓöÇΓöÇΓöÇΓöÇΓöÇΓöÇΓöÇΓöÇΓöÇΓöÇΓöÇΓöÇΓöÇΓöÇΓöÇΓöÇΓöÇΓöÇΓöÇΓöÇΓöÇΓöÇΓöÇΓöÇΓöÇΓöÇΓöÇΓöÇΓöÇΓöÇΓöÇΓöÇΓöÇΓöÇΓöÇΓöÇΓöÇΓöÇΓöÇΓöÇΓöÇΓöÇΓöÇΓöÇΓöÇΓöÇΓöÇΓöÇΓöÇΓöÇΓöÇΓöÇΓöÇΓöÇΓöÇΓöÇΓöÇΓöÇΓöÇΓöÇΓöÇΓöÇΓöÇΓöÇΓöÇΓöÇΓöÇΓöÇΓöÇΓöÇΓöÇΓöÇΓöÇΓöÇΓöÇΓöÇΓöÇΓöÇΓöÇΓöÇΓöÇΓöÇΓöÇΓöÇΓöÇΓöÇΓöÇΓöÇΓöÇΓöÇ

  204 failed
    [chromium] ΓÇ║ e2e\responsive.spec.mjs:19:5 ΓÇ║ admin routes x viewports ΓÇ║ /admin/b2b ΓöÇΓöÇΓöÇΓöÇΓöÇΓöÇΓöÇΓöÇΓöÇΓöÇΓöÇΓöÇΓöÇΓöÇ
    [chromium] ΓÇ║ e2e\responsive.spec.mjs:19:5 ΓÇ║ admin routes x viewports ΓÇ║ /admin/b2b/approvals ΓöÇΓöÇΓöÇΓöÇ
    [chromium] ΓÇ║ e2e\responsive.spec.mjs:19:5 ΓÇ║ admin routes x viewports ΓÇ║ /admin/b2b/buyers ΓöÇΓöÇΓöÇΓöÇΓöÇΓöÇΓöÇ
    [chromium] ΓÇ║ e2e\responsive.spec.mjs:19:5 ΓÇ║ admin routes x viewports ΓÇ║ /admin/b2b/catalog ΓöÇΓöÇΓöÇΓöÇΓöÇΓöÇ
    [chromium] ΓÇ║ e2e\responsive.spec.mjs:19:5 ΓÇ║ admin routes x viewports ΓÇ║ /admin/b2b/catalog/generate 
    [chromium] ΓÇ║ e2e\responsive.spec.mjs:19:5 ΓÇ║ admin routes x viewports ΓÇ║ /admin/b2b/claims ΓöÇΓöÇΓöÇΓöÇΓöÇΓöÇΓöÇ
    [chromium] ΓÇ║ e2e\responsive.spec.mjs:19:5 ΓÇ║ admin routes x viewports ΓÇ║ /admin/b2b/logistics ΓöÇΓöÇΓöÇΓöÇ
    [chromium] ΓÇ║ e2e\responsive.spec.mjs:19:5 ΓÇ║ admin routes x viewports ΓÇ║ /admin/b2b/ops-queue ΓöÇΓöÇΓöÇΓöÇ
    [chromium] ΓÇ║ e2e\responsive.spec.mjs:19:5 ΓÇ║ admin routes x viewports ΓÇ║ /admin/b2b/orders ΓöÇΓöÇΓöÇΓöÇΓöÇΓöÇΓöÇ
    [chromium] ΓÇ║ e2e\responsive.spec.mjs:19:5 ΓÇ║ admin routes x viewports ΓÇ║ /admin/b2b/payments ΓöÇΓöÇΓöÇΓöÇΓöÇ
    [chromium] ΓÇ║ e2e\responsive.spec.mjs:19:5 ΓÇ║ admin routes x viewports ΓÇ║ /admin/b2b/quotations ΓöÇΓöÇΓöÇ
    [chromium] ΓÇ║ e2e\responsive.spec.mjs:19:5 ΓÇ║ admin routes x viewports ΓÇ║ /admin/b2b/quotations/new 
    [chromium] ΓÇ║ e2e\responsive.spec.mjs:19:5 ΓÇ║ admin routes x viewports ΓÇ║ /admin/b2b/reports ΓöÇΓöÇΓöÇΓöÇΓöÇΓöÇ
    [chromium] ΓÇ║ e2e\responsive.spec.mjs:19:5 ΓÇ║ admin routes x viewports ΓÇ║ /admin/b2b/rfqs ΓöÇΓöÇΓöÇΓöÇΓöÇΓöÇΓöÇΓöÇΓöÇ
    [chromium] ΓÇ║ e2e\responsive.spec.mjs:19:5 ΓÇ║ admin routes x viewports ΓÇ║ /admin/b2b/settlements ΓöÇΓöÇ
    [chromium] ΓÇ║ e2e\responsive.spec.mjs:19:5 ΓÇ║ admin routes x viewports ΓÇ║ /admin/bulk-orders ΓöÇΓöÇΓöÇΓöÇΓöÇΓöÇ
    [chromium] ΓÇ║ e2e\responsive.spec.mjs:19:5 ΓÇ║ admin routes x viewports ΓÇ║ /admin/bulk-orders/dashboard 
    [chromium] ΓÇ║ e2e\responsive.spec.mjs:19:5 ΓÇ║ admin routes x viewports ΓÇ║ /admin/bulk-orders/new ΓöÇΓöÇ
    [chromium] ΓÇ║ e2e\responsive.spec.mjs:19:5 ΓÇ║ admin routes x viewports ΓÇ║ /admin/bulk-orders/orders 
    [chromium] ΓÇ║ e2e\responsive.spec.mjs:19:5 ΓÇ║ admin routes x viewports ΓÇ║ /admin/bulk-orders/products 
    [chromium] ΓÇ║ e2e\responsive.spec.mjs:19:5 ΓÇ║ admin routes x viewports ΓÇ║ /admin/bulk-orders/quotations 
    [chromium] ΓÇ║ e2e\responsive.spec.mjs:19:5 ΓÇ║ admin routes x viewports ΓÇ║ /admin/bulk-orders/shipments 
    [chromium] ΓÇ║ e2e\responsive.spec.mjs:19:5 ΓÇ║ admin routes x viewports ΓÇ║ /admin/bulk-orders/warehouses 
    [chromium] ΓÇ║ e2e\responsive.spec.mjs:19:5 ΓÇ║ admin routes x viewports ΓÇ║ /admin/catalog/attribute-sets/pending 
    [chromium] ΓÇ║ e2e\responsive.spec.mjs:19:5 ΓÇ║ admin routes x viewports ΓÇ║ /admin/catalog/attribute-values 
    [chromium] ΓÇ║ e2e\responsive.spec.mjs:19:5 ΓÇ║ admin routes x viewports ΓÇ║ /admin/catalog/attributes 
    [chromium] ΓÇ║ e2e\responsive.spec.mjs:19:5 ΓÇ║ admin routes x viewports ΓÇ║ /admin/catalog/attributes/pending 
    [chromium] ΓÇ║ e2e\responsive.spec.mjs:19:5 ΓÇ║ admin routes x viewports ΓÇ║ /admin/catalog/brands ΓöÇΓöÇΓöÇ
    [chromium] ΓÇ║ e2e\responsive.spec.mjs:19:5 ΓÇ║ admin routes x viewports ΓÇ║ /admin/catalog/brands/pending 
    [chromium] ΓÇ║ e2e\responsive.spec.mjs:19:5 ΓÇ║ admin routes x viewports ΓÇ║ /admin/catalog/categories 
    [chromium] ΓÇ║ e2e\responsive.spec.mjs:19:5 ΓÇ║ admin routes x viewports ΓÇ║ /admin/catalog/categories/pending 
    [chromium] ΓÇ║ e2e\responsive.spec.mjs:19:5 ΓÇ║ admin routes x viewports ΓÇ║ /admin/catalog/categories/timeline 
    [chromium] ΓÇ║ e2e\responsive.spec.mjs:19:5 ΓÇ║ admin routes x viewports ΓÇ║ /admin/catalog/category-commission 
    [chromium] ΓÇ║ e2e\responsive.spec.mjs:19:5 ΓÇ║ admin routes x viewports ΓÇ║ /admin/catalog/crop-menu 
    [chromium] ΓÇ║ e2e\responsive.spec.mjs:19:5 ΓÇ║ admin routes x viewports ΓÇ║ /admin/catalog/feature-categories 
    [chromium] ΓÇ║ e2e\responsive.spec.mjs:19:5 ΓÇ║ admin routes x viewports ΓÇ║ /admin/catalog/hsn-codes 
    [chromium] ΓÇ║ e2e\responsive.spec.mjs:19:5 ΓÇ║ admin routes x viewports ΓÇ║ /admin/catalog/return-policies 
    [chromium] ΓÇ║ e2e\responsive.spec.mjs:19:5 ΓÇ║ admin routes x viewports ΓÇ║ /admin/catalog/return-policies/pending 
    [chromium] ΓÇ║ e2e\responsive.spec.mjs:19:5 ΓÇ║ admin routes x viewports ΓÇ║ /admin/catalog/tax-classes 
    [chromium] ΓÇ║ e2e\responsive.spec.mjs:19:5 ΓÇ║ admin routes x viewports ΓÇ║ /admin/catalog/tax-classes/pending 
    [chromium] ΓÇ║ e2e\responsive.spec.mjs:19:5 ΓÇ║ admin routes x viewports ΓÇ║ /admin/ceo-matrix ΓöÇΓöÇΓöÇΓöÇΓöÇΓöÇΓöÇ
    [chromium] ΓÇ║ e2e\responsive.spec.mjs:19:5 ΓÇ║ admin routes x viewports ΓÇ║ /admin/cms/banners ΓöÇΓöÇΓöÇΓöÇΓöÇΓöÇ
    [chromium] ΓÇ║ e2e\responsive.spec.mjs:19:5 ΓÇ║ admin routes x viewports ΓÇ║ /admin/cms/blogs ΓöÇΓöÇΓöÇΓöÇΓöÇΓöÇΓöÇΓöÇ
    [chromium] ΓÇ║ e2e\responsive.spec.mjs:19:5 ΓÇ║ admin routes x viewports ΓÇ║ /admin/cms/events ΓöÇΓöÇΓöÇΓöÇΓöÇΓöÇΓöÇ
    [chromium] ΓÇ║ e2e\responsive.spec.mjs:19:5 ΓÇ║ admin routes x viewports ΓÇ║ /admin/cms/faqs ΓöÇΓöÇΓöÇΓöÇΓöÇΓöÇΓöÇΓöÇΓöÇ
    [chromium] ΓÇ║ e2e\responsive.spec.mjs:19:5 ΓÇ║ admin routes x viewports ΓÇ║ /admin/cms/footer ΓöÇΓöÇΓöÇΓöÇΓöÇΓöÇΓöÇ
    [chromium] ΓÇ║ e2e\responsive.spec.mjs:19:5 ΓÇ║ admin routes x viewports ΓÇ║ /admin/cms/home-sections 
    [chromium] ΓÇ║ e2e\responsive.spec.mjs:19:5 ΓÇ║ admin routes x viewports ΓÇ║ /admin/cms/notifications 
    [chromium] ΓÇ║ e2e\responsive.spec.mjs:19:5 ΓÇ║ admin routes x viewports ΓÇ║ /admin/cms/pages ΓöÇΓöÇΓöÇΓöÇΓöÇΓöÇΓöÇΓöÇ
    [chromium] ΓÇ║ e2e\responsive.spec.mjs:19:5 ΓÇ║ admin routes x viewports ΓÇ║ /admin/cms/seo ΓöÇΓöÇΓöÇΓöÇΓöÇΓöÇΓöÇΓöÇΓöÇΓöÇ
    [chromium] ΓÇ║ e2e\responsive.spec.mjs:19:5 ΓÇ║ admin routes x viewports ΓÇ║ /admin/crm ΓöÇΓöÇΓöÇΓöÇΓöÇΓöÇΓöÇΓöÇΓöÇΓöÇΓöÇΓöÇΓöÇΓöÇ
    [chromium] ΓÇ║ e2e\responsive.spec.mjs:19:5 ΓÇ║ admin routes x viewports ΓÇ║ /admin/crm/add-lead ΓöÇΓöÇΓöÇΓöÇΓöÇ
    [chromium] ΓÇ║ e2e\responsive.spec.mjs:19:5 ΓÇ║ admin routes x viewports ΓÇ║ /admin/crm/agent-leads ΓöÇΓöÇ
    [chromium] ΓÇ║ e2e\responsive.spec.mjs:19:5 ΓÇ║ admin routes x viewports ΓÇ║ /admin/crm/ai-calls ΓöÇΓöÇΓöÇΓöÇΓöÇ
    [chromium] ΓÇ║ e2e\responsive.spec.mjs:19:5 ΓÇ║ admin routes x viewports ΓÇ║ /admin/crm/call-audit ΓöÇΓöÇΓöÇ
    [chromium] ΓÇ║ e2e\responsive.spec.mjs:19:5 ΓÇ║ admin routes x viewports ΓÇ║ /admin/crm/circles ΓöÇΓöÇΓöÇΓöÇΓöÇΓöÇ
    [chromium] ΓÇ║ e2e\responsive.spec.mjs:19:5 ΓÇ║ admin routes x viewports ΓÇ║ /admin/crm/convert ΓöÇΓöÇΓöÇΓöÇΓöÇΓöÇ
    [chromium] ΓÇ║ e2e\responsive.spec.mjs:19:5 ΓÇ║ admin routes x viewports ΓÇ║ /admin/crm/customer-tracking 
    [chromium] ΓÇ║ e2e\responsive.spec.mjs:19:5 ΓÇ║ admin routes x viewports ΓÇ║ /admin/crm/dead ΓöÇΓöÇΓöÇΓöÇΓöÇΓöÇΓöÇΓöÇΓöÇ
    [chromium] ΓÇ║ e2e\responsive.spec.mjs:19:5 ΓÇ║ admin routes x viewports ΓÇ║ /admin/crm/follow-ups ΓöÇΓöÇΓöÇ
    [chromium] ΓÇ║ e2e\responsive.spec.mjs:19:5 ΓÇ║ admin routes x viewports ΓÇ║ /admin/crm/leads ΓöÇΓöÇΓöÇΓöÇΓöÇΓöÇΓöÇΓöÇ
    [chromium] ΓÇ║ e2e\responsive.spec.mjs:19:5 ΓÇ║ admin routes x viewports ΓÇ║ /admin/crm/legacy-leads ΓöÇ
    [chromium] ΓÇ║ e2e\responsive.spec.mjs:19:5 ΓÇ║ admin routes x viewports ΓÇ║ /admin/crm/requested ΓöÇΓöÇΓöÇΓöÇ
    [chromium] ΓÇ║ e2e\responsive.spec.mjs:19:5 ΓÇ║ admin routes x viewports ΓÇ║ /admin/crm/unassigned ΓöÇΓöÇΓöÇ
    [chromium] ΓÇ║ e2e\responsive.spec.mjs:19:5 ΓÇ║ admin routes x viewports ΓÇ║ /admin/crm/whatsapp ΓöÇΓöÇΓöÇΓöÇΓöÇ
    [chromium] ΓÇ║ e2e\responsive.spec.mjs:19:5 ΓÇ║ admin routes x viewports ΓÇ║ /admin/customers ΓöÇΓöÇΓöÇΓöÇΓöÇΓöÇΓöÇΓöÇ
    [chromium] ΓÇ║ e2e\responsive.spec.mjs:19:5 ΓÇ║ admin routes x viewports ΓÇ║ /admin/customers/coupons 
    [chromium] ΓÇ║ e2e\responsive.spec.mjs:19:5 ΓÇ║ admin routes x viewports ΓÇ║ /admin/customers/reviews 
    [chromium] ΓÇ║ e2e\responsive.spec.mjs:19:5 ΓÇ║ admin routes x viewports ΓÇ║ /admin/customers/reviews/pending 
    [chromium] ΓÇ║ e2e\responsive.spec.mjs:19:5 ΓÇ║ admin routes x viewports ΓÇ║ /admin/dashboard ΓöÇΓöÇΓöÇΓöÇΓöÇΓöÇΓöÇΓöÇ
    [chromium] ΓÇ║ e2e\responsive.spec.mjs:19:5 ΓÇ║ admin routes x viewports ΓÇ║ /admin/dashboards/business 
    [chromium] ΓÇ║ e2e\responsive.spec.mjs:19:5 ΓÇ║ admin routes x viewports ΓÇ║ /admin/dashboards/finance 
    [chromium] ΓÇ║ e2e\responsive.spec.mjs:19:5 ΓÇ║ admin routes x viewports ΓÇ║ /admin/dashboards/logistics 
    [chromium] ΓÇ║ e2e\responsive.spec.mjs:19:5 ΓÇ║ admin routes x viewports ΓÇ║ /admin/dashboards/orders 
    [chromium] ΓÇ║ e2e\responsive.spec.mjs:19:5 ΓÇ║ admin routes x viewports ΓÇ║ /admin/dashboards/product-overview 
    [chromium] ΓÇ║ e2e\responsive.spec.mjs:19:5 ΓÇ║ admin routes x viewports ΓÇ║ /admin/dashboards/products 
    [chromium] ΓÇ║ e2e\responsive.spec.mjs:19:5 ΓÇ║ admin routes x viewports ΓÇ║ /admin/dashboards/sellers 
    [chromium] ΓÇ║ e2e\responsive.spec.mjs:19:5 ΓÇ║ admin routes x viewports ΓÇ║ /admin/finance ΓöÇΓöÇΓöÇΓöÇΓöÇΓöÇΓöÇΓöÇΓöÇΓöÇ
    [chromium] ΓÇ║ e2e\responsive.spec.mjs:19:5 ΓÇ║ admin routes x viewports ΓÇ║ /admin/finance/cod ΓöÇΓöÇΓöÇΓöÇΓöÇΓöÇ
    [chromium] ΓÇ║ e2e\responsive.spec.mjs:19:5 ΓÇ║ admin routes x viewports ΓÇ║ /admin/finance/expense-limits 
    [chromium] ΓÇ║ e2e\responsive.spec.mjs:19:5 ΓÇ║ admin routes x viewports ΓÇ║ /admin/finance/fixed-expenses 
    [chromium] ΓÇ║ e2e\responsive.spec.mjs:19:5 ΓÇ║ admin routes x viewports ΓÇ║ /admin/finance/fraud ΓöÇΓöÇΓöÇΓöÇ
    [chromium] ΓÇ║ e2e\responsive.spec.mjs:19:5 ΓÇ║ admin routes x viewports ΓÇ║ /admin/finance/gst ΓöÇΓöÇΓöÇΓöÇΓöÇΓöÇ
    [chromium] ΓÇ║ e2e\responsive.spec.mjs:19:5 ΓÇ║ admin routes x viewports ΓÇ║ /admin/finance/hold-ledger 
    [chromium] ΓÇ║ e2e\responsive.spec.mjs:19:5 ΓÇ║ admin routes x viewports ΓÇ║ /admin/finance/ledger ΓöÇΓöÇΓöÇ
    [chromium] ΓÇ║ e2e\responsive.spec.mjs:19:5 ΓÇ║ admin routes x viewports ΓÇ║ /admin/finance/wallet-withdrawals 
    [chromium] ΓÇ║ e2e\responsive.spec.mjs:19:5 ΓÇ║ admin routes x viewports ΓÇ║ /admin/help ΓöÇΓöÇΓöÇΓöÇΓöÇΓöÇΓöÇΓöÇΓöÇΓöÇΓöÇΓöÇΓöÇ
    [chromium] ΓÇ║ e2e\responsive.spec.mjs:19:5 ΓÇ║ admin routes x viewports ΓÇ║ /admin/hiring/applications 
    [chromium] ΓÇ║ e2e\responsive.spec.mjs:19:5 ΓÇ║ admin routes x viewports ΓÇ║ /admin/hiring/vacancies ΓöÇ
    [chromium] ΓÇ║ e2e\responsive.spec.mjs:19:5 ΓÇ║ admin routes x viewports ΓÇ║ /admin/inventory ΓöÇΓöÇΓöÇΓöÇΓöÇΓöÇΓöÇΓöÇ
    [chromium] ΓÇ║ e2e\responsive.spec.mjs:19:5 ΓÇ║ admin routes x viewports ΓÇ║ /admin/inventory/history 
    [chromium] ΓÇ║ e2e\responsive.spec.mjs:19:5 ΓÇ║ admin routes x viewports ΓÇ║ /admin/marketing ΓöÇΓöÇΓöÇΓöÇΓöÇΓöÇΓöÇΓöÇ
    [chromium] ΓÇ║ e2e\responsive.spec.mjs:19:5 ΓÇ║ admin routes x viewports ΓÇ║ /admin/marketing/engagement 
    [chromium] ΓÇ║ e2e\responsive.spec.mjs:19:5 ΓÇ║ admin routes x viewports ΓÇ║ /admin/marketing/expenses 
    [chromium] ΓÇ║ e2e\responsive.spec.mjs:19:5 ΓÇ║ admin routes x viewports ΓÇ║ /admin/masters/currency ΓöÇ
    [chromium] ΓÇ║ e2e\responsive.spec.mjs:19:5 ΓÇ║ admin routes x viewports ΓÇ║ /admin/masters/geography 
    [chromium] ΓÇ║ e2e\responsive.spec.mjs:19:5 ΓÇ║ admin routes x viewports ΓÇ║ /admin/masters/reject-reasons 
    [chromium] ΓÇ║ e2e\responsive.spec.mjs:19:5 ΓÇ║ admin routes x viewports ΓÇ║ /admin/not-ported?link=x.php&name=X 
    [chromium] ΓÇ║ e2e\responsive.spec.mjs:19:5 ΓÇ║ admin routes x viewports ΓÇ║ /admin/operations ΓöÇΓöÇΓöÇΓöÇΓöÇΓöÇΓöÇ
    [chromium] ΓÇ║ e2e\responsive.spec.mjs:19:5 ΓÇ║ admin routes x viewports ΓÇ║ /admin/operations/escalations 
    [chromium] ΓÇ║ e2e\responsive.spec.mjs:19:5 ΓÇ║ admin routes x viewports ΓÇ║ /admin/operations/ndr ΓöÇΓöÇΓöÇ
    [chromium] ΓÇ║ e2e\responsive.spec.mjs:19:5 ΓÇ║ admin routes x viewports ΓÇ║ /admin/operations/recordings 
    [chromium] ΓÇ║ e2e\responsive.spec.mjs:19:5 ΓÇ║ admin routes x viewports ΓÇ║ /admin/operations/rules ΓöÇ
    [chromium] ΓÇ║ e2e\responsive.spec.mjs:19:5 ΓÇ║ admin routes x viewports ΓÇ║ /admin/operations/sla ΓöÇΓöÇΓöÇ
    [chromium] ΓÇ║ e2e\responsive.spec.mjs:19:5 ΓÇ║ admin routes x viewports ΓÇ║ /admin/operations/team ΓöÇΓöÇ
    [chromium] ΓÇ║ e2e\responsive.spec.mjs:19:5 ΓÇ║ admin routes x viewports ΓÇ║ /admin/operations/team/agents 
    [chromium] ΓÇ║ e2e\responsive.spec.mjs:19:5 ΓÇ║ admin routes x viewports ΓÇ║ /admin/operations/team/assignments 
    [chromium] ΓÇ║ e2e\responsive.spec.mjs:19:5 ΓÇ║ admin routes x viewports ΓÇ║ /admin/operations/team/overall 
    [chromium] ΓÇ║ e2e\responsive.spec.mjs:19:5 ΓÇ║ admin routes x viewports ΓÇ║ /admin/operations/team/setup 
    [chromium] ΓÇ║ e2e\responsive.spec.mjs:19:5 ΓÇ║ admin routes x viewports ΓÇ║ /admin/orders ΓöÇΓöÇΓöÇΓöÇΓöÇΓöÇΓöÇΓöÇΓöÇΓöÇΓöÇ
    [chromium] ΓÇ║ e2e\responsive.spec.mjs:19:5 ΓÇ║ admin routes x viewports ΓÇ║ /admin/orders/delivered ΓöÇ
    [chromium] ΓÇ║ e2e\responsive.spec.mjs:19:5 ΓÇ║ admin routes x viewports ΓÇ║ /admin/orders/insights ΓöÇΓöÇ
    [chromium] ΓÇ║ e2e\responsive.spec.mjs:19:5 ΓÇ║ admin routes x viewports ΓÇ║ /admin/orders/invoices ΓöÇΓöÇ
    [chromium] ΓÇ║ e2e\responsive.spec.mjs:19:5 ΓÇ║ admin routes x viewports ΓÇ║ /admin/orders/new ΓöÇΓöÇΓöÇΓöÇΓöÇΓöÇΓöÇ
    [chromium] ΓÇ║ e2e\responsive.spec.mjs:19:5 ΓÇ║ admin routes x viewports ΓÇ║ /admin/orders/report ΓöÇΓöÇΓöÇΓöÇ
    [chromium] ΓÇ║ e2e\responsive.spec.mjs:19:5 ΓÇ║ admin routes x viewports ΓÇ║ /admin/orders/sr-checkout 
    [chromium] ΓÇ║ e2e\responsive.spec.mjs:19:5 ΓÇ║ admin routes x viewports ΓÇ║ /admin/orders/transactions 
    [chromium] ΓÇ║ e2e\responsive.spec.mjs:19:5 ΓÇ║ admin routes x viewports ΓÇ║ /admin/orders/whatsapp ΓöÇΓöÇ
    [chromium] ΓÇ║ e2e\responsive.spec.mjs:19:5 ΓÇ║ admin routes x viewports ΓÇ║ /admin/payouts ΓöÇΓöÇΓöÇΓöÇΓöÇΓöÇΓöÇΓöÇΓöÇΓöÇ
    [chromium] ΓÇ║ e2e\responsive.spec.mjs:19:5 ΓÇ║ admin routes x viewports ΓÇ║ /admin/payouts/access ΓöÇΓöÇΓöÇ
    [chromium] ΓÇ║ e2e\responsive.spec.mjs:19:5 ΓÇ║ admin routes x viewports ΓÇ║ /admin/payouts/items ΓöÇΓöÇΓöÇΓöÇ
    [chromium] ΓÇ║ e2e\responsive.spec.mjs:19:5 ΓÇ║ admin routes x viewports ΓÇ║ /admin/payouts/legacy ΓöÇΓöÇΓöÇ
    [chromium] ΓÇ║ e2e\responsive.spec.mjs:19:5 ΓÇ║ admin routes x viewports ΓÇ║ /admin/pricing ΓöÇΓöÇΓöÇΓöÇΓöÇΓöÇΓöÇΓöÇΓöÇΓöÇ
    [chromium] ΓÇ║ e2e\responsive.spec.mjs:19:5 ΓÇ║ admin routes x viewports ΓÇ║ /admin/pricing/commission 
    [chromium] ΓÇ║ e2e\responsive.spec.mjs:19:5 ΓÇ║ admin routes x viewports ΓÇ║ /admin/pricing/cost-config 
    [chromium] ΓÇ║ e2e\responsive.spec.mjs:19:5 ΓÇ║ admin routes x viewports ΓÇ║ /admin/pricing/master-nrv 
    [chromium] ΓÇ║ e2e\responsive.spec.mjs:19:5 ΓÇ║ admin routes x viewports ΓÇ║ /admin/products ΓöÇΓöÇΓöÇΓöÇΓöÇΓöÇΓöÇΓöÇΓöÇ
    [chromium] ΓÇ║ e2e\responsive.spec.mjs:19:5 ΓÇ║ admin routes x viewports ΓÇ║ /admin/products/import ΓöÇΓöÇ
    [chromium] ΓÇ║ e2e\responsive.spec.mjs:19:5 ΓÇ║ admin routes x viewports ΓÇ║ /admin/products/new ΓöÇΓöÇΓöÇΓöÇΓöÇ
    [chromium] ΓÇ║ e2e\responsive.spec.mjs:19:5 ΓÇ║ admin routes x viewports ΓÇ║ /admin/products/pending ΓöÇ
    [chromium] ΓÇ║ e2e\responsive.spec.mjs:19:5 ΓÇ║ admin routes x viewports ΓÇ║ /admin/refunds ΓöÇΓöÇΓöÇΓöÇΓöÇΓöÇΓöÇΓöÇΓöÇΓöÇ
    [chromium] ΓÇ║ e2e\responsive.spec.mjs:19:5 ΓÇ║ admin routes x viewports ΓÇ║ /admin/reports ΓöÇΓöÇΓöÇΓöÇΓöÇΓöÇΓöÇΓöÇΓöÇΓöÇ
    [chromium] ΓÇ║ e2e\responsive.spec.mjs:19:5 ΓÇ║ admin routes x viewports ΓÇ║ /admin/returns ΓöÇΓöÇΓöÇΓöÇΓöÇΓöÇΓöÇΓöÇΓöÇΓöÇ
    [chromium] ΓÇ║ e2e\responsive.spec.mjs:19:5 ΓÇ║ admin routes x viewports ΓÇ║ /admin/returns/reasons ΓöÇΓöÇ
    [chromium] ΓÇ║ e2e\responsive.spec.mjs:19:5 ΓÇ║ admin routes x viewports ΓÇ║ /admin/roles ΓöÇΓöÇΓöÇΓöÇΓöÇΓöÇΓöÇΓöÇΓöÇΓöÇΓöÇΓöÇ
    [chromium] ΓÇ║ e2e\responsive.spec.mjs:19:5 ΓÇ║ admin routes x viewports ΓÇ║ /admin/roles/menus ΓöÇΓöÇΓöÇΓöÇΓöÇΓöÇ
    [chromium] ΓÇ║ e2e\responsive.spec.mjs:19:5 ΓÇ║ admin routes x viewports ΓÇ║ /admin/rto ΓöÇΓöÇΓöÇΓöÇΓöÇΓöÇΓöÇΓöÇΓöÇΓöÇΓöÇΓöÇΓöÇΓöÇ
    [chromium] ΓÇ║ e2e\responsive.spec.mjs:19:5 ΓÇ║ admin routes x viewports ΓÇ║ /admin/sales ΓöÇΓöÇΓöÇΓöÇΓöÇΓöÇΓöÇΓöÇΓöÇΓöÇΓöÇΓöÇ
    [chromium] ΓÇ║ e2e\responsive.spec.mjs:19:5 ΓÇ║ admin routes x viewports ΓÇ║ /admin/sales/achievements 
    [chromium] ΓÇ║ e2e\responsive.spec.mjs:19:5 ΓÇ║ admin routes x viewports ΓÇ║ /admin/sales/my-performance 
    [chromium] ΓÇ║ e2e\responsive.spec.mjs:19:5 ΓÇ║ admin routes x viewports ΓÇ║ /admin/sales/payouts ΓöÇΓöÇΓöÇΓöÇ
    [chromium] ΓÇ║ e2e\responsive.spec.mjs:19:5 ΓÇ║ admin routes x viewports ΓÇ║ /admin/sales/prepaid-incentive 
    [chromium] ΓÇ║ e2e\responsive.spec.mjs:19:5 ΓÇ║ admin routes x viewports ΓÇ║ /admin/sales/salary ΓöÇΓöÇΓöÇΓöÇΓöÇ
    [chromium] ΓÇ║ e2e\responsive.spec.mjs:19:5 ΓÇ║ admin routes x viewports ΓÇ║ /admin/sales/targets ΓöÇΓöÇΓöÇΓöÇ
    [chromium] ΓÇ║ e2e\responsive.spec.mjs:19:5 ΓÇ║ admin routes x viewports ΓÇ║ /admin/sales/team ΓöÇΓöÇΓöÇΓöÇΓöÇΓöÇΓöÇ
    [chromium] ΓÇ║ e2e\responsive.spec.mjs:19:5 ΓÇ║ admin routes x viewports ΓÇ║ /admin/sales/team-performance 
    [chromium] ΓÇ║ e2e\responsive.spec.mjs:19:5 ΓÇ║ admin routes x viewports ΓÇ║ /admin/settings ΓöÇΓöÇΓöÇΓöÇΓöÇΓöÇΓöÇΓöÇΓöÇ
    [chromium] ΓÇ║ e2e\responsive.spec.mjs:19:5 ΓÇ║ admin routes x viewports ΓÇ║ /admin/settings/email-templates 
    [chromium] ΓÇ║ e2e\responsive.spec.mjs:19:5 ΓÇ║ admin routes x viewports ΓÇ║ /admin/settings/integrations 
    [chromium] ΓÇ║ e2e\responsive.spec.mjs:19:5 ΓÇ║ admin routes x viewports ΓÇ║ /admin/settings/languages 
    [chromium] ΓÇ║ e2e\responsive.spec.mjs:19:5 ΓÇ║ admin routes x viewports ΓÇ║ /admin/settings/login-modal 
    [chromium] ΓÇ║ e2e\responsive.spec.mjs:19:5 ΓÇ║ admin routes x viewports ΓÇ║ /admin/settings/scripts ΓöÇ
    [chromium] ΓÇ║ e2e\responsive.spec.mjs:19:5 ΓÇ║ admin routes x viewports ΓÇ║ /admin/settings/sms ΓöÇΓöÇΓöÇΓöÇΓöÇ
    [chromium] ΓÇ║ e2e\responsive.spec.mjs:19:5 ΓÇ║ admin routes x viewports ΓÇ║ /admin/settings/smtp ΓöÇΓöÇΓöÇΓöÇ
    [chromium] ΓÇ║ e2e\responsive.spec.mjs:19:5 ΓÇ║ admin routes x viewports ΓÇ║ /admin/shipping ΓöÇΓöÇΓöÇΓöÇΓöÇΓöÇΓöÇΓöÇΓöÇ
    [chromium] ΓÇ║ e2e\responsive.spec.mjs:19:5 ΓÇ║ admin routes x viewports ΓÇ║ /admin/shipping/cod-rules 
    [chromium] ΓÇ║ e2e\responsive.spec.mjs:19:5 ΓÇ║ admin routes x viewports ΓÇ║ /admin/shipping/courier-slabs 
    [chromium] ΓÇ║ e2e\responsive.spec.mjs:19:5 ΓÇ║ admin routes x viewports ΓÇ║ /admin/shipping/delhivery 
    [chromium] ΓÇ║ e2e\responsive.spec.mjs:19:5 ΓÇ║ admin routes x viewports ΓÇ║ /admin/shipping/delhivery-serviceability 
    [chromium] ΓÇ║ e2e\responsive.spec.mjs:19:5 ΓÇ║ admin routes x viewports ΓÇ║ /admin/shipping/minimums 
    [chromium] ΓÇ║ e2e\responsive.spec.mjs:19:5 ΓÇ║ admin routes x viewports ΓÇ║ /admin/shipping/other-charges 
    [chromium] ΓÇ║ e2e\responsive.spec.mjs:19:5 ΓÇ║ admin routes x viewports ΓÇ║ /admin/shipping/package-boxes 
    [chromium] ΓÇ║ e2e\responsive.spec.mjs:19:5 ΓÇ║ admin routes x viewports ΓÇ║ /admin/shipping/pickup-addresses 
    [chromium] ΓÇ║ e2e\responsive.spec.mjs:19:5 ΓÇ║ admin routes x viewports ΓÇ║ /admin/shipping/pickup-requests 
    [chromium] ΓÇ║ e2e\responsive.spec.mjs:19:5 ΓÇ║ admin routes x viewports ΓÇ║ /admin/shipping/pincodes 
    [chromium] ΓÇ║ e2e\responsive.spec.mjs:19:5 ΓÇ║ admin routes x viewports ΓÇ║ /admin/shipping/slabs ΓöÇΓöÇΓöÇ
    [chromium] ΓÇ║ e2e\responsive.spec.mjs:19:5 ΓÇ║ admin routes x viewports ΓÇ║ /admin/shipping/weight-discrepancy 
    [chromium] ΓÇ║ e2e\responsive.spec.mjs:19:5 ΓÇ║ admin routes x viewports ΓÇ║ /admin/support ΓöÇΓöÇΓöÇΓöÇΓöÇΓöÇΓöÇΓöÇΓöÇΓöÇ
    [chromium] ΓÇ║ e2e\responsive.spec.mjs:19:5 ΓÇ║ admin routes x viewports ΓÇ║ /admin/support/chat-logs 
    [chromium] ΓÇ║ e2e\responsive.spec.mjs:19:5 ΓÇ║ admin routes x viewports ΓÇ║ /admin/support/requirements 
    [chromium] ΓÇ║ e2e\responsive.spec.mjs:19:5 ΓÇ║ admin routes x viewports ΓÇ║ /admin/support/sla ΓöÇΓöÇΓöÇΓöÇΓöÇΓöÇ
    [chromium] ΓÇ║ e2e\responsive.spec.mjs:19:5 ΓÇ║ admin routes x viewports ΓÇ║ /admin/users ΓöÇΓöÇΓöÇΓöÇΓöÇΓöÇΓöÇΓöÇΓöÇΓöÇΓöÇΓöÇ
    [chromium] ΓÇ║ e2e\responsive.spec.mjs:19:5 ΓÇ║ admin routes x viewports ΓÇ║ /admin/users/new ΓöÇΓöÇΓöÇΓöÇΓöÇΓöÇΓöÇΓöÇ
    [chromium] ΓÇ║ e2e\responsive.spec.mjs:19:5 ΓÇ║ admin routes x viewports ΓÇ║ /admin/vendors ΓöÇΓöÇΓöÇΓöÇΓöÇΓöÇΓöÇΓöÇΓöÇΓöÇ
    [chromium] ΓÇ║ e2e\responsive.spec.mjs:19:5 ΓÇ║ admin routes x viewports ΓÇ║ /admin/vendors/new ΓöÇΓöÇΓöÇΓöÇΓöÇΓöÇ
    [chromium] ΓÇ║ e2e\responsive.spec.mjs:19:5 ΓÇ║ admin routes x viewports ΓÇ║ /admin/vendors/reports ΓöÇΓöÇ
    [chromium] ΓÇ║ e2e\responsive.spec.mjs:19:5 ΓÇ║ admin routes x viewports ΓÇ║ /admin/vendors/scores ΓöÇΓöÇΓöÇ
    [chromium] ΓÇ║ e2e\responsive.spec.mjs:19:5 ΓÇ║ admin routes x viewports ΓÇ║ /admin/vendors/verification 
    [chromium] ΓÇ║ e2e\responsive.spec.mjs:25:5 ΓÇ║ admin routes x viewports ΓÇ║ /admin/orders/[id] ΓöÇΓöÇΓöÇΓöÇΓöÇΓöÇ
    [chromium] ΓÇ║ e2e\responsive.spec.mjs:25:5 ΓÇ║ admin routes x viewports ΓÇ║ /admin/products/[id] ΓöÇΓöÇΓöÇΓöÇ
    [chromium] ΓÇ║ e2e\responsive.spec.mjs:25:5 ΓÇ║ admin routes x viewports ΓÇ║ /admin/vendors/[id] ΓöÇΓöÇΓöÇΓöÇΓöÇ
    [chromium] ΓÇ║ e2e\responsive.spec.mjs:25:5 ΓÇ║ admin routes x viewports ΓÇ║ /admin/vendors/[id]/bank 
    [chromium] ΓÇ║ e2e\responsive.spec.mjs:25:5 ΓÇ║ admin routes x viewports ΓÇ║ /admin/customers/[id] ΓöÇΓöÇΓöÇ
    [chromium] ΓÇ║ e2e\responsive.spec.mjs:25:5 ΓÇ║ admin routes x viewports ΓÇ║ /admin/returns/[id] ΓöÇΓöÇΓöÇΓöÇΓöÇ
    [chromium] ΓÇ║ e2e\responsive.spec.mjs:25:5 ΓÇ║ admin routes x viewports ΓÇ║ /admin/payouts/[id] ΓöÇΓöÇΓöÇΓöÇΓöÇ
    [chromium] ΓÇ║ e2e\responsive.spec.mjs:25:5 ΓÇ║ admin routes x viewports ΓÇ║ /admin/support/[id] ΓöÇΓöÇΓöÇΓöÇΓöÇ
    [chromium] ΓÇ║ e2e\responsive.spec.mjs:25:5 ΓÇ║ admin routes x viewports ΓÇ║ /admin/crm/leads/[id] ΓöÇΓöÇΓöÇ
    [chromium] ΓÇ║ e2e\responsive.spec.mjs:25:5 ΓÇ║ admin routes x viewports ΓÇ║ /admin/b2b/buyers/[id] ΓöÇΓöÇ
    [chromium] ΓÇ║ e2e\responsive.spec.mjs:25:5 ΓÇ║ admin routes x viewports ΓÇ║ /admin/b2b/orders/[id] ΓöÇΓöÇ
    [chromium] ΓÇ║ e2e\responsive.spec.mjs:25:5 ΓÇ║ admin routes x viewports ΓÇ║ /admin/roles/[id] ΓöÇΓöÇΓöÇΓöÇΓöÇΓöÇΓöÇ
    [chromium] ΓÇ║ e2e\responsive.spec.mjs:25:5 ΓÇ║ admin routes x viewports ΓÇ║ /admin/catalog/feature-categories/[id] 
    [chromium] ΓÇ║ e2e\shell.spec.mjs:9:3 ΓÇ║ admin shell ΓÇ║ every sidebar link is covered by the route matrix 
    [chromium] ΓÇ║ e2e\shell.spec.mjs:40:7 ΓÇ║ admin shell ΓÇ║ sidebar on /admin/dashboard @1600px ΓöÇΓöÇΓöÇΓöÇΓöÇΓöÇΓöÇ
    [chromium] ΓÇ║ e2e\shell.spec.mjs:40:7 ΓÇ║ admin shell ΓÇ║ sidebar on /admin/dashboard @1200px ΓöÇΓöÇΓöÇΓöÇΓöÇΓöÇΓöÇ
    [chromium] ΓÇ║ e2e\shell.spec.mjs:40:7 ΓÇ║ admin shell ΓÇ║ sidebar on /admin/dashboard @768px ΓöÇΓöÇΓöÇΓöÇΓöÇΓöÇΓöÇΓöÇ
    [chromium] ΓÇ║ e2e\shell.spec.mjs:40:7 ΓÇ║ admin shell ΓÇ║ drawer on /admin/dashboard @480px ΓöÇΓöÇΓöÇΓöÇΓöÇΓöÇΓöÇΓöÇΓöÇ
    [chromium] ΓÇ║ e2e\shell.spec.mjs:40:7 ΓÇ║ admin shell ΓÇ║ drawer on /admin/dashboard @375px ΓöÇΓöÇΓöÇΓöÇΓöÇΓöÇΓöÇΓöÇΓöÇ
    [chromium] ΓÇ║ e2e\shell.spec.mjs:40:7 ΓÇ║ admin shell ΓÇ║ sidebar on /admin/orders @1600px ΓöÇΓöÇΓöÇΓöÇΓöÇΓöÇΓöÇΓöÇΓöÇΓöÇ
    [chromium] ΓÇ║ e2e\shell.spec.mjs:40:7 ΓÇ║ admin shell ΓÇ║ sidebar on /admin/orders @1200px ΓöÇΓöÇΓöÇΓöÇΓöÇΓöÇΓöÇΓöÇΓöÇΓöÇ
    [chromium] ΓÇ║ e2e\shell.spec.mjs:40:7 ΓÇ║ admin shell ΓÇ║ sidebar on /admin/orders @768px ΓöÇΓöÇΓöÇΓöÇΓöÇΓöÇΓöÇΓöÇΓöÇΓöÇΓöÇ
    [chromium] ΓÇ║ e2e\shell.spec.mjs:40:7 ΓÇ║ admin shell ΓÇ║ drawer on /admin/orders @480px ΓöÇΓöÇΓöÇΓöÇΓöÇΓöÇΓöÇΓöÇΓöÇΓöÇΓöÇΓöÇ
    [chromium] ΓÇ║ e2e\shell.spec.mjs:40:7 ΓÇ║ admin shell ΓÇ║ drawer on /admin/orders @375px ΓöÇΓöÇΓöÇΓöÇΓöÇΓöÇΓöÇΓöÇΓöÇΓöÇΓöÇΓöÇ
    [chromium] ΓÇ║ e2e\shell.spec.mjs:71:3 ΓÇ║ logged out ΓÇ║ panel redirects to login ΓöÇΓöÇΓöÇΓöÇΓöÇΓöÇΓöÇΓöÇΓöÇΓöÇΓöÇΓöÇΓöÇΓöÇΓöÇΓöÇΓöÇΓöÇΓöÇ
    [chromium] ΓÇ║ e2e\shell.spec.mjs:76:3 ΓÇ║ logged out ΓÇ║ login page renders at every viewport ΓöÇΓöÇΓöÇΓöÇΓöÇΓöÇΓöÇ
  3 passed (8.2m)

Route matrix: 193 routes tested, 0 skipped
   375px  pass 3  fail 190
   480px  pass 3  fail 190
   768px  pass 3  fail 190
  1200px  pass 3  fail 190
  1600px  pass 3  fail 190
Details: test-results\matrix-summary.json

